nohup: ignoring input
[Generate] output_dir=brushstroke_janus/eval_results/emoart_janus_itfi_layer21_22_23_top100_lam1p0_resumable
[Generate] mode=amplify layers=21,22,23 top_k=100 lambda=1.0 seed=42 max_samples=1660
Special tokens have been added in the vocabulary, make sure the associated word embeddings are fine-tuned or trained.
/root/miniconda3/lib/python3.10/site-packages/torch/_utils.py:831: UserWarning: TypedStorage is deprecated. It will be removed in the future and UntypedStorage will be the only storage class. This should only matter to you if you are using storages directly.  To access UntypedStorage directly, use tensor.untyped_storage() instead of tensor.storage()
  return self.fget.__get__(instance, owner)()
Python version is above 3.10, patching the collections module.
  Layer 21: selected 100 neurons (from 100 valid candidates)
  Layer 22: selected 100 neurons (from 100 valid candidates)
  Layer 23: selected 100 neurons (from 100 valid candidates)

============================================================
[Janus T2I] Start full EmoArt validation evaluation
============================================================
[Data] Source rows: 1660
[Data] Samples selected: 1660
[Range] start_index=0, end_index=None
[Mode] amplify
[Output] Result dir: /root/autodl-tmp/Show-o/janus-pro-1B/Janus/brushstroke_janus/eval_results/emoart_janus_itfi_layer21_22_23_top100_lam1p0_resumable
[ITFI] neurons_file: /root/autodl-tmp/Show-o/janus-pro-1B/Janus/brushstroke_janus/outputs_full/neuron_probe/brushstroke_neurons.json
[ITFI] selected_layers: [21, 22, 23]
[ITFI] top_k_per_layer: 100
[ITFI] active_range: all
[ITFI] amplify_lambda: 1.0
[Resume] skip_existing: True
[Resume] Loaded existing results: 1000
[1001/1660] idx=1000 :: Neo-Impressionism
[1002/1660] idx=1001 :: Neo-Impressionism
[1003/1660] idx=1002 :: Neo-Impressionism
[1004/1660] idx=1003 :: Neo-Impressionism
[1005/1660] idx=1004 :: Neo-Impressionism
[1006/1660] idx=1005 :: Neo-Impressionism
[1007/1660] idx=1006 :: Neo-Impressionism
[1008/1660] idx=1007 :: Neo-Impressionism
[1009/1660] idx=1008 :: Neo-Impressionism
[1010/1660] idx=1009 :: Neo-Impressionism
[1011/1660] idx=1010 :: Neo-Impressionism
[1012/1660] idx=1011 :: Neo-Impressionism
[1013/1660] idx=1012 :: Neo-Impressionism
[1014/1660] idx=1013 :: Neo-Impressionism
[1015/1660] idx=1014 :: Neo-Impressionism
[1016/1660] idx=1015 :: Neo-Impressionism
[1017/1660] idx=1016 :: Neo-Impressionism
[1018/1660] idx=1017 :: Neo-Impressionism
[1019/1660] idx=1018 :: Neo-Impressionism
[1020/1660] idx=1019 :: Neo-Impressionism
[1021/1660] idx=1020 :: Neo-Impressionism
[1022/1660] idx=1021 :: Neo-Impressionism
[1023/1660] idx=1022 :: Neo-Impressionism
[1024/1660] idx=1023 :: Neo-Impressionism
[1025/1660] idx=1024 :: Neo-Impressionism
[1026/1660] idx=1025 :: Neo-Impressionism
[1027/1660] idx=1026 :: Neo-Impressionism
[1028/1660] idx=1027 :: Neo-Impressionism
[1029/1660] idx=1028 :: Neo-Impressionism
[1030/1660] idx=1029 :: Neo-Impressionism
[1031/1660] idx=1030 :: Neo-Pop Art
[1032/1660] idx=1031 :: Neo-Pop Art
[1033/1660] idx=1032 :: Neo-Pop Art
[1034/1660] idx=1033 :: Neo-Pop Art
[1035/1660] idx=1034 :: Neo-Pop Art
[1036/1660] idx=1035 :: Neo-Pop Art
[1037/1660] idx=1036 :: Neo-Pop Art
[1038/1660] idx=1037 :: Neo-Pop Art
[1039/1660] idx=1038 :: Neo-Pop Art
[1040/1660] idx=1039 :: Neo-Pop Art
[1041/1660] idx=1040 :: Neo-Pop Art
[1042/1660] idx=1041 :: Neo-Pop Art
[1043/1660] idx=1042 :: Neo-Pop Art
[1044/1660] idx=1043 :: Neo-Pop Art
[1045/1660] idx=1044 :: Neo-Pop Art
[1046/1660] idx=1045 :: Neo-Pop Art
[1047/1660] idx=1046 :: Neo-Pop Art
[1048/1660] idx=1047 :: Neo-Pop Art
[1049/1660] idx=1048 :: Neo-Pop Art
[1050/1660] idx=1049 :: Neo-Pop Art
[1051/1660] idx=1050 :: Neo-Pop Art
[1052/1660] idx=1051 :: Neo-Pop Art
[1053/1660] idx=1052 :: Neo-Pop Art
[1054/1660] idx=1053 :: Neo-Pop Art
[1055/1660] idx=1054 :: Neo-Pop Art
[1056/1660] idx=1055 :: Neo-Pop Art
[1057/1660] idx=1056 :: Neo-Pop Art
[1058/1660] idx=1057 :: Neo-Pop Art
[1059/1660] idx=1058 :: Neo-Pop Art
[1060/1660] idx=1059 :: Neo-Pop Art
[1061/1660] idx=1060 :: Neo-Romanticism
[1062/1660] idx=1061 :: Neo-Romanticism
[1063/1660] idx=1062 :: Neo-Romanticism
[1064/1660] idx=1063 :: Neo-Romanticism
[1065/1660] idx=1064 :: Neo-Romanticism
[1066/1660] idx=1065 :: Neo-Romanticism
[1067/1660] idx=1066 :: Neo-Romanticism
[1068/1660] idx=1067 :: Neo-Romanticism
[1069/1660] idx=1068 :: Neo-Romanticism
[1070/1660] idx=1069 :: Neo-Romanticism
[1071/1660] idx=1070 :: Neo-Romanticism
[1072/1660] idx=1071 :: Neo-Romanticism
[1073/1660] idx=1072 :: Neo-Romanticism
[1074/1660] idx=1073 :: Neo-Romanticism
[1075/1660] idx=1074 :: Neo-Romanticism
[1076/1660] idx=1075 :: Neo-Romanticism
[1077/1660] idx=1076 :: Neo-Romanticism
[1078/1660] idx=1077 :: Neo-Romanticism
[1079/1660] idx=1078 :: Neo-Romanticism
[1080/1660] idx=1079 :: Neo-Romanticism
[1081/1660] idx=1080 :: Neo-Romanticism
[1082/1660] idx=1081 :: Neo-Romanticism
[1083/1660] idx=1082 :: Neo-Romanticism
[1084/1660] idx=1083 :: Neo-Romanticism
[1085/1660] idx=1084 :: Neo-Romanticism
[1086/1660] idx=1085 :: Neo-Romanticism
[1087/1660] idx=1086 :: Neo-Romanticism
[1088/1660] idx=1087 :: Neo-Romanticism
[1089/1660] idx=1088 :: Neo-Romanticism
[1090/1660] idx=1089 :: Neo-Romanticism
[1091/1660] idx=1090 :: New Realism
[1092/1660] idx=1091 :: New Realism
[1093/1660] idx=1092 :: New Realism
[1094/1660] idx=1093 :: New Realism
[1095/1660] idx=1094 :: New Realism
[1096/1660] idx=1095 :: New Realism
[1097/1660] idx=1096 :: New Realism
[1098/1660] idx=1097 :: New Realism
[1099/1660] idx=1098 :: New Realism
[1100/1660] idx=1099 :: New Realism
[1101/1660] idx=1100 :: New Realism
[1102/1660] idx=1101 :: New Realism
[1103/1660] idx=1102 :: New Realism
[1104/1660] idx=1103 :: New Realism
[1105/1660] idx=1104 :: New Realism
[1106/1660] idx=1105 :: New Realism
[1107/1660] idx=1106 :: New Realism
[1108/1660] idx=1107 :: New Realism
[1109/1660] idx=1108 :: New Realism
[1110/1660] idx=1109 :: New Realism
[1111/1660] idx=1110 :: New Realism
[1112/1660] idx=1111 :: New Realism
[1113/1660] idx=1112 :: New Realism
[1114/1660] idx=1113 :: New Realism
[1115/1660] idx=1114 :: New Realism
[1116/1660] idx=1115 :: New Realism
[1117/1660] idx=1116 :: New Realism
[1118/1660] idx=1117 :: New Realism
[1119/1660] idx=1118 :: New Realism
[1120/1660] idx=1119 :: New Realism
[1121/1660] idx=1120 :: Op Art
[1122/1660] idx=1121 :: Op Art
[1123/1660] idx=1122 :: Op Art
[1124/1660] idx=1123 :: Op Art
[1125/1660] idx=1124 :: Op Art
[1126/1660] idx=1125 :: Op Art
[1127/1660] idx=1126 :: Op Art
[1128/1660] idx=1127 :: Op Art
[1129/1660] idx=1128 :: Op Art
[1130/1660] idx=1129 :: Op Art
[1131/1660] idx=1130 :: Op Art
[1132/1660] idx=1131 :: Op Art
[1133/1660] idx=1132 :: Op Art
[1134/1660] idx=1133 :: Op Art
[1135/1660] idx=1134 :: Op Art
[1136/1660] idx=1135 :: Op Art
[1137/1660] idx=1136 :: Op Art
[1138/1660] idx=1137 :: Op Art
[1139/1660] idx=1138 :: Op Art
[1140/1660] idx=1139 :: Op Art
[1141/1660] idx=1140 :: Op Art
[1142/1660] idx=1141 :: Op Art
[1143/1660] idx=1142 :: Op Art
[1144/1660] idx=1143 :: Op Art
[1145/1660] idx=1144 :: Op Art
[1146/1660] idx=1145 :: Op Art
[1147/1660] idx=1146 :: Op Art
[1148/1660] idx=1147 :: Op Art
[1149/1660] idx=1148 :: Op Art
[1150/1660] idx=1149 :: Op Art
[1151/1660] idx=1150 :: Orientalism
[1152/1660] idx=1151 :: Orientalism
[1153/1660] idx=1152 :: Orientalism
[1154/1660] idx=1153 :: Orientalism
[1155/1660] idx=1154 :: Orientalism
[1156/1660] idx=1155 :: Orientalism
[1157/1660] idx=1156 :: Orientalism
[1158/1660] idx=1157 :: Orientalism
[1159/1660] idx=1158 :: Orientalism
[1160/1660] idx=1159 :: Orientalism
[1161/1660] idx=1160 :: Orientalism
[1162/1660] idx=1161 :: Orientalism
[1163/1660] idx=1162 :: Orientalism
[1164/1660] idx=1163 :: Orientalism
[1165/1660] idx=1164 :: Orientalism
[1166/1660] idx=1165 :: Orientalism
[1167/1660] idx=1166 :: Orientalism
[1168/1660] idx=1167 :: Orientalism
[1169/1660] idx=1168 :: Orientalism
[1170/1660] idx=1169 :: Orientalism
[1171/1660] idx=1170 :: Orientalism
[1172/1660] idx=1171 :: Orientalism
[1173/1660] idx=1172 :: Orientalism
[1174/1660] idx=1173 :: Orientalism
[1175/1660] idx=1174 :: Orientalism
[1176/1660] idx=1175 :: Orientalism
[1177/1660] idx=1176 :: Orientalism
[1178/1660] idx=1177 :: Orientalism
[1179/1660] idx=1178 :: Orientalism
[1180/1660] idx=1179 :: Orientalism
[1181/1660] idx=1180 :: Pointillism
[1182/1660] idx=1181 :: Pointillism
[1183/1660] idx=1182 :: Pointillism
[1184/1660] idx=1183 :: Pointillism
[1185/1660] idx=1184 :: Pointillism
[1186/1660] idx=1185 :: Pointillism
[1187/1660] idx=1186 :: Pointillism
[1188/1660] idx=1187 :: Pointillism
[1189/1660] idx=1188 :: Pointillism
[1190/1660] idx=1189 :: Pointillism
[1191/1660] idx=1190 :: Pointillism
[1192/1660] idx=1191 :: Pointillism
[1193/1660] idx=1192 :: Pointillism
[1194/1660] idx=1193 :: Pointillism
[1195/1660] idx=1194 :: Pointillism
[1196/1660] idx=1195 :: Pointillism
[1197/1660] idx=1196 :: Pointillism
[1198/1660] idx=1197 :: Pointillism
[1199/1660] idx=1198 :: Pointillism
[1200/1660] idx=1199 :: Pointillism
[1201/1660] idx=1200 :: Pointillism
[1202/1660] idx=1201 :: Pointillism
[1203/1660] idx=1202 :: Pointillism
[1204/1660] idx=1203 :: Pointillism
[1205/1660] idx=1204 :: Pointillism
[1206/1660] idx=1205 :: Pointillism
[1207/1660] idx=1206 :: Pointillism
[1208/1660] idx=1207 :: Pointillism
[1209/1660] idx=1208 :: Pointillism
[1210/1660] idx=1209 :: Pointillism
[1211/1660] idx=1210 :: Pop Art
[1212/1660] idx=1211 :: Pop Art
[1213/1660] idx=1212 :: Pop Art
[1214/1660] idx=1213 :: Pop Art
[1215/1660] idx=1214 :: Pop Art
[1216/1660] idx=1215 :: Pop Art
[1217/1660] idx=1216 :: Pop Art
[1218/1660] idx=1217 :: Pop Art
[1219/1660] idx=1218 :: Pop Art
[1220/1660] idx=1219 :: Pop Art
[1221/1660] idx=1220 :: Pop Art
[1222/1660] idx=1221 :: Pop Art
[1223/1660] idx=1222 :: Pop Art
[1224/1660] idx=1223 :: Pop Art
[1225/1660] idx=1224 :: Pop Art
[1226/1660] idx=1225 :: Pop Art
[1227/1660] idx=1226 :: Pop Art
[1228/1660] idx=1227 :: Pop Art
[1229/1660] idx=1228 :: Pop Art
[1230/1660] idx=1229 :: Pop Art
[1231/1660] idx=1230 :: Pop Art
[1232/1660] idx=1231 :: Pop Art
[1233/1660] idx=1232 :: Pop Art
[1234/1660] idx=1233 :: Pop Art
[1235/1660] idx=1234 :: Pop Art
[1236/1660] idx=1235 :: Pop Art
[1237/1660] idx=1236 :: Pop Art
[1238/1660] idx=1237 :: Pop Art
[1239/1660] idx=1238 :: Pop Art
[1240/1660] idx=1239 :: Pop Art
[1241/1660] idx=1240 :: Post-Impressionism
[1242/1660] idx=1241 :: Post-Impressionism
[1243/1660] idx=1242 :: Post-Impressionism
[1244/1660] idx=1243 :: Post-Impressionism
[1245/1660] idx=1244 :: Post-Impressionism
[1246/1660] idx=1245 :: Post-Impressionism
[1247/1660] idx=1246 :: Post-Impressionism
[1248/1660] idx=1247 :: Post-Impressionism
[1249/1660] idx=1248 :: Post-Impressionism
[1250/1660] idx=1249 :: Post-Impressionism
[1251/1660] idx=1250 :: Post-Impressionism
[1252/1660] idx=1251 :: Post-Impressionism
[1253/1660] idx=1252 :: Post-Impressionism
[1254/1660] idx=1253 :: Post-Impressionism
[1255/1660] idx=1254 :: Post-Impressionism
[1256/1660] idx=1255 :: Post-Impressionism
[1257/1660] idx=1256 :: Post-Impressionism
[1258/1660] idx=1257 :: Post-Impressionism
[1259/1660] idx=1258 :: Post-Impressionism
[1260/1660] idx=1259 :: Post-Impressionism
[1261/1660] idx=1260 :: Post-Impressionism
[1262/1660] idx=1261 :: Post-Impressionism
[1263/1660] idx=1262 :: Post-Impressionism
[1264/1660] idx=1263 :: Post-Impressionism
[1265/1660] idx=1264 :: Post-Impressionism
[1266/1660] idx=1265 :: Post-Impressionism
[1267/1660] idx=1266 :: Post-Impressionism
[1268/1660] idx=1267 :: Post-Impressionism
[1269/1660] idx=1268 :: Post-Impressionism
[1270/1660] idx=1269 :: Post-Impressionism
[1271/1660] idx=1270 :: Realism
[1272/1660] idx=1271 :: Realism
[1273/1660] idx=1272 :: Realism
[1274/1660] idx=1273 :: Realism
[1275/1660] idx=1274 :: Realism
[1276/1660] idx=1275 :: Realism
[1277/1660] idx=1276 :: Realism
[1278/1660] idx=1277 :: Realism
[1279/1660] idx=1278 :: Realism
[1280/1660] idx=1279 :: Realism
[1281/1660] idx=1280 :: Realism
[1282/1660] idx=1281 :: Realism
[1283/1660] idx=1282 :: Realism
[1284/1660] idx=1283 :: Realism
[1285/1660] idx=1284 :: Realism
[1286/1660] idx=1285 :: Realism
[1287/1660] idx=1286 :: Realism
[1288/1660] idx=1287 :: Realism
[1289/1660] idx=1288 :: Realism
[1290/1660] idx=1289 :: Realism
[1291/1660] idx=1290 :: Realism
[1292/1660] idx=1291 :: Realism
[1293/1660] idx=1292 :: Realism
[1294/1660] idx=1293 :: Realism
[1295/1660] idx=1294 :: Realism
[1296/1660] idx=1295 :: Realism
[1297/1660] idx=1296 :: Realism
[1298/1660] idx=1297 :: Realism
[1299/1660] idx=1298 :: Realism
[1300/1660] idx=1299 :: Realism
[1301/1660] idx=1300 :: Regionalism
[1302/1660] idx=1301 :: Regionalism
[1303/1660] idx=1302 :: Regionalism
[1304/1660] idx=1303 :: Regionalism
[1305/1660] idx=1304 :: Regionalism
[1306/1660] idx=1305 :: Regionalism
[1307/1660] idx=1306 :: Regionalism
[1308/1660] idx=1307 :: Regionalism
[1309/1660] idx=1308 :: Regionalism
[1310/1660] idx=1309 :: Regionalism
[1311/1660] idx=1310 :: Regionalism
[1312/1660] idx=1311 :: Regionalism
[1313/1660] idx=1312 :: Regionalism
[1314/1660] idx=1313 :: Regionalism
[1315/1660] idx=1314 :: Regionalism
[1316/1660] idx=1315 :: Regionalism
[1317/1660] idx=1316 :: Regionalism
[1318/1660] idx=1317 :: Regionalism
[1319/1660] idx=1318 :: Regionalism
[1320/1660] idx=1319 :: Regionalism
[1321/1660] idx=1320 :: Regionalism
[1322/1660] idx=1321 :: Regionalism
[1323/1660] idx=1322 :: Regionalism
[1324/1660] idx=1323 :: Regionalism
[1325/1660] idx=1324 :: Regionalism
[1326/1660] idx=1325 :: Regionalism
[1327/1660] idx=1326 :: Regionalism
[1328/1660] idx=1327 :: Regionalism
[1329/1660] idx=1328 :: Regionalism
[1330/1660] idx=1329 :: Regionalism
[1331/1660] idx=1330 :: Rococo
[1332/1660] idx=1331 :: Rococo
[1333/1660] idx=1332 :: Rococo
[1334/1660] idx=1333 :: Rococo
[1335/1660] idx=1334 :: Rococo
[1336/1660] idx=1335 :: Rococo
[1337/1660] idx=1336 :: Rococo
[1338/1660] idx=1337 :: Rococo
[1339/1660] idx=1338 :: Rococo
[1340/1660] idx=1339 :: Rococo
[1341/1660] idx=1340 :: Rococo
[1342/1660] idx=1341 :: Rococo
[1343/1660] idx=1342 :: Rococo
[1344/1660] idx=1343 :: Rococo
[1345/1660] idx=1344 :: Rococo
[1346/1660] idx=1345 :: Rococo
[1347/1660] idx=1346 :: Rococo
[1348/1660] idx=1347 :: Rococo
[1349/1660] idx=1348 :: Rococo
[1350/1660] idx=1349 :: Rococo
[1351/1660] idx=1350 :: Rococo
[1352/1660] idx=1351 :: Rococo
[1353/1660] idx=1352 :: Rococo
[1354/1660] idx=1353 :: Rococo
[1355/1660] idx=1354 :: Rococo
[1356/1660] idx=1355 :: Rococo
[1357/1660] idx=1356 :: Rococo
[1358/1660] idx=1357 :: Rococo
[1359/1660] idx=1358 :: Rococo
[1360/1660] idx=1359 :: Rococo
[1361/1660] idx=1360 :: Romanticism
[1362/1660] idx=1361 :: Romanticism
[1363/1660] idx=1362 :: Romanticism
[1364/1660] idx=1363 :: Romanticism
[1365/1660] idx=1364 :: Romanticism
[1366/1660] idx=1365 :: Romanticism
[1367/1660] idx=1366 :: Romanticism
[1368/1660] idx=1367 :: Romanticism
[1369/1660] idx=1368 :: Romanticism
[1370/1660] idx=1369 :: Romanticism
[1371/1660] idx=1370 :: Romanticism
[1372/1660] idx=1371 :: Romanticism
[1373/1660] idx=1372 :: Romanticism
[1374/1660] idx=1373 :: Romanticism
[1375/1660] idx=1374 :: Romanticism
[1376/1660] idx=1375 :: Romanticism
[1377/1660] idx=1376 :: Romanticism
[1378/1660] idx=1377 :: Romanticism
[1379/1660] idx=1378 :: Romanticism
[1380/1660] idx=1379 :: Romanticism
[1381/1660] idx=1380 :: Romanticism
[1382/1660] idx=1381 :: Romanticism
[1383/1660] idx=1382 :: Romanticism
[1384/1660] idx=1383 :: Romanticism
[1385/1660] idx=1384 :: Romanticism
[1386/1660] idx=1385 :: Romanticism
[1387/1660] idx=1386 :: Romanticism
[1388/1660] idx=1387 :: Romanticism
[1389/1660] idx=1388 :: Romanticism
[1390/1660] idx=1389 :: Romanticism
[1391/1660] idx=1390 :: Shin-hanga
[1392/1660] idx=1391 :: Shin-hanga
[1393/1660] idx=1392 :: Shin-hanga
[1394/1660] idx=1393 :: Shin-hanga
[1395/1660] idx=1394 :: Shin-hanga
[1396/1660] idx=1395 :: Shin-hanga
[1397/1660] idx=1396 :: Shin-hanga
[1398/1660] idx=1397 :: Shin-hanga
[1399/1660] idx=1398 :: Shin-hanga
[1400/1660] idx=1399 :: Shin-hanga
[1401/1660] idx=1400 :: Shin-hanga
[1402/1660] idx=1401 :: Shin-hanga
[1403/1660] idx=1402 :: Shin-hanga
[1404/1660] idx=1403 :: Shin-hanga
[1405/1660] idx=1404 :: Shin-hanga
[1406/1660] idx=1405 :: Shin-hanga
[1407/1660] idx=1406 :: Shin-hanga
[1408/1660] idx=1407 :: Shin-hanga
[1409/1660] idx=1408 :: Shin-hanga
[1410/1660] idx=1409 :: Shin-hanga
[1411/1660] idx=1410 :: Shin-hanga
[1412/1660] idx=1411 :: Shin-hanga
[1413/1660] idx=1412 :: Shin-hanga
[1414/1660] idx=1413 :: Shin-hanga
[1415/1660] idx=1414 :: Shin-hanga
[1416/1660] idx=1415 :: Shin-hanga
[1417/1660] idx=1416 :: Shin-hanga
[1418/1660] idx=1417 :: Shin-hanga
[1419/1660] idx=1418 :: Shin-hanga
[1420/1660] idx=1419 :: Shin-hanga
[1421/1660] idx=1420 :: Social Realism
[1422/1660] idx=1421 :: Social Realism
[1423/1660] idx=1422 :: Social Realism
[1424/1660] idx=1423 :: Social Realism
[1425/1660] idx=1424 :: Social Realism
[1426/1660] idx=1425 :: Social Realism
[1427/1660] idx=1426 :: Social Realism
[1428/1660] idx=1427 :: Social Realism
[1429/1660] idx=1428 :: Social Realism
[1430/1660] idx=1429 :: Social Realism
[1431/1660] idx=1430 :: Social Realism
[1432/1660] idx=1431 :: Social Realism
[1433/1660] idx=1432 :: Social Realism
[1434/1660] idx=1433 :: Social Realism
[1435/1660] idx=1434 :: Social Realism
[1436/1660] idx=1435 :: Social Realism
[1437/1660] idx=1436 :: Social Realism
[1438/1660] idx=1437 :: Social Realism
[1439/1660] idx=1438 :: Social Realism
[1440/1660] idx=1439 :: Social Realism
[1441/1660] idx=1440 :: Social Realism
[1442/1660] idx=1441 :: Social Realism
[1443/1660] idx=1442 :: Social Realism
[1444/1660] idx=1443 :: Social Realism
[1445/1660] idx=1444 :: Social Realism
[1446/1660] idx=1445 :: Social Realism
[1447/1660] idx=1446 :: Social Realism
[1448/1660] idx=1447 :: Social Realism
[1449/1660] idx=1448 :: Social Realism
[1450/1660] idx=1449 :: Social Realism
[1451/1660] idx=1450 :: Socialist Realism
[1452/1660] idx=1451 :: Socialist Realism
[1453/1660] idx=1452 :: Socialist Realism
[1454/1660] idx=1453 :: Socialist Realism
[1455/1660] idx=1454 :: Socialist Realism
[1456/1660] idx=1455 :: Socialist Realism
[1457/1660] idx=1456 :: Socialist Realism
[1458/1660] idx=1457 :: Socialist Realism
[1459/1660] idx=1458 :: Socialist Realism
[1460/1660] idx=1459 :: Socialist Realism
[1461/1660] idx=1460 :: Socialist Realism
[1462/1660] idx=1461 :: Socialist Realism
[1463/1660] idx=1462 :: Socialist Realism
[1464/1660] idx=1463 :: Socialist Realism
[1465/1660] idx=1464 :: Socialist Realism
[1466/1660] idx=1465 :: Socialist Realism
[1467/1660] idx=1466 :: Socialist Realism
[1468/1660] idx=1467 :: Socialist Realism
[1469/1660] idx=1468 :: Socialist Realism
[1470/1660] idx=1469 :: Socialist Realism
[1471/1660] idx=1470 :: Socialist Realism
[1472/1660] idx=1471 :: Socialist Realism
[1473/1660] idx=1472 :: Socialist Realism
[1474/1660] idx=1473 :: Socialist Realism
[1475/1660] idx=1474 :: Socialist Realism
[1476/1660] idx=1475 :: Socialist Realism
[1477/1660] idx=1476 :: Socialist Realism
[1478/1660] idx=1477 :: Socialist Realism
[1479/1660] idx=1478 :: Socialist Realism
[1480/1660] idx=1479 :: Socialist Realism
[1481/1660] idx=1480 :: Surrealism
[1482/1660] idx=1481 :: Surrealism
[1483/1660] idx=1482 :: Surrealism
[1484/1660] idx=1483 :: Surrealism
[1485/1660] idx=1484 :: Surrealism
[1486/1660] idx=1485 :: Surrealism
[1487/1660] idx=1486 :: Surrealism
[1488/1660] idx=1487 :: Surrealism
[1489/1660] idx=1488 :: Surrealism
[1490/1660] idx=1489 :: Surrealism
[1491/1660] idx=1490 :: Surrealism
[1492/1660] idx=1491 :: Surrealism
[1493/1660] idx=1492 :: Surrealism
[1494/1660] idx=1493 :: Surrealism
[1495/1660] idx=1494 :: Surrealism
[1496/1660] idx=1495 :: Surrealism
[1497/1660] idx=1496 :: Surrealism
[1498/1660] idx=1497 :: Surrealism
[1499/1660] idx=1498 :: Surrealism
[1500/1660] idx=1499 :: Surrealism
[1501/1660] idx=1500 :: Surrealism
[1502/1660] idx=1501 :: Surrealism
[1503/1660] idx=1502 :: Surrealism
[1504/1660] idx=1503 :: Surrealism
[1505/1660] idx=1504 :: Surrealism
[1506/1660] idx=1505 :: Surrealism
[1507/1660] idx=1506 :: Surrealism
[1508/1660] idx=1507 :: Surrealism
[1509/1660] idx=1508 :: Surrealism
[1510/1660] idx=1509 :: Surrealism
[1511/1660] idx=1510 :: Symbolism
[1512/1660] idx=1511 :: Symbolism
[1513/1660] idx=1512 :: Symbolism
[1514/1660] idx=1513 :: Symbolism
[1515/1660] idx=1514 :: Symbolism
[1516/1660] idx=1515 :: Symbolism
[1517/1660] idx=1516 :: Symbolism
[1518/1660] idx=1517 :: Symbolism
[1519/1660] idx=1518 :: Symbolism
[1520/1660] idx=1519 :: Symbolism
[1521/1660] idx=1520 :: Symbolism
[1522/1660] idx=1521 :: Symbolism
[1523/1660] idx=1522 :: Symbolism
[1524/1660] idx=1523 :: Symbolism
[1525/1660] idx=1524 :: Symbolism
[1526/1660] idx=1525 :: Symbolism
[1527/1660] idx=1526 :: Symbolism
[1528/1660] idx=1527 :: Symbolism
[1529/1660] idx=1528 :: Symbolism
[1530/1660] idx=1529 :: Symbolism
[1531/1660] idx=1530 :: Symbolism
[1532/1660] idx=1531 :: Symbolism
[1533/1660] idx=1532 :: Symbolism
[1534/1660] idx=1533 :: Symbolism
[1535/1660] idx=1534 :: Symbolism
[1536/1660] idx=1535 :: Symbolism
[1537/1660] idx=1536 :: Symbolism
[1538/1660] idx=1537 :: Symbolism
[1539/1660] idx=1538 :: Symbolism
[1540/1660] idx=1539 :: Symbolism
[1541/1660] idx=1540 :: S_saku hanga
[1542/1660] idx=1541 :: S_saku hanga
[1543/1660] idx=1542 :: S_saku hanga
[1544/1660] idx=1543 :: S_saku hanga
[1545/1660] idx=1544 :: S_saku hanga
[1546/1660] idx=1545 :: S_saku hanga
[1547/1660] idx=1546 :: S_saku hanga
[1548/1660] idx=1547 :: S_saku hanga
[1549/1660] idx=1548 :: S_saku hanga
[1550/1660] idx=1549 :: S_saku hanga
[1551/1660] idx=1550 :: S_saku hanga
[1552/1660] idx=1551 :: S_saku hanga
[1553/1660] idx=1552 :: S_saku hanga
[1554/1660] idx=1553 :: S_saku hanga
[1555/1660] idx=1554 :: S_saku hanga
[1556/1660] idx=1555 :: S_saku hanga
[1557/1660] idx=1556 :: S_saku hanga
[1558/1660] idx=1557 :: S_saku hanga
[1559/1660] idx=1558 :: S_saku hanga
[1560/1660] idx=1559 :: S_saku hanga
[1561/1660] idx=1560 :: S_saku hanga
[1562/1660] idx=1561 :: S_saku hanga
[1563/1660] idx=1562 :: S_saku hanga
[1564/1660] idx=1563 :: S_saku hanga
[1565/1660] idx=1564 :: S_saku hanga
[1566/1660] idx=1565 :: S_saku hanga
[1567/1660] idx=1566 :: S_saku hanga
[1568/1660] idx=1567 :: S_saku hanga
[1569/1660] idx=1568 :: S_saku hanga
[1570/1660] idx=1569 :: S_saku hanga
[1571/1660] idx=1570 :: Tachisme
[1572/1660] idx=1571 :: Tachisme
[1573/1660] idx=1572 :: Tachisme
[1574/1660] idx=1573 :: Tachisme
[1575/1660] idx=1574 :: Tachisme
[1576/1660] idx=1575 :: Tachisme
[1577/1660] idx=1576 :: Tachisme
[1578/1660] idx=1577 :: Tachisme
[1579/1660] idx=1578 :: Tachisme
[1580/1660] idx=1579 :: Tachisme
[1581/1660] idx=1580 :: Tachisme
[1582/1660] idx=1581 :: Tachisme
[1583/1660] idx=1582 :: Tachisme
[1584/1660] idx=1583 :: Tachisme
[1585/1660] idx=1584 :: Tachisme
[1586/1660] idx=1585 :: Tachisme
[1587/1660] idx=1586 :: Tachisme
[1588/1660] idx=1587 :: Tachisme
[1589/1660] idx=1588 :: Tachisme
[1590/1660] idx=1589 :: Tachisme
[1591/1660] idx=1590 :: Tachisme
[1592/1660] idx=1591 :: Tachisme
[1593/1660] idx=1592 :: Tachisme
[1594/1660] idx=1593 :: Tachisme
[1595/1660] idx=1594 :: Tachisme
[1596/1660] idx=1595 :: Tachisme
[1597/1660] idx=1596 :: Tachisme
[1598/1660] idx=1597 :: Tachisme
[1599/1660] idx=1598 :: Tachisme
[1600/1660] idx=1599 :: Tachisme
[1601/1660] idx=1600 :: Transavantgarde
[1602/1660] idx=1601 :: Transavantgarde
[1603/1660] idx=1602 :: Transavantgarde
[1604/1660] idx=1603 :: Transavantgarde
[1605/1660] idx=1604 :: Transavantgarde
[1606/1660] idx=1605 :: Transavantgarde
[1607/1660] idx=1606 :: Transavantgarde
[1608/1660] idx=1607 :: Transavantgarde
[1609/1660] idx=1608 :: Transavantgarde
[1610/1660] idx=1609 :: Transavantgarde
[1611/1660] idx=1610 :: Transavantgarde
[1612/1660] idx=1611 :: Transavantgarde
[1613/1660] idx=1612 :: Transavantgarde
[1614/1660] idx=1613 :: Transavantgarde
[1615/1660] idx=1614 :: Transavantgarde
[1616/1660] idx=1615 :: Transavantgarde
[1617/1660] idx=1616 :: Transavantgarde
[1618/1660] idx=1617 :: Transavantgarde
[1619/1660] idx=1618 :: Transavantgarde
[1620/1660] idx=1619 :: Transavantgarde
[1621/1660] idx=1620 :: Transavantgarde
[1622/1660] idx=1621 :: Transavantgarde
[1623/1660] idx=1622 :: Transavantgarde
[1624/1660] idx=1623 :: Transavantgarde
[1625/1660] idx=1624 :: Transavantgarde
[1626/1660] idx=1625 :: Transavantgarde
[1627/1660] idx=1626 :: Transavantgarde
[1628/1660] idx=1627 :: Transavantgarde
[1629/1660] idx=1628 :: Transavantgarde
[1630/1660] idx=1629 :: Transavantgarde
[1631/1660] idx=1630 :: Ukiyo-e
[1632/1660] idx=1631 :: Ukiyo-e
[1633/1660] idx=1632 :: Ukiyo-e
[1634/1660] idx=1633 :: Ukiyo-e
[1635/1660] idx=1634 :: Ukiyo-e
[1636/1660] idx=1635 :: Ukiyo-e
[1637/1660] idx=1636 :: Ukiyo-e
[1638/1660] idx=1637 :: Ukiyo-e
[1639/1660] idx=1638 :: Ukiyo-e
[1640/1660] idx=1639 :: Ukiyo-e
[1641/1660] idx=1640 :: Ukiyo-e
[1642/1660] idx=1641 :: Ukiyo-e
[1643/1660] idx=1642 :: Ukiyo-e
[1644/1660] idx=1643 :: Ukiyo-e
[1645/1660] idx=1644 :: Ukiyo-e
[1646/1660] idx=1645 :: Ukiyo-e
[1647/1660] idx=1646 :: Ukiyo-e
[1648/1660] idx=1647 :: Ukiyo-e
[1649/1660] idx=1648 :: Ukiyo-e
[1650/1660] idx=1649 :: Ukiyo-e
[1651/1660] idx=1650 :: Ukiyo-e
[1652/1660] idx=1651 :: Ukiyo-e
[1653/1660] idx=1652 :: Ukiyo-e
[1654/1660] idx=1653 :: Ukiyo-e
[1655/1660] idx=1654 :: Ukiyo-e
[1656/1660] idx=1655 :: Ukiyo-e
[1657/1660] idx=1656 :: Ukiyo-e
[1658/1660] idx=1657 :: Ukiyo-e
[1659/1660] idx=1658 :: Ukiyo-e
[1660/1660] idx=1659 :: Ukiyo-e

[Janus T2I] Completed full EmoArt validation evaluation
  Newly generated: 660
  Skipped existing: 1000
  Total results: 1660
  Image dir: /root/autodl-tmp/Show-o/janus-pro-1B/Janus/brushstroke_janus/eval_results/emoart_janus_itfi_layer21_22_23_top100_lam1p0_resumable/t2i_images
  Metadata:  /root/autodl-tmp/Show-o/janus-pro-1B/Janus/brushstroke_janus/eval_results/emoart_janus_itfi_layer21_22_23_top100_lam1p0_resumable/t2i_results.json
[Score] images_dir=/root/autodl-tmp/Show-o/janus-pro-1B/Janus/brushstroke_janus/eval_results/emoart_janus_itfi_layer21_22_23_top100_lam1p0_resumable/t2i_images
[Score] output_prefix=results_janus_itfi_layer21_22_23_top100_lam1p0_resumable
2026-05-03 14:34:44 [WARNING] API call failed for /root/autodl-tmp/Show-o/janus-pro-1B/Janus/brushstroke_janus/eval_results/emoart_janus_itfi_layer21_22_23_top100_lam1p0_resumable/t2i_images/00986.png (attempt 1/3): Connection error.
2026-05-03 14:34:46 [WARNING] API call failed for /root/autodl-tmp/Show-o/janus-pro-1B/Janus/brushstroke_janus/eval_results/emoart_janus_itfi_layer21_22_23_top100_lam1p0_resumable/t2i_images/00986.png (attempt 2/3): Connection error.
2026-05-03 14:34:49 [ERROR] API call failed for /root/autodl-tmp/Show-o/janus-pro-1B/Janus/brushstroke_janus/eval_results/emoart_janus_itfi_layer21_22_23_top100_lam1p0_resumable/t2i_images/00986.png after 3 attempts: Connection error.
2026-05-03 14:34:51 [WARNING] API call failed for /root/autodl-tmp/Show-o/janus-pro-1B/Janus/brushstroke_janus/eval_results/emoart_janus_itfi_layer21_22_23_top100_lam1p0_resumable/t2i_images/00987.png (attempt 1/3): Connection error.
2026-05-03 14:34:53 [WARNING] API call failed for /root/autodl-tmp/Show-o/janus-pro-1B/Janus/brushstroke_janus/eval_results/emoart_janus_itfi_layer21_22_23_top100_lam1p0_resumable/t2i_images/00987.png (attempt 2/3): Connection error.
2026-05-03 14:34:56 [ERROR] API call failed for /root/autodl-tmp/Show-o/janus-pro-1B/Janus/brushstroke_janus/eval_results/emoart_janus_itfi_layer21_22_23_top100_lam1p0_resumable/t2i_images/00987.png after 3 attempts: Connection error.
2026-05-03 14:34:58 [WARNING] API call failed for /root/autodl-tmp/Show-o/janus-pro-1B/Janus/brushstroke_janus/eval_results/emoart_janus_itfi_layer21_22_23_top100_lam1p0_resumable/t2i_images/00988.png (attempt 1/3): Connection error.
2026-05-03 14:35:00 [WARNING] API call failed for /root/autodl-tmp/Show-o/janus-pro-1B/Janus/brushstroke_janus/eval_results/emoart_janus_itfi_layer21_22_23_top100_lam1p0_resumable/t2i_images/00988.png (attempt 2/3): Connection error.
2026-05-03 14:35:03 [ERROR] API call failed for /root/autodl-tmp/Show-o/janus-pro-1B/Janus/brushstroke_janus/eval_results/emoart_janus_itfi_layer21_22_23_top100_lam1p0_resumable/t2i_images/00988.png after 3 attempts: Connection error.
2026-05-03 14:35:05 [WARNING] API call failed for /root/autodl-tmp/Show-o/janus-pro-1B/Janus/brushstroke_janus/eval_results/emoart_janus_itfi_layer21_22_23_top100_lam1p0_resumable/t2i_images/00989.png (attempt 1/3): Connection error.
2026-05-03 14:35:07 [WARNING] API call failed for /root/autodl-tmp/Show-o/janus-pro-1B/Janus/brushstroke_janus/eval_results/emoart_janus_itfi_layer21_22_23_top100_lam1p0_resumable/t2i_images/00989.png (attempt 2/3): Connection error.
2026-05-03 14:35:10 [ERROR] API call failed for /root/autodl-tmp/Show-o/janus-pro-1B/Janus/brushstroke_janus/eval_results/emoart_janus_itfi_layer21_22_23_top100_lam1p0_resumable/t2i_images/00989.png after 3 attempts: Connection error.
2026-05-03 14:35:12 [WARNING] API call failed for /root/autodl-tmp/Show-o/janus-pro-1B/Janus/brushstroke_janus/eval_results/emoart_janus_itfi_layer21_22_23_top100_lam1p0_resumable/t2i_images/00990.png (attempt 1/3): Connection error.
2026-05-03 14:35:14 [WARNING] API call failed for /root/autodl-tmp/Show-o/janus-pro-1B/Janus/brushstroke_janus/eval_results/emoart_janus_itfi_layer21_22_23_top100_lam1p0_resumable/t2i_images/00990.png (attempt 2/3): Connection error.
2026-05-03 14:35:17 [ERROR] API call failed for /root/autodl-tmp/Show-o/janus-pro-1B/Janus/brushstroke_janus/eval_results/emoart_janus_itfi_layer21_22_23_top100_lam1p0_resumable/t2i_images/00990.png after 3 attempts: Connection error.
2026-05-03 14:35:19 [WARNING] API call failed for /root/autodl-tmp/Show-o/janus-pro-1B/Janus/brushstroke_janus/eval_results/emoart_janus_itfi_layer21_22_23_top100_lam1p0_resumable/t2i_images/00991.png (attempt 1/3): Connection error.
2026-05-03 14:35:22 [WARNING] API call failed for /root/autodl-tmp/Show-o/janus-pro-1B/Janus/brushstroke_janus/eval_results/emoart_janus_itfi_layer21_22_23_top100_lam1p0_resumable/t2i_images/00991.png (attempt 2/3): Connection error.
2026-05-03 14:35:24 [ERROR] API call failed for /root/autodl-tmp/Show-o/janus-pro-1B/Janus/brushstroke_janus/eval_results/emoart_janus_itfi_layer21_22_23_top100_lam1p0_resumable/t2i_images/00991.png after 3 attempts: Connection error.
2026-05-03 14:35:26 [WARNING] API call failed for /root/autodl-tmp/Show-o/janus-pro-1B/Janus/brushstroke_janus/eval_results/emoart_janus_itfi_layer21_22_23_top100_lam1p0_resumable/t2i_images/00992.png (attempt 1/3): Connection error.
2026-05-03 14:35:29 [WARNING] API call failed for /root/autodl-tmp/Show-o/janus-pro-1B/Janus/brushstroke_janus/eval_results/emoart_janus_itfi_layer21_22_23_top100_lam1p0_resumable/t2i_images/00992.png (attempt 2/3): Connection error.
2026-05-03 14:35:31 [ERROR] API call failed for /root/autodl-tmp/Show-o/janus-pro-1B/Janus/brushstroke_janus/eval_results/emoart_janus_itfi_layer21_22_23_top100_lam1p0_resumable/t2i_images/00992.png after 3 attempts: Connection error.
2026-05-03 14:35:34 [WARNING] API call failed for /root/autodl-tmp/Show-o/janus-pro-1B/Janus/brushstroke_janus/eval_results/emoart_janus_itfi_layer21_22_23_top100_lam1p0_resumable/t2i_images/00993.png (attempt 1/3): Connection error.
2026-05-03 14:35:36 [WARNING] API call failed for /root/autodl-tmp/Show-o/janus-pro-1B/Janus/brushstroke_janus/eval_results/emoart_janus_itfi_layer21_22_23_top100_lam1p0_resumable/t2i_images/00993.png (attempt 2/3): Connection error.
2026-05-03 14:35:38 [ERROR] API call failed for /root/autodl-tmp/Show-o/janus-pro-1B/Janus/brushstroke_janus/eval_results/emoart_janus_itfi_layer21_22_23_top100_lam1p0_resumable/t2i_images/00993.png after 3 attempts: Connection error.
2026-05-03 14:35:40 [WARNING] API call failed for /root/autodl-tmp/Show-o/janus-pro-1B/Janus/brushstroke_janus/eval_results/emoart_janus_itfi_layer21_22_23_top100_lam1p0_resumable/t2i_images/00994.png (attempt 1/3): Connection error.
2026-05-03 14:35:43 [WARNING] API call failed for /root/autodl-tmp/Show-o/janus-pro-1B/Janus/brushstroke_janus/eval_results/emoart_janus_itfi_layer21_22_23_top100_lam1p0_resumable/t2i_images/00994.png (attempt 2/3): Connection error.
2026-05-03 14:35:45 [ERROR] API call failed for /root/autodl-tmp/Show-o/janus-pro-1B/Janus/brushstroke_janus/eval_results/emoart_janus_itfi_layer21_22_23_top100_lam1p0_resumable/t2i_images/00994.png after 3 attempts: Connection error.
2026-05-03 14:35:47 [WARNING] API call failed for /root/autodl-tmp/Show-o/janus-pro-1B/Janus/brushstroke_janus/eval_results/emoart_janus_itfi_layer21_22_23_top100_lam1p0_resumable/t2i_images/00995.png (attempt 1/3): Connection error.
2026-05-03 14:35:50 [WARNING] API call failed for /root/autodl-tmp/Show-o/janus-pro-1B/Janus/brushstroke_janus/eval_results/emoart_janus_itfi_layer21_22_23_top100_lam1p0_resumable/t2i_images/00995.png (attempt 2/3): Connection error.
2026-05-03 14:35:52 [ERROR] API call failed for /root/autodl-tmp/Show-o/janus-pro-1B/Janus/brushstroke_janus/eval_results/emoart_janus_itfi_layer21_22_23_top100_lam1p0_resumable/t2i_images/00995.png after 3 attempts: Connection error.
2026-05-03 14:35:55 [WARNING] API call failed for /root/autodl-tmp/Show-o/janus-pro-1B/Janus/brushstroke_janus/eval_results/emoart_janus_itfi_layer21_22_23_top100_lam1p0_resumable/t2i_images/00996.png (attempt 1/3): Connection error.
2026-05-03 14:35:57 [WARNING] API call failed for /root/autodl-tmp/Show-o/janus-pro-1B/Janus/brushstroke_janus/eval_results/emoart_janus_itfi_layer21_22_23_top100_lam1p0_resumable/t2i_images/00996.png (attempt 2/3): Connection error.
2026-05-03 14:35:59 [ERROR] API call failed for /root/autodl-tmp/Show-o/janus-pro-1B/Janus/brushstroke_janus/eval_results/emoart_janus_itfi_layer21_22_23_top100_lam1p0_resumable/t2i_images/00996.png after 3 attempts: Connection error.
2026-05-03 14:36:02 [WARNING] API call failed for /root/autodl-tmp/Show-o/janus-pro-1B/Janus/brushstroke_janus/eval_results/emoart_janus_itfi_layer21_22_23_top100_lam1p0_resumable/t2i_images/00997.png (attempt 1/3): Connection error.
2026-05-03 14:36:04 [WARNING] API call failed for /root/autodl-tmp/Show-o/janus-pro-1B/Janus/brushstroke_janus/eval_results/emoart_janus_itfi_layer21_22_23_top100_lam1p0_resumable/t2i_images/00997.png (attempt 2/3): Connection error.
2026-05-03 14:36:06 [ERROR] API call failed for /root/autodl-tmp/Show-o/janus-pro-1B/Janus/brushstroke_janus/eval_results/emoart_janus_itfi_layer21_22_23_top100_lam1p0_resumable/t2i_images/00997.png after 3 attempts: Connection error.
2026-05-03 14:36:09 [WARNING] API call failed for /root/autodl-tmp/Show-o/janus-pro-1B/Janus/brushstroke_janus/eval_results/emoart_janus_itfi_layer21_22_23_top100_lam1p0_resumable/t2i_images/00998.png (attempt 1/3): Connection error.
2026-05-03 14:36:11 [WARNING] API call failed for /root/autodl-tmp/Show-o/janus-pro-1B/Janus/brushstroke_janus/eval_results/emoart_janus_itfi_layer21_22_23_top100_lam1p0_resumable/t2i_images/00998.png (attempt 2/3): Connection error.
2026-05-03 14:36:13 [ERROR] API call failed for /root/autodl-tmp/Show-o/janus-pro-1B/Janus/brushstroke_janus/eval_results/emoart_janus_itfi_layer21_22_23_top100_lam1p0_resumable/t2i_images/00998.png after 3 attempts: Connection error.
2026-05-03 14:36:15 [WARNING] API call failed for /root/autodl-tmp/Show-o/janus-pro-1B/Janus/brushstroke_janus/eval_results/emoart_janus_itfi_layer21_22_23_top100_lam1p0_resumable/t2i_images/00999.png (attempt 1/3): Connection error.
2026-05-03 14:36:18 [WARNING] API call failed for /root/autodl-tmp/Show-o/janus-pro-1B/Janus/brushstroke_janus/eval_results/emoart_janus_itfi_layer21_22_23_top100_lam1p0_resumable/t2i_images/00999.png (attempt 2/3): Connection error.
2026-05-03 14:36:20 [ERROR] API call failed for /root/autodl-tmp/Show-o/janus-pro-1B/Janus/brushstroke_janus/eval_results/emoart_janus_itfi_layer21_22_23_top100_lam1p0_resumable/t2i_images/00999.png after 3 attempts: Connection error.
2026-05-03 14:36:22 [WARNING] API call failed for /root/autodl-tmp/Show-o/janus-pro-1B/Janus/brushstroke_janus/eval_results/emoart_janus_itfi_layer21_22_23_top100_lam1p0_resumable/t2i_images/01000.png (attempt 1/3): Connection error.
2026-05-03 14:36:25 [WARNING] API call failed for /root/autodl-tmp/Show-o/janus-pro-1B/Janus/brushstroke_janus/eval_results/emoart_janus_itfi_layer21_22_23_top100_lam1p0_resumable/t2i_images/01000.png (attempt 2/3): Connection error.
2026-05-03 14:36:27 [ERROR] API call failed for /root/autodl-tmp/Show-o/janus-pro-1B/Janus/brushstroke_janus/eval_results/emoart_janus_itfi_layer21_22_23_top100_lam1p0_resumable/t2i_images/01000.png after 3 attempts: Connection error.
2026-05-03 14:36:29 [WARNING] API call failed for /root/autodl-tmp/Show-o/janus-pro-1B/Janus/brushstroke_janus/eval_results/emoart_janus_itfi_layer21_22_23_top100_lam1p0_resumable/t2i_images/01001.png (attempt 1/3): Connection error.
2026-05-03 14:36:32 [WARNING] API call failed for /root/autodl-tmp/Show-o/janus-pro-1B/Janus/brushstroke_janus/eval_results/emoart_janus_itfi_layer21_22_23_top100_lam1p0_resumable/t2i_images/01001.png (attempt 2/3): Connection error.
2026-05-03 14:36:34 [ERROR] API call failed for /root/autodl-tmp/Show-o/janus-pro-1B/Janus/brushstroke_janus/eval_results/emoart_janus_itfi_layer21_22_23_top100_lam1p0_resumable/t2i_images/01001.png after 3 attempts: Connection error.
2026-05-03 14:36:36 [WARNING] API call failed for /root/autodl-tmp/Show-o/janus-pro-1B/Janus/brushstroke_janus/eval_results/emoart_janus_itfi_layer21_22_23_top100_lam1p0_resumable/t2i_images/01002.png (attempt 1/3): Connection error.
2026-05-03 14:36:39 [WARNING] API call failed for /root/autodl-tmp/Show-o/janus-pro-1B/Janus/brushstroke_janus/eval_results/emoart_janus_itfi_layer21_22_23_top100_lam1p0_resumable/t2i_images/01002.png (attempt 2/3): Connection error.
2026-05-03 14:36:41 [ERROR] API call failed for /root/autodl-tmp/Show-o/janus-pro-1B/Janus/brushstroke_janus/eval_results/emoart_janus_itfi_layer21_22_23_top100_lam1p0_resumable/t2i_images/01002.png after 3 attempts: Connection error.
2026-05-03 14:36:43 [WARNING] API call failed for /root/autodl-tmp/Show-o/janus-pro-1B/Janus/brushstroke_janus/eval_results/emoart_janus_itfi_layer21_22_23_top100_lam1p0_resumable/t2i_images/01003.png (attempt 1/3): Connection error.
2026-05-03 14:36:46 [WARNING] API call failed for /root/autodl-tmp/Show-o/janus-pro-1B/Janus/brushstroke_janus/eval_results/emoart_janus_itfi_layer21_22_23_top100_lam1p0_resumable/t2i_images/01003.png (attempt 2/3): Connection error.
2026-05-03 14:36:48 [ERROR] API call failed for /root/autodl-tmp/Show-o/janus-pro-1B/Janus/brushstroke_janus/eval_results/emoart_janus_itfi_layer21_22_23_top100_lam1p0_resumable/t2i_images/01003.png after 3 attempts: Connection error.
2026-05-03 14:36:51 [WARNING] API call failed for /root/autodl-tmp/Show-o/janus-pro-1B/Janus/brushstroke_janus/eval_results/emoart_janus_itfi_layer21_22_23_top100_lam1p0_resumable/t2i_images/01004.png (attempt 1/3): Connection error.
2026-05-03 14:36:53 [WARNING] API call failed for /root/autodl-tmp/Show-o/janus-pro-1B/Janus/brushstroke_janus/eval_results/emoart_janus_itfi_layer21_22_23_top100_lam1p0_resumable/t2i_images/01004.png (attempt 2/3): Connection error.
2026-05-03 14:36:55 [ERROR] API call failed for /root/autodl-tmp/Show-o/janus-pro-1B/Janus/brushstroke_janus/eval_results/emoart_janus_itfi_layer21_22_23_top100_lam1p0_resumable/t2i_images/01004.png after 3 attempts: Connection error.
2026-05-03 14:36:58 [WARNING] API call failed for /root/autodl-tmp/Show-o/janus-pro-1B/Janus/brushstroke_janus/eval_results/emoart_janus_itfi_layer21_22_23_top100_lam1p0_resumable/t2i_images/01005.png (attempt 1/3): Connection error.
2026-05-03 14:37:00 [WARNING] API call failed for /root/autodl-tmp/Show-o/janus-pro-1B/Janus/brushstroke_janus/eval_results/emoart_janus_itfi_layer21_22_23_top100_lam1p0_resumable/t2i_images/01005.png (attempt 2/3): Connection error.
2026-05-03 14:37:03 [ERROR] API call failed for /root/autodl-tmp/Show-o/janus-pro-1B/Janus/brushstroke_janus/eval_results/emoart_janus_itfi_layer21_22_23_top100_lam1p0_resumable/t2i_images/01005.png after 3 attempts: Connection error.
2026-05-03 14:37:05 [WARNING] API call failed for /root/autodl-tmp/Show-o/janus-pro-1B/Janus/brushstroke_janus/eval_results/emoart_janus_itfi_layer21_22_23_top100_lam1p0_resumable/t2i_images/01006.png (attempt 1/3): Connection error.
2026-05-03 14:37:07 [WARNING] API call failed for /root/autodl-tmp/Show-o/janus-pro-1B/Janus/brushstroke_janus/eval_results/emoart_janus_itfi_layer21_22_23_top100_lam1p0_resumable/t2i_images/01006.png (attempt 2/3): Connection error.
2026-05-03 14:37:10 [ERROR] API call failed for /root/autodl-tmp/Show-o/janus-pro-1B/Janus/brushstroke_janus/eval_results/emoart_janus_itfi_layer21_22_23_top100_lam1p0_resumable/t2i_images/01006.png after 3 attempts: Connection error.
2026-05-03 14:37:12 [WARNING] API call failed for /root/autodl-tmp/Show-o/janus-pro-1B/Janus/brushstroke_janus/eval_results/emoart_janus_itfi_layer21_22_23_top100_lam1p0_resumable/t2i_images/01007.png (attempt 1/3): Connection error.
2026-05-03 14:37:15 [WARNING] API call failed for /root/autodl-tmp/Show-o/janus-pro-1B/Janus/brushstroke_janus/eval_results/emoart_janus_itfi_layer21_22_23_top100_lam1p0_resumable/t2i_images/01007.png (attempt 2/3): Connection error.
2026-05-03 14:37:17 [ERROR] API call failed for /root/autodl-tmp/Show-o/janus-pro-1B/Janus/brushstroke_janus/eval_results/emoart_janus_itfi_layer21_22_23_top100_lam1p0_resumable/t2i_images/01007.png after 3 attempts: Connection error.
2026-05-03 14:37:19 [WARNING] API call failed for /root/autodl-tmp/Show-o/janus-pro-1B/Janus/brushstroke_janus/eval_results/emoart_janus_itfi_layer21_22_23_top100_lam1p0_resumable/t2i_images/01008.png (attempt 1/3): Connection error.
2026-05-03 14:37:22 [WARNING] API call failed for /root/autodl-tmp/Show-o/janus-pro-1B/Janus/brushstroke_janus/eval_results/emoart_janus_itfi_layer21_22_23_top100_lam1p0_resumable/t2i_images/01008.png (attempt 2/3): Connection error.
2026-05-03 14:37:24 [ERROR] API call failed for /root/autodl-tmp/Show-o/janus-pro-1B/Janus/brushstroke_janus/eval_results/emoart_janus_itfi_layer21_22_23_top100_lam1p0_resumable/t2i_images/01008.png after 3 attempts: Connection error.
2026-05-03 14:37:26 [WARNING] API call failed for /root/autodl-tmp/Show-o/janus-pro-1B/Janus/brushstroke_janus/eval_results/emoart_janus_itfi_layer21_22_23_top100_lam1p0_resumable/t2i_images/01009.png (attempt 1/3): Connection error.
2026-05-03 14:37:28 [WARNING] API call failed for /root/autodl-tmp/Show-o/janus-pro-1B/Janus/brushstroke_janus/eval_results/emoart_janus_itfi_layer21_22_23_top100_lam1p0_resumable/t2i_images/01009.png (attempt 2/3): Connection error.
2026-05-03 14:37:31 [ERROR] API call failed for /root/autodl-tmp/Show-o/janus-pro-1B/Janus/brushstroke_janus/eval_results/emoart_janus_itfi_layer21_22_23_top100_lam1p0_resumable/t2i_images/01009.png after 3 attempts: Connection error.
2026-05-03 14:37:33 [WARNING] API call failed for /root/autodl-tmp/Show-o/janus-pro-1B/Janus/brushstroke_janus/eval_results/emoart_janus_itfi_layer21_22_23_top100_lam1p0_resumable/t2i_images/01010.png (attempt 1/3): Connection error.
2026-05-03 14:37:36 [WARNING] API call failed for /root/autodl-tmp/Show-o/janus-pro-1B/Janus/brushstroke_janus/eval_results/emoart_janus_itfi_layer21_22_23_top100_lam1p0_resumable/t2i_images/01010.png (attempt 2/3): Connection error.
2026-05-03 14:37:38 [ERROR] API call failed for /root/autodl-tmp/Show-o/janus-pro-1B/Janus/brushstroke_janus/eval_results/emoart_janus_itfi_layer21_22_23_top100_lam1p0_resumable/t2i_images/01010.png after 3 attempts: Connection error.
2026-05-03 14:37:40 [WARNING] API call failed for /root/autodl-tmp/Show-o/janus-pro-1B/Janus/brushstroke_janus/eval_results/emoart_janus_itfi_layer21_22_23_top100_lam1p0_resumable/t2i_images/01011.png (attempt 1/3): Connection error.
2026-05-03 14:37:43 [WARNING] API call failed for /root/autodl-tmp/Show-o/janus-pro-1B/Janus/brushstroke_janus/eval_results/emoart_janus_itfi_layer21_22_23_top100_lam1p0_resumable/t2i_images/01011.png (attempt 2/3): Connection error.
2026-05-03 14:37:45 [ERROR] API call failed for /root/autodl-tmp/Show-o/janus-pro-1B/Janus/brushstroke_janus/eval_results/emoart_janus_itfi_layer21_22_23_top100_lam1p0_resumable/t2i_images/01011.png after 3 attempts: Connection error.
2026-05-03 14:37:47 [WARNING] API call failed for /root/autodl-tmp/Show-o/janus-pro-1B/Janus/brushstroke_janus/eval_results/emoart_janus_itfi_layer21_22_23_top100_lam1p0_resumable/t2i_images/01012.png (attempt 1/3): Connection error.
2026-05-03 14:37:50 [WARNING] API call failed for /root/autodl-tmp/Show-o/janus-pro-1B/Janus/brushstroke_janus/eval_results/emoart_janus_itfi_layer21_22_23_top100_lam1p0_resumable/t2i_images/01012.png (attempt 2/3): Connection error.
2026-05-03 14:37:52 [ERROR] API call failed for /root/autodl-tmp/Show-o/janus-pro-1B/Janus/brushstroke_janus/eval_results/emoart_janus_itfi_layer21_22_23_top100_lam1p0_resumable/t2i_images/01012.png after 3 attempts: Connection error.
2026-05-03 14:37:55 [WARNING] API call failed for /root/autodl-tmp/Show-o/janus-pro-1B/Janus/brushstroke_janus/eval_results/emoart_janus_itfi_layer21_22_23_top100_lam1p0_resumable/t2i_images/01013.png (attempt 1/3): Connection error.
2026-05-03 14:37:57 [WARNING] API call failed for /root/autodl-tmp/Show-o/janus-pro-1B/Janus/brushstroke_janus/eval_results/emoart_janus_itfi_layer21_22_23_top100_lam1p0_resumable/t2i_images/01013.png (attempt 2/3): Connection error.
2026-05-03 14:37:59 [ERROR] API call failed for /root/autodl-tmp/Show-o/janus-pro-1B/Janus/brushstroke_janus/eval_results/emoart_janus_itfi_layer21_22_23_top100_lam1p0_resumable/t2i_images/01013.png after 3 attempts: Connection error.
2026-05-03 14:38:02 [WARNING] API call failed for /root/autodl-tmp/Show-o/janus-pro-1B/Janus/brushstroke_janus/eval_results/emoart_janus_itfi_layer21_22_23_top100_lam1p0_resumable/t2i_images/01014.png (attempt 1/3): Connection error.
2026-05-03 14:38:04 [WARNING] API call failed for /root/autodl-tmp/Show-o/janus-pro-1B/Janus/brushstroke_janus/eval_results/emoart_janus_itfi_layer21_22_23_top100_lam1p0_resumable/t2i_images/01014.png (attempt 2/3): Connection error.
2026-05-03 14:38:06 [ERROR] API call failed for /root/autodl-tmp/Show-o/janus-pro-1B/Janus/brushstroke_janus/eval_results/emoart_janus_itfi_layer21_22_23_top100_lam1p0_resumable/t2i_images/01014.png after 3 attempts: Connection error.
2026-05-03 14:38:09 [WARNING] API call failed for /root/autodl-tmp/Show-o/janus-pro-1B/Janus/brushstroke_janus/eval_results/emoart_janus_itfi_layer21_22_23_top100_lam1p0_resumable/t2i_images/01015.png (attempt 1/3): Connection error.
2026-05-03 14:38:11 [WARNING] API call failed for /root/autodl-tmp/Show-o/janus-pro-1B/Janus/brushstroke_janus/eval_results/emoart_janus_itfi_layer21_22_23_top100_lam1p0_resumable/t2i_images/01015.png (attempt 2/3): Connection error.
2026-05-03 14:38:13 [ERROR] API call failed for /root/autodl-tmp/Show-o/janus-pro-1B/Janus/brushstroke_janus/eval_results/emoart_janus_itfi_layer21_22_23_top100_lam1p0_resumable/t2i_images/01015.png after 3 attempts: Connection error.
2026-05-03 14:38:16 [WARNING] API call failed for /root/autodl-tmp/Show-o/janus-pro-1B/Janus/brushstroke_janus/eval_results/emoart_janus_itfi_layer21_22_23_top100_lam1p0_resumable/t2i_images/01016.png (attempt 1/3): Connection error.
2026-05-03 14:38:18 [WARNING] API call failed for /root/autodl-tmp/Show-o/janus-pro-1B/Janus/brushstroke_janus/eval_results/emoart_janus_itfi_layer21_22_23_top100_lam1p0_resumable/t2i_images/01016.png (attempt 2/3): Connection error.
2026-05-03 14:38:20 [ERROR] API call failed for /root/autodl-tmp/Show-o/janus-pro-1B/Janus/brushstroke_janus/eval_results/emoart_janus_itfi_layer21_22_23_top100_lam1p0_resumable/t2i_images/01016.png after 3 attempts: Connection error.
2026-05-03 14:38:23 [WARNING] API call failed for /root/autodl-tmp/Show-o/janus-pro-1B/Janus/brushstroke_janus/eval_results/emoart_janus_itfi_layer21_22_23_top100_lam1p0_resumable/t2i_images/01017.png (attempt 1/3): Connection error.
2026-05-03 14:38:25 [WARNING] API call failed for /root/autodl-tmp/Show-o/janus-pro-1B/Janus/brushstroke_janus/eval_results/emoart_janus_itfi_layer21_22_23_top100_lam1p0_resumable/t2i_images/01017.png (attempt 2/3): Connection error.
2026-05-03 14:38:27 [ERROR] API call failed for /root/autodl-tmp/Show-o/janus-pro-1B/Janus/brushstroke_janus/eval_results/emoart_janus_itfi_layer21_22_23_top100_lam1p0_resumable/t2i_images/01017.png after 3 attempts: Connection error.
2026-05-03 14:38:30 [WARNING] API call failed for /root/autodl-tmp/Show-o/janus-pro-1B/Janus/brushstroke_janus/eval_results/emoart_janus_itfi_layer21_22_23_top100_lam1p0_resumable/t2i_images/01018.png (attempt 1/3): Connection error.
2026-05-03 14:38:32 [WARNING] API call failed for /root/autodl-tmp/Show-o/janus-pro-1B/Janus/brushstroke_janus/eval_results/emoart_janus_itfi_layer21_22_23_top100_lam1p0_resumable/t2i_images/01018.png (attempt 2/3): Connection error.
2026-05-03 14:38:35 [ERROR] API call failed for /root/autodl-tmp/Show-o/janus-pro-1B/Janus/brushstroke_janus/eval_results/emoart_janus_itfi_layer21_22_23_top100_lam1p0_resumable/t2i_images/01018.png after 3 attempts: Connection error.
2026-05-03 14:38:37 [WARNING] API call failed for /root/autodl-tmp/Show-o/janus-pro-1B/Janus/brushstroke_janus/eval_results/emoart_janus_itfi_layer21_22_23_top100_lam1p0_resumable/t2i_images/01019.png (attempt 1/3): Connection error.
2026-05-03 14:38:39 [WARNING] API call failed for /root/autodl-tmp/Show-o/janus-pro-1B/Janus/brushstroke_janus/eval_results/emoart_janus_itfi_layer21_22_23_top100_lam1p0_resumable/t2i_images/01019.png (attempt 2/3): Connection error.
2026-05-03 14:38:42 [ERROR] API call failed for /root/autodl-tmp/Show-o/janus-pro-1B/Janus/brushstroke_janus/eval_results/emoart_janus_itfi_layer21_22_23_top100_lam1p0_resumable/t2i_images/01019.png after 3 attempts: Connection error.
2026-05-03 14:38:44 [WARNING] API call failed for /root/autodl-tmp/Show-o/janus-pro-1B/Janus/brushstroke_janus/eval_results/emoart_janus_itfi_layer21_22_23_top100_lam1p0_resumable/t2i_images/01020.png (attempt 1/3): Connection error.
2026-05-03 14:38:46 [WARNING] API call failed for /root/autodl-tmp/Show-o/janus-pro-1B/Janus/brushstroke_janus/eval_results/emoart_janus_itfi_layer21_22_23_top100_lam1p0_resumable/t2i_images/01020.png (attempt 2/3): Connection error.
2026-05-03 14:38:49 [ERROR] API call failed for /root/autodl-tmp/Show-o/janus-pro-1B/Janus/brushstroke_janus/eval_results/emoart_janus_itfi_layer21_22_23_top100_lam1p0_resumable/t2i_images/01020.png after 3 attempts: Connection error.
2026-05-03 14:38:51 [WARNING] API call failed for /root/autodl-tmp/Show-o/janus-pro-1B/Janus/brushstroke_janus/eval_results/emoart_janus_itfi_layer21_22_23_top100_lam1p0_resumable/t2i_images/01021.png (attempt 1/3): Connection error.
2026-05-03 14:38:53 [WARNING] API call failed for /root/autodl-tmp/Show-o/janus-pro-1B/Janus/brushstroke_janus/eval_results/emoart_janus_itfi_layer21_22_23_top100_lam1p0_resumable/t2i_images/01021.png (attempt 2/3): Connection error.
2026-05-03 14:38:55 [ERROR] API call failed for /root/autodl-tmp/Show-o/janus-pro-1B/Janus/brushstroke_janus/eval_results/emoart_janus_itfi_layer21_22_23_top100_lam1p0_resumable/t2i_images/01021.png after 3 attempts: Connection error.
2026-05-03 14:38:58 [WARNING] API call failed for /root/autodl-tmp/Show-o/janus-pro-1B/Janus/brushstroke_janus/eval_results/emoart_janus_itfi_layer21_22_23_top100_lam1p0_resumable/t2i_images/01022.png (attempt 1/3): Connection error.
2026-05-03 14:39:00 [WARNING] API call failed for /root/autodl-tmp/Show-o/janus-pro-1B/Janus/brushstroke_janus/eval_results/emoart_janus_itfi_layer21_22_23_top100_lam1p0_resumable/t2i_images/01022.png (attempt 2/3): Connection error.
2026-05-03 14:39:02 [ERROR] API call failed for /root/autodl-tmp/Show-o/janus-pro-1B/Janus/brushstroke_janus/eval_results/emoart_janus_itfi_layer21_22_23_top100_lam1p0_resumable/t2i_images/01022.png after 3 attempts: Connection error.
2026-05-03 14:39:05 [WARNING] API call failed for /root/autodl-tmp/Show-o/janus-pro-1B/Janus/brushstroke_janus/eval_results/emoart_janus_itfi_layer21_22_23_top100_lam1p0_resumable/t2i_images/01023.png (attempt 1/3): Connection error.
2026-05-03 14:39:07 [WARNING] API call failed for /root/autodl-tmp/Show-o/janus-pro-1B/Janus/brushstroke_janus/eval_results/emoart_janus_itfi_layer21_22_23_top100_lam1p0_resumable/t2i_images/01023.png (attempt 2/3): Connection error.
2026-05-03 14:39:10 [ERROR] API call failed for /root/autodl-tmp/Show-o/janus-pro-1B/Janus/brushstroke_janus/eval_results/emoart_janus_itfi_layer21_22_23_top100_lam1p0_resumable/t2i_images/01023.png after 3 attempts: Connection error.
2026-05-03 14:39:12 [WARNING] API call failed for /root/autodl-tmp/Show-o/janus-pro-1B/Janus/brushstroke_janus/eval_results/emoart_janus_itfi_layer21_22_23_top100_lam1p0_resumable/t2i_images/01024.png (attempt 1/3): Connection error.
2026-05-03 14:39:14 [WARNING] API call failed for /root/autodl-tmp/Show-o/janus-pro-1B/Janus/brushstroke_janus/eval_results/emoart_janus_itfi_layer21_22_23_top100_lam1p0_resumable/t2i_images/01024.png (attempt 2/3): Connection error.
2026-05-03 14:39:17 [ERROR] API call failed for /root/autodl-tmp/Show-o/janus-pro-1B/Janus/brushstroke_janus/eval_results/emoart_janus_itfi_layer21_22_23_top100_lam1p0_resumable/t2i_images/01024.png after 3 attempts: Connection error.
2026-05-03 14:39:19 [WARNING] API call failed for /root/autodl-tmp/Show-o/janus-pro-1B/Janus/brushstroke_janus/eval_results/emoart_janus_itfi_layer21_22_23_top100_lam1p0_resumable/t2i_images/01025.png (attempt 1/3): Connection error.
2026-05-03 14:39:22 [WARNING] API call failed for /root/autodl-tmp/Show-o/janus-pro-1B/Janus/brushstroke_janus/eval_results/emoart_janus_itfi_layer21_22_23_top100_lam1p0_resumable/t2i_images/01025.png (attempt 2/3): Connection error.
2026-05-03 14:39:24 [ERROR] API call failed for /root/autodl-tmp/Show-o/janus-pro-1B/Janus/brushstroke_janus/eval_results/emoart_janus_itfi_layer21_22_23_top100_lam1p0_resumable/t2i_images/01025.png after 3 attempts: Connection error.
2026-05-03 14:39:26 [WARNING] API call failed for /root/autodl-tmp/Show-o/janus-pro-1B/Janus/brushstroke_janus/eval_results/emoart_janus_itfi_layer21_22_23_top100_lam1p0_resumable/t2i_images/01026.png (attempt 1/3): Connection error.
2026-05-03 14:39:29 [WARNING] API call failed for /root/autodl-tmp/Show-o/janus-pro-1B/Janus/brushstroke_janus/eval_results/emoart_janus_itfi_layer21_22_23_top100_lam1p0_resumable/t2i_images/01026.png (attempt 2/3): Connection error.
2026-05-03 14:39:31 [ERROR] API call failed for /root/autodl-tmp/Show-o/janus-pro-1B/Janus/brushstroke_janus/eval_results/emoart_janus_itfi_layer21_22_23_top100_lam1p0_resumable/t2i_images/01026.png after 3 attempts: Connection error.
2026-05-03 14:39:33 [WARNING] API call failed for /root/autodl-tmp/Show-o/janus-pro-1B/Janus/brushstroke_janus/eval_results/emoart_janus_itfi_layer21_22_23_top100_lam1p0_resumable/t2i_images/01027.png (attempt 1/3): Connection error.
2026-05-03 14:39:36 [WARNING] API call failed for /root/autodl-tmp/Show-o/janus-pro-1B/Janus/brushstroke_janus/eval_results/emoart_janus_itfi_layer21_22_23_top100_lam1p0_resumable/t2i_images/01027.png (attempt 2/3): Connection error.
2026-05-03 14:39:38 [ERROR] API call failed for /root/autodl-tmp/Show-o/janus-pro-1B/Janus/brushstroke_janus/eval_results/emoart_janus_itfi_layer21_22_23_top100_lam1p0_resumable/t2i_images/01027.png after 3 attempts: Connection error.
2026-05-03 14:39:40 [WARNING] API call failed for /root/autodl-tmp/Show-o/janus-pro-1B/Janus/brushstroke_janus/eval_results/emoart_janus_itfi_layer21_22_23_top100_lam1p0_resumable/t2i_images/01028.png (attempt 1/3): Connection error.
2026-05-03 14:39:43 [WARNING] API call failed for /root/autodl-tmp/Show-o/janus-pro-1B/Janus/brushstroke_janus/eval_results/emoart_janus_itfi_layer21_22_23_top100_lam1p0_resumable/t2i_images/01028.png (attempt 2/3): Connection error.
2026-05-03 14:39:45 [ERROR] API call failed for /root/autodl-tmp/Show-o/janus-pro-1B/Janus/brushstroke_janus/eval_results/emoart_janus_itfi_layer21_22_23_top100_lam1p0_resumable/t2i_images/01028.png after 3 attempts: Connection error.
2026-05-03 14:39:47 [WARNING] API call failed for /root/autodl-tmp/Show-o/janus-pro-1B/Janus/brushstroke_janus/eval_results/emoart_janus_itfi_layer21_22_23_top100_lam1p0_resumable/t2i_images/01029.png (attempt 1/3): Connection error.
2026-05-03 14:39:50 [WARNING] API call failed for /root/autodl-tmp/Show-o/janus-pro-1B/Janus/brushstroke_janus/eval_results/emoart_janus_itfi_layer21_22_23_top100_lam1p0_resumable/t2i_images/01029.png (attempt 2/3): Connection error.
2026-05-03 14:39:52 [ERROR] API call failed for /root/autodl-tmp/Show-o/janus-pro-1B/Janus/brushstroke_janus/eval_results/emoart_janus_itfi_layer21_22_23_top100_lam1p0_resumable/t2i_images/01029.png after 3 attempts: Connection error.
2026-05-03 14:39:54 [WARNING] API call failed for /root/autodl-tmp/Show-o/janus-pro-1B/Janus/brushstroke_janus/eval_results/emoart_janus_itfi_layer21_22_23_top100_lam1p0_resumable/t2i_images/01030.png (attempt 1/3): Connection error.
2026-05-03 14:39:57 [WARNING] API call failed for /root/autodl-tmp/Show-o/janus-pro-1B/Janus/brushstroke_janus/eval_results/emoart_janus_itfi_layer21_22_23_top100_lam1p0_resumable/t2i_images/01030.png (attempt 2/3): Connection error.
2026-05-03 14:39:59 [ERROR] API call failed for /root/autodl-tmp/Show-o/janus-pro-1B/Janus/brushstroke_janus/eval_results/emoart_janus_itfi_layer21_22_23_top100_lam1p0_resumable/t2i_images/01030.png after 3 attempts: Connection error.
2026-05-03 14:40:01 [WARNING] API call failed for /root/autodl-tmp/Show-o/janus-pro-1B/Janus/brushstroke_janus/eval_results/emoart_janus_itfi_layer21_22_23_top100_lam1p0_resumable/t2i_images/01031.png (attempt 1/3): Connection error.
2026-05-03 14:40:03 [WARNING] API call failed for /root/autodl-tmp/Show-o/janus-pro-1B/Janus/brushstroke_janus/eval_results/emoart_janus_itfi_layer21_22_23_top100_lam1p0_resumable/t2i_images/01031.png (attempt 2/3): Connection error.
2026-05-03 14:40:06 [ERROR] API call failed for /root/autodl-tmp/Show-o/janus-pro-1B/Janus/brushstroke_janus/eval_results/emoart_janus_itfi_layer21_22_23_top100_lam1p0_resumable/t2i_images/01031.png after 3 attempts: Connection error.
2026-05-03 14:40:08 [WARNING] API call failed for /root/autodl-tmp/Show-o/janus-pro-1B/Janus/brushstroke_janus/eval_results/emoart_janus_itfi_layer21_22_23_top100_lam1p0_resumable/t2i_images/01032.png (attempt 1/3): Connection error.
2026-05-03 14:40:10 [WARNING] API call failed for /root/autodl-tmp/Show-o/janus-pro-1B/Janus/brushstroke_janus/eval_results/emoart_janus_itfi_layer21_22_23_top100_lam1p0_resumable/t2i_images/01032.png (attempt 2/3): Connection error.
2026-05-03 14:40:13 [ERROR] API call failed for /root/autodl-tmp/Show-o/janus-pro-1B/Janus/brushstroke_janus/eval_results/emoart_janus_itfi_layer21_22_23_top100_lam1p0_resumable/t2i_images/01032.png after 3 attempts: Connection error.
2026-05-03 14:40:15 [WARNING] API call failed for /root/autodl-tmp/Show-o/janus-pro-1B/Janus/brushstroke_janus/eval_results/emoart_janus_itfi_layer21_22_23_top100_lam1p0_resumable/t2i_images/01033.png (attempt 1/3): Connection error.
2026-05-03 14:40:17 [WARNING] API call failed for /root/autodl-tmp/Show-o/janus-pro-1B/Janus/brushstroke_janus/eval_results/emoart_janus_itfi_layer21_22_23_top100_lam1p0_resumable/t2i_images/01033.png (attempt 2/3): Connection error.
2026-05-03 14:40:20 [ERROR] API call failed for /root/autodl-tmp/Show-o/janus-pro-1B/Janus/brushstroke_janus/eval_results/emoart_janus_itfi_layer21_22_23_top100_lam1p0_resumable/t2i_images/01033.png after 3 attempts: Connection error.
2026-05-03 14:40:22 [WARNING] API call failed for /root/autodl-tmp/Show-o/janus-pro-1B/Janus/brushstroke_janus/eval_results/emoart_janus_itfi_layer21_22_23_top100_lam1p0_resumable/t2i_images/01034.png (attempt 1/3): Connection error.
2026-05-03 14:40:24 [WARNING] API call failed for /root/autodl-tmp/Show-o/janus-pro-1B/Janus/brushstroke_janus/eval_results/emoart_janus_itfi_layer21_22_23_top100_lam1p0_resumable/t2i_images/01034.png (attempt 2/3): Connection error.
2026-05-03 14:40:27 [ERROR] API call failed for /root/autodl-tmp/Show-o/janus-pro-1B/Janus/brushstroke_janus/eval_results/emoart_janus_itfi_layer21_22_23_top100_lam1p0_resumable/t2i_images/01034.png after 3 attempts: Connection error.
2026-05-03 14:40:29 [WARNING] API call failed for /root/autodl-tmp/Show-o/janus-pro-1B/Janus/brushstroke_janus/eval_results/emoart_janus_itfi_layer21_22_23_top100_lam1p0_resumable/t2i_images/01035.png (attempt 1/3): Connection error.
2026-05-03 14:40:31 [WARNING] API call failed for /root/autodl-tmp/Show-o/janus-pro-1B/Janus/brushstroke_janus/eval_results/emoart_janus_itfi_layer21_22_23_top100_lam1p0_resumable/t2i_images/01035.png (attempt 2/3): Connection error.
2026-05-03 14:40:34 [ERROR] API call failed for /root/autodl-tmp/Show-o/janus-pro-1B/Janus/brushstroke_janus/eval_results/emoart_janus_itfi_layer21_22_23_top100_lam1p0_resumable/t2i_images/01035.png after 3 attempts: Connection error.
2026-05-03 14:40:36 [WARNING] API call failed for /root/autodl-tmp/Show-o/janus-pro-1B/Janus/brushstroke_janus/eval_results/emoart_janus_itfi_layer21_22_23_top100_lam1p0_resumable/t2i_images/01036.png (attempt 1/3): Connection error.
2026-05-03 14:40:38 [WARNING] API call failed for /root/autodl-tmp/Show-o/janus-pro-1B/Janus/brushstroke_janus/eval_results/emoart_janus_itfi_layer21_22_23_top100_lam1p0_resumable/t2i_images/01036.png (attempt 2/3): Connection error.
2026-05-03 14:40:41 [ERROR] API call failed for /root/autodl-tmp/Show-o/janus-pro-1B/Janus/brushstroke_janus/eval_results/emoart_janus_itfi_layer21_22_23_top100_lam1p0_resumable/t2i_images/01036.png after 3 attempts: Connection error.
2026-05-03 14:40:43 [WARNING] API call failed for /root/autodl-tmp/Show-o/janus-pro-1B/Janus/brushstroke_janus/eval_results/emoart_janus_itfi_layer21_22_23_top100_lam1p0_resumable/t2i_images/01037.png (attempt 1/3): Connection error.
2026-05-03 14:40:45 [WARNING] API call failed for /root/autodl-tmp/Show-o/janus-pro-1B/Janus/brushstroke_janus/eval_results/emoart_janus_itfi_layer21_22_23_top100_lam1p0_resumable/t2i_images/01037.png (attempt 2/3): Connection error.
2026-05-03 14:40:47 [ERROR] API call failed for /root/autodl-tmp/Show-o/janus-pro-1B/Janus/brushstroke_janus/eval_results/emoart_janus_itfi_layer21_22_23_top100_lam1p0_resumable/t2i_images/01037.png after 3 attempts: Connection error.
2026-05-03 14:40:50 [WARNING] API call failed for /root/autodl-tmp/Show-o/janus-pro-1B/Janus/brushstroke_janus/eval_results/emoart_janus_itfi_layer21_22_23_top100_lam1p0_resumable/t2i_images/01038.png (attempt 1/3): Connection error.
2026-05-03 14:40:52 [WARNING] API call failed for /root/autodl-tmp/Show-o/janus-pro-1B/Janus/brushstroke_janus/eval_results/emoart_janus_itfi_layer21_22_23_top100_lam1p0_resumable/t2i_images/01038.png (attempt 2/3): Connection error.
2026-05-03 14:40:55 [ERROR] API call failed for /root/autodl-tmp/Show-o/janus-pro-1B/Janus/brushstroke_janus/eval_results/emoart_janus_itfi_layer21_22_23_top100_lam1p0_resumable/t2i_images/01038.png after 3 attempts: Connection error.
2026-05-03 14:40:57 [WARNING] API call failed for /root/autodl-tmp/Show-o/janus-pro-1B/Janus/brushstroke_janus/eval_results/emoart_janus_itfi_layer21_22_23_top100_lam1p0_resumable/t2i_images/01039.png (attempt 1/3): Connection error.
2026-05-03 14:40:59 [WARNING] API call failed for /root/autodl-tmp/Show-o/janus-pro-1B/Janus/brushstroke_janus/eval_results/emoart_janus_itfi_layer21_22_23_top100_lam1p0_resumable/t2i_images/01039.png (attempt 2/3): Connection error.
2026-05-03 14:41:02 [ERROR] API call failed for /root/autodl-tmp/Show-o/janus-pro-1B/Janus/brushstroke_janus/eval_results/emoart_janus_itfi_layer21_22_23_top100_lam1p0_resumable/t2i_images/01039.png after 3 attempts: Connection error.
2026-05-03 14:41:04 [WARNING] API call failed for /root/autodl-tmp/Show-o/janus-pro-1B/Janus/brushstroke_janus/eval_results/emoart_janus_itfi_layer21_22_23_top100_lam1p0_resumable/t2i_images/01040.png (attempt 1/3): Connection error.
2026-05-03 14:41:07 [WARNING] API call failed for /root/autodl-tmp/Show-o/janus-pro-1B/Janus/brushstroke_janus/eval_results/emoart_janus_itfi_layer21_22_23_top100_lam1p0_resumable/t2i_images/01040.png (attempt 2/3): Connection error.
2026-05-03 14:41:09 [ERROR] API call failed for /root/autodl-tmp/Show-o/janus-pro-1B/Janus/brushstroke_janus/eval_results/emoart_janus_itfi_layer21_22_23_top100_lam1p0_resumable/t2i_images/01040.png after 3 attempts: Connection error.
2026-05-03 14:41:11 [WARNING] API call failed for /root/autodl-tmp/Show-o/janus-pro-1B/Janus/brushstroke_janus/eval_results/emoart_janus_itfi_layer21_22_23_top100_lam1p0_resumable/t2i_images/01041.png (attempt 1/3): Connection error.
2026-05-03 14:41:13 [WARNING] API call failed for /root/autodl-tmp/Show-o/janus-pro-1B/Janus/brushstroke_janus/eval_results/emoart_janus_itfi_layer21_22_23_top100_lam1p0_resumable/t2i_images/01041.png (attempt 2/3): Connection error.
2026-05-03 14:41:16 [ERROR] API call failed for /root/autodl-tmp/Show-o/janus-pro-1B/Janus/brushstroke_janus/eval_results/emoart_janus_itfi_layer21_22_23_top100_lam1p0_resumable/t2i_images/01041.png after 3 attempts: Connection error.
2026-05-03 14:41:18 [WARNING] API call failed for /root/autodl-tmp/Show-o/janus-pro-1B/Janus/brushstroke_janus/eval_results/emoart_janus_itfi_layer21_22_23_top100_lam1p0_resumable/t2i_images/01042.png (attempt 1/3): Connection error.
2026-05-03 14:41:20 [WARNING] API call failed for /root/autodl-tmp/Show-o/janus-pro-1B/Janus/brushstroke_janus/eval_results/emoart_janus_itfi_layer21_22_23_top100_lam1p0_resumable/t2i_images/01042.png (attempt 2/3): Connection error.
2026-05-03 14:41:23 [ERROR] API call failed for /root/autodl-tmp/Show-o/janus-pro-1B/Janus/brushstroke_janus/eval_results/emoart_janus_itfi_layer21_22_23_top100_lam1p0_resumable/t2i_images/01042.png after 3 attempts: Connection error.
2026-05-03 14:41:25 [WARNING] API call failed for /root/autodl-tmp/Show-o/janus-pro-1B/Janus/brushstroke_janus/eval_results/emoart_janus_itfi_layer21_22_23_top100_lam1p0_resumable/t2i_images/01043.png (attempt 1/3): Connection error.
2026-05-03 14:41:28 [WARNING] API call failed for /root/autodl-tmp/Show-o/janus-pro-1B/Janus/brushstroke_janus/eval_results/emoart_janus_itfi_layer21_22_23_top100_lam1p0_resumable/t2i_images/01043.png (attempt 2/3): Connection error.
2026-05-03 14:41:30 [ERROR] API call failed for /root/autodl-tmp/Show-o/janus-pro-1B/Janus/brushstroke_janus/eval_results/emoart_janus_itfi_layer21_22_23_top100_lam1p0_resumable/t2i_images/01043.png after 3 attempts: Connection error.
2026-05-03 14:41:32 [WARNING] API call failed for /root/autodl-tmp/Show-o/janus-pro-1B/Janus/brushstroke_janus/eval_results/emoart_janus_itfi_layer21_22_23_top100_lam1p0_resumable/t2i_images/01044.png (attempt 1/3): Connection error.
2026-05-03 14:41:34 [WARNING] API call failed for /root/autodl-tmp/Show-o/janus-pro-1B/Janus/brushstroke_janus/eval_results/emoart_janus_itfi_layer21_22_23_top100_lam1p0_resumable/t2i_images/01044.png (attempt 2/3): Connection error.
2026-05-03 14:41:37 [ERROR] API call failed for /root/autodl-tmp/Show-o/janus-pro-1B/Janus/brushstroke_janus/eval_results/emoart_janus_itfi_layer21_22_23_top100_lam1p0_resumable/t2i_images/01044.png after 3 attempts: Connection error.
2026-05-03 14:41:39 [WARNING] API call failed for /root/autodl-tmp/Show-o/janus-pro-1B/Janus/brushstroke_janus/eval_results/emoart_janus_itfi_layer21_22_23_top100_lam1p0_resumable/t2i_images/01045.png (attempt 1/3): Connection error.
2026-05-03 14:41:42 [WARNING] API call failed for /root/autodl-tmp/Show-o/janus-pro-1B/Janus/brushstroke_janus/eval_results/emoart_janus_itfi_layer21_22_23_top100_lam1p0_resumable/t2i_images/01045.png (attempt 2/3): Connection error.
2026-05-03 14:41:44 [ERROR] API call failed for /root/autodl-tmp/Show-o/janus-pro-1B/Janus/brushstroke_janus/eval_results/emoart_janus_itfi_layer21_22_23_top100_lam1p0_resumable/t2i_images/01045.png after 3 attempts: Connection error.
2026-05-03 14:41:46 [WARNING] API call failed for /root/autodl-tmp/Show-o/janus-pro-1B/Janus/brushstroke_janus/eval_results/emoart_janus_itfi_layer21_22_23_top100_lam1p0_resumable/t2i_images/01046.png (attempt 1/3): Connection error.
2026-05-03 14:41:49 [WARNING] API call failed for /root/autodl-tmp/Show-o/janus-pro-1B/Janus/brushstroke_janus/eval_results/emoart_janus_itfi_layer21_22_23_top100_lam1p0_resumable/t2i_images/01046.png (attempt 2/3): Connection error.
2026-05-03 14:41:51 [ERROR] API call failed for /root/autodl-tmp/Show-o/janus-pro-1B/Janus/brushstroke_janus/eval_results/emoart_janus_itfi_layer21_22_23_top100_lam1p0_resumable/t2i_images/01046.png after 3 attempts: Connection error.
2026-05-03 14:41:53 [WARNING] API call failed for /root/autodl-tmp/Show-o/janus-pro-1B/Janus/brushstroke_janus/eval_results/emoart_janus_itfi_layer21_22_23_top100_lam1p0_resumable/t2i_images/01047.png (attempt 1/3): Connection error.
2026-05-03 14:41:55 [WARNING] API call failed for /root/autodl-tmp/Show-o/janus-pro-1B/Janus/brushstroke_janus/eval_results/emoart_janus_itfi_layer21_22_23_top100_lam1p0_resumable/t2i_images/01047.png (attempt 2/3): Connection error.
2026-05-03 14:41:57 [ERROR] API call failed for /root/autodl-tmp/Show-o/janus-pro-1B/Janus/brushstroke_janus/eval_results/emoart_janus_itfi_layer21_22_23_top100_lam1p0_resumable/t2i_images/01047.png after 3 attempts: Connection error.
2026-05-03 14:42:00 [WARNING] API call failed for /root/autodl-tmp/Show-o/janus-pro-1B/Janus/brushstroke_janus/eval_results/emoart_janus_itfi_layer21_22_23_top100_lam1p0_resumable/t2i_images/01048.png (attempt 1/3): Connection error.
2026-05-03 14:42:02 [WARNING] API call failed for /root/autodl-tmp/Show-o/janus-pro-1B/Janus/brushstroke_janus/eval_results/emoart_janus_itfi_layer21_22_23_top100_lam1p0_resumable/t2i_images/01048.png (attempt 2/3): Connection error.
2026-05-03 14:42:04 [ERROR] API call failed for /root/autodl-tmp/Show-o/janus-pro-1B/Janus/brushstroke_janus/eval_results/emoart_janus_itfi_layer21_22_23_top100_lam1p0_resumable/t2i_images/01048.png after 3 attempts: Connection error.
2026-05-03 14:42:06 [WARNING] API call failed for /root/autodl-tmp/Show-o/janus-pro-1B/Janus/brushstroke_janus/eval_results/emoart_janus_itfi_layer21_22_23_top100_lam1p0_resumable/t2i_images/01049.png (attempt 1/3): Connection error.
2026-05-03 14:42:09 [WARNING] API call failed for /root/autodl-tmp/Show-o/janus-pro-1B/Janus/brushstroke_janus/eval_results/emoart_janus_itfi_layer21_22_23_top100_lam1p0_resumable/t2i_images/01049.png (attempt 2/3): Connection error.
2026-05-03 14:42:11 [ERROR] API call failed for /root/autodl-tmp/Show-o/janus-pro-1B/Janus/brushstroke_janus/eval_results/emoart_janus_itfi_layer21_22_23_top100_lam1p0_resumable/t2i_images/01049.png after 3 attempts: Connection error.
2026-05-03 14:42:14 [WARNING] API call failed for /root/autodl-tmp/Show-o/janus-pro-1B/Janus/brushstroke_janus/eval_results/emoart_janus_itfi_layer21_22_23_top100_lam1p0_resumable/t2i_images/01050.png (attempt 1/3): Connection error.
2026-05-03 14:42:16 [WARNING] API call failed for /root/autodl-tmp/Show-o/janus-pro-1B/Janus/brushstroke_janus/eval_results/emoart_janus_itfi_layer21_22_23_top100_lam1p0_resumable/t2i_images/01050.png (attempt 2/3): Connection error.
2026-05-03 14:42:18 [ERROR] API call failed for /root/autodl-tmp/Show-o/janus-pro-1B/Janus/brushstroke_janus/eval_results/emoart_janus_itfi_layer21_22_23_top100_lam1p0_resumable/t2i_images/01050.png after 3 attempts: Connection error.
2026-05-03 14:42:20 [WARNING] API call failed for /root/autodl-tmp/Show-o/janus-pro-1B/Janus/brushstroke_janus/eval_results/emoart_janus_itfi_layer21_22_23_top100_lam1p0_resumable/t2i_images/01051.png (attempt 1/3): Connection error.
2026-05-03 14:42:23 [WARNING] API call failed for /root/autodl-tmp/Show-o/janus-pro-1B/Janus/brushstroke_janus/eval_results/emoart_janus_itfi_layer21_22_23_top100_lam1p0_resumable/t2i_images/01051.png (attempt 2/3): Connection error.
2026-05-03 14:42:25 [ERROR] API call failed for /root/autodl-tmp/Show-o/janus-pro-1B/Janus/brushstroke_janus/eval_results/emoart_janus_itfi_layer21_22_23_top100_lam1p0_resumable/t2i_images/01051.png after 3 attempts: Connection error.
2026-05-03 14:42:27 [WARNING] API call failed for /root/autodl-tmp/Show-o/janus-pro-1B/Janus/brushstroke_janus/eval_results/emoart_janus_itfi_layer21_22_23_top100_lam1p0_resumable/t2i_images/01052.png (attempt 1/3): Connection error.
2026-05-03 14:42:30 [WARNING] API call failed for /root/autodl-tmp/Show-o/janus-pro-1B/Janus/brushstroke_janus/eval_results/emoart_janus_itfi_layer21_22_23_top100_lam1p0_resumable/t2i_images/01052.png (attempt 2/3): Connection error.
2026-05-03 14:42:32 [ERROR] API call failed for /root/autodl-tmp/Show-o/janus-pro-1B/Janus/brushstroke_janus/eval_results/emoart_janus_itfi_layer21_22_23_top100_lam1p0_resumable/t2i_images/01052.png after 3 attempts: Connection error.
2026-05-03 14:42:34 [WARNING] API call failed for /root/autodl-tmp/Show-o/janus-pro-1B/Janus/brushstroke_janus/eval_results/emoart_janus_itfi_layer21_22_23_top100_lam1p0_resumable/t2i_images/01053.png (attempt 1/3): Connection error.
2026-05-03 14:42:37 [WARNING] API call failed for /root/autodl-tmp/Show-o/janus-pro-1B/Janus/brushstroke_janus/eval_results/emoart_janus_itfi_layer21_22_23_top100_lam1p0_resumable/t2i_images/01053.png (attempt 2/3): Connection error.
2026-05-03 14:42:39 [ERROR] API call failed for /root/autodl-tmp/Show-o/janus-pro-1B/Janus/brushstroke_janus/eval_results/emoart_janus_itfi_layer21_22_23_top100_lam1p0_resumable/t2i_images/01053.png after 3 attempts: Connection error.
2026-05-03 14:42:41 [WARNING] API call failed for /root/autodl-tmp/Show-o/janus-pro-1B/Janus/brushstroke_janus/eval_results/emoart_janus_itfi_layer21_22_23_top100_lam1p0_resumable/t2i_images/01054.png (attempt 1/3): Connection error.
2026-05-03 14:42:44 [WARNING] API call failed for /root/autodl-tmp/Show-o/janus-pro-1B/Janus/brushstroke_janus/eval_results/emoart_janus_itfi_layer21_22_23_top100_lam1p0_resumable/t2i_images/01054.png (attempt 2/3): Connection error.
2026-05-03 14:42:46 [ERROR] API call failed for /root/autodl-tmp/Show-o/janus-pro-1B/Janus/brushstroke_janus/eval_results/emoart_janus_itfi_layer21_22_23_top100_lam1p0_resumable/t2i_images/01054.png after 3 attempts: Connection error.
2026-05-03 14:42:48 [WARNING] API call failed for /root/autodl-tmp/Show-o/janus-pro-1B/Janus/brushstroke_janus/eval_results/emoart_janus_itfi_layer21_22_23_top100_lam1p0_resumable/t2i_images/01055.png (attempt 1/3): Connection error.
2026-05-03 14:42:51 [WARNING] API call failed for /root/autodl-tmp/Show-o/janus-pro-1B/Janus/brushstroke_janus/eval_results/emoart_janus_itfi_layer21_22_23_top100_lam1p0_resumable/t2i_images/01055.png (attempt 2/3): Connection error.
2026-05-03 14:42:53 [ERROR] API call failed for /root/autodl-tmp/Show-o/janus-pro-1B/Janus/brushstroke_janus/eval_results/emoart_janus_itfi_layer21_22_23_top100_lam1p0_resumable/t2i_images/01055.png after 3 attempts: Connection error.
2026-05-03 14:42:55 [WARNING] API call failed for /root/autodl-tmp/Show-o/janus-pro-1B/Janus/brushstroke_janus/eval_results/emoart_janus_itfi_layer21_22_23_top100_lam1p0_resumable/t2i_images/01056.png (attempt 1/3): Connection error.
2026-05-03 14:42:58 [WARNING] API call failed for /root/autodl-tmp/Show-o/janus-pro-1B/Janus/brushstroke_janus/eval_results/emoart_janus_itfi_layer21_22_23_top100_lam1p0_resumable/t2i_images/01056.png (attempt 2/3): Connection error.
2026-05-03 14:43:00 [ERROR] API call failed for /root/autodl-tmp/Show-o/janus-pro-1B/Janus/brushstroke_janus/eval_results/emoart_janus_itfi_layer21_22_23_top100_lam1p0_resumable/t2i_images/01056.png after 3 attempts: Connection error.
2026-05-03 14:43:03 [WARNING] API call failed for /root/autodl-tmp/Show-o/janus-pro-1B/Janus/brushstroke_janus/eval_results/emoart_janus_itfi_layer21_22_23_top100_lam1p0_resumable/t2i_images/01057.png (attempt 1/3): Connection error.
2026-05-03 14:43:05 [WARNING] API call failed for /root/autodl-tmp/Show-o/janus-pro-1B/Janus/brushstroke_janus/eval_results/emoart_janus_itfi_layer21_22_23_top100_lam1p0_resumable/t2i_images/01057.png (attempt 2/3): Connection error.
2026-05-03 14:43:07 [ERROR] API call failed for /root/autodl-tmp/Show-o/janus-pro-1B/Janus/brushstroke_janus/eval_results/emoart_janus_itfi_layer21_22_23_top100_lam1p0_resumable/t2i_images/01057.png after 3 attempts: Connection error.
2026-05-03 14:43:10 [WARNING] API call failed for /root/autodl-tmp/Show-o/janus-pro-1B/Janus/brushstroke_janus/eval_results/emoart_janus_itfi_layer21_22_23_top100_lam1p0_resumable/t2i_images/01058.png (attempt 1/3): Connection error.
2026-05-03 14:43:12 [WARNING] API call failed for /root/autodl-tmp/Show-o/janus-pro-1B/Janus/brushstroke_janus/eval_results/emoart_janus_itfi_layer21_22_23_top100_lam1p0_resumable/t2i_images/01058.png (attempt 2/3): Connection error.
2026-05-03 14:43:14 [ERROR] API call failed for /root/autodl-tmp/Show-o/janus-pro-1B/Janus/brushstroke_janus/eval_results/emoart_janus_itfi_layer21_22_23_top100_lam1p0_resumable/t2i_images/01058.png after 3 attempts: Connection error.
2026-05-03 14:43:17 [WARNING] API call failed for /root/autodl-tmp/Show-o/janus-pro-1B/Janus/brushstroke_janus/eval_results/emoart_janus_itfi_layer21_22_23_top100_lam1p0_resumable/t2i_images/01059.png (attempt 1/3): Connection error.
2026-05-03 14:43:19 [WARNING] API call failed for /root/autodl-tmp/Show-o/janus-pro-1B/Janus/brushstroke_janus/eval_results/emoart_janus_itfi_layer21_22_23_top100_lam1p0_resumable/t2i_images/01059.png (attempt 2/3): Connection error.
2026-05-03 14:43:22 [ERROR] API call failed for /root/autodl-tmp/Show-o/janus-pro-1B/Janus/brushstroke_janus/eval_results/emoart_janus_itfi_layer21_22_23_top100_lam1p0_resumable/t2i_images/01059.png after 3 attempts: Connection error.
2026-05-03 14:43:24 [WARNING] API call failed for /root/autodl-tmp/Show-o/janus-pro-1B/Janus/brushstroke_janus/eval_results/emoart_janus_itfi_layer21_22_23_top100_lam1p0_resumable/t2i_images/01060.png (attempt 1/3): Connection error.
2026-05-03 14:43:26 [WARNING] API call failed for /root/autodl-tmp/Show-o/janus-pro-1B/Janus/brushstroke_janus/eval_results/emoart_janus_itfi_layer21_22_23_top100_lam1p0_resumable/t2i_images/01060.png (attempt 2/3): Connection error.
2026-05-03 14:43:29 [ERROR] API call failed for /root/autodl-tmp/Show-o/janus-pro-1B/Janus/brushstroke_janus/eval_results/emoart_janus_itfi_layer21_22_23_top100_lam1p0_resumable/t2i_images/01060.png after 3 attempts: Connection error.
2026-05-03 14:43:31 [WARNING] API call failed for /root/autodl-tmp/Show-o/janus-pro-1B/Janus/brushstroke_janus/eval_results/emoart_janus_itfi_layer21_22_23_top100_lam1p0_resumable/t2i_images/01061.png (attempt 1/3): Connection error.
2026-05-03 14:43:33 [WARNING] API call failed for /root/autodl-tmp/Show-o/janus-pro-1B/Janus/brushstroke_janus/eval_results/emoart_janus_itfi_layer21_22_23_top100_lam1p0_resumable/t2i_images/01061.png (attempt 2/3): Connection error.
2026-05-03 14:43:36 [ERROR] API call failed for /root/autodl-tmp/Show-o/janus-pro-1B/Janus/brushstroke_janus/eval_results/emoart_janus_itfi_layer21_22_23_top100_lam1p0_resumable/t2i_images/01061.png after 3 attempts: Connection error.
2026-05-03 14:43:38 [WARNING] API call failed for /root/autodl-tmp/Show-o/janus-pro-1B/Janus/brushstroke_janus/eval_results/emoart_janus_itfi_layer21_22_23_top100_lam1p0_resumable/t2i_images/01062.png (attempt 1/3): Connection error.
2026-05-03 14:43:40 [WARNING] API call failed for /root/autodl-tmp/Show-o/janus-pro-1B/Janus/brushstroke_janus/eval_results/emoart_janus_itfi_layer21_22_23_top100_lam1p0_resumable/t2i_images/01062.png (attempt 2/3): Connection error.
2026-05-03 14:43:42 [ERROR] API call failed for /root/autodl-tmp/Show-o/janus-pro-1B/Janus/brushstroke_janus/eval_results/emoart_janus_itfi_layer21_22_23_top100_lam1p0_resumable/t2i_images/01062.png after 3 attempts: Connection error.
2026-05-03 14:43:45 [WARNING] API call failed for /root/autodl-tmp/Show-o/janus-pro-1B/Janus/brushstroke_janus/eval_results/emoart_janus_itfi_layer21_22_23_top100_lam1p0_resumable/t2i_images/01063.png (attempt 1/3): Connection error.
2026-05-03 14:43:47 [WARNING] API call failed for /root/autodl-tmp/Show-o/janus-pro-1B/Janus/brushstroke_janus/eval_results/emoart_janus_itfi_layer21_22_23_top100_lam1p0_resumable/t2i_images/01063.png (attempt 2/3): Connection error.
2026-05-03 14:43:49 [ERROR] API call failed for /root/autodl-tmp/Show-o/janus-pro-1B/Janus/brushstroke_janus/eval_results/emoart_janus_itfi_layer21_22_23_top100_lam1p0_resumable/t2i_images/01063.png after 3 attempts: Connection error.
2026-05-03 14:43:51 [WARNING] API call failed for /root/autodl-tmp/Show-o/janus-pro-1B/Janus/brushstroke_janus/eval_results/emoart_janus_itfi_layer21_22_23_top100_lam1p0_resumable/t2i_images/01064.png (attempt 1/3): Connection error.
2026-05-03 14:43:54 [WARNING] API call failed for /root/autodl-tmp/Show-o/janus-pro-1B/Janus/brushstroke_janus/eval_results/emoart_janus_itfi_layer21_22_23_top100_lam1p0_resumable/t2i_images/01064.png (attempt 2/3): Connection error.
2026-05-03 14:43:56 [ERROR] API call failed for /root/autodl-tmp/Show-o/janus-pro-1B/Janus/brushstroke_janus/eval_results/emoart_janus_itfi_layer21_22_23_top100_lam1p0_resumable/t2i_images/01064.png after 3 attempts: Connection error.
2026-05-03 14:43:58 [WARNING] API call failed for /root/autodl-tmp/Show-o/janus-pro-1B/Janus/brushstroke_janus/eval_results/emoart_janus_itfi_layer21_22_23_top100_lam1p0_resumable/t2i_images/01065.png (attempt 1/3): Connection error.
2026-05-03 14:44:01 [WARNING] API call failed for /root/autodl-tmp/Show-o/janus-pro-1B/Janus/brushstroke_janus/eval_results/emoart_janus_itfi_layer21_22_23_top100_lam1p0_resumable/t2i_images/01065.png (attempt 2/3): Connection error.
2026-05-03 14:44:03 [ERROR] API call failed for /root/autodl-tmp/Show-o/janus-pro-1B/Janus/brushstroke_janus/eval_results/emoart_janus_itfi_layer21_22_23_top100_lam1p0_resumable/t2i_images/01065.png after 3 attempts: Connection error.
2026-05-03 14:44:05 [WARNING] API call failed for /root/autodl-tmp/Show-o/janus-pro-1B/Janus/brushstroke_janus/eval_results/emoart_janus_itfi_layer21_22_23_top100_lam1p0_resumable/t2i_images/01066.png (attempt 1/3): Connection error.
2026-05-03 14:44:07 [WARNING] API call failed for /root/autodl-tmp/Show-o/janus-pro-1B/Janus/brushstroke_janus/eval_results/emoart_janus_itfi_layer21_22_23_top100_lam1p0_resumable/t2i_images/01066.png (attempt 2/3): Connection error.
2026-05-03 14:44:10 [ERROR] API call failed for /root/autodl-tmp/Show-o/janus-pro-1B/Janus/brushstroke_janus/eval_results/emoart_janus_itfi_layer21_22_23_top100_lam1p0_resumable/t2i_images/01066.png after 3 attempts: Connection error.
2026-05-03 14:44:12 [WARNING] API call failed for /root/autodl-tmp/Show-o/janus-pro-1B/Janus/brushstroke_janus/eval_results/emoart_janus_itfi_layer21_22_23_top100_lam1p0_resumable/t2i_images/01067.png (attempt 1/3): Connection error.
2026-05-03 14:44:15 [WARNING] API call failed for /root/autodl-tmp/Show-o/janus-pro-1B/Janus/brushstroke_janus/eval_results/emoart_janus_itfi_layer21_22_23_top100_lam1p0_resumable/t2i_images/01067.png (attempt 2/3): Connection error.
2026-05-03 14:44:17 [ERROR] API call failed for /root/autodl-tmp/Show-o/janus-pro-1B/Janus/brushstroke_janus/eval_results/emoart_janus_itfi_layer21_22_23_top100_lam1p0_resumable/t2i_images/01067.png after 3 attempts: Connection error.
2026-05-03 14:44:19 [WARNING] API call failed for /root/autodl-tmp/Show-o/janus-pro-1B/Janus/brushstroke_janus/eval_results/emoart_janus_itfi_layer21_22_23_top100_lam1p0_resumable/t2i_images/01068.png (attempt 1/3): Connection error.
2026-05-03 14:44:22 [WARNING] API call failed for /root/autodl-tmp/Show-o/janus-pro-1B/Janus/brushstroke_janus/eval_results/emoart_janus_itfi_layer21_22_23_top100_lam1p0_resumable/t2i_images/01068.png (attempt 2/3): Connection error.
2026-05-03 14:44:24 [ERROR] API call failed for /root/autodl-tmp/Show-o/janus-pro-1B/Janus/brushstroke_janus/eval_results/emoart_janus_itfi_layer21_22_23_top100_lam1p0_resumable/t2i_images/01068.png after 3 attempts: Connection error.
2026-05-03 14:44:26 [WARNING] API call failed for /root/autodl-tmp/Show-o/janus-pro-1B/Janus/brushstroke_janus/eval_results/emoart_janus_itfi_layer21_22_23_top100_lam1p0_resumable/t2i_images/01069.png (attempt 1/3): Connection error.
2026-05-03 14:44:29 [WARNING] API call failed for /root/autodl-tmp/Show-o/janus-pro-1B/Janus/brushstroke_janus/eval_results/emoart_janus_itfi_layer21_22_23_top100_lam1p0_resumable/t2i_images/01069.png (attempt 2/3): Connection error.
2026-05-03 14:44:31 [ERROR] API call failed for /root/autodl-tmp/Show-o/janus-pro-1B/Janus/brushstroke_janus/eval_results/emoart_janus_itfi_layer21_22_23_top100_lam1p0_resumable/t2i_images/01069.png after 3 attempts: Connection error.
2026-05-03 14:44:33 [WARNING] API call failed for /root/autodl-tmp/Show-o/janus-pro-1B/Janus/brushstroke_janus/eval_results/emoart_janus_itfi_layer21_22_23_top100_lam1p0_resumable/t2i_images/01070.png (attempt 1/3): Connection error.
2026-05-03 14:44:36 [WARNING] API call failed for /root/autodl-tmp/Show-o/janus-pro-1B/Janus/brushstroke_janus/eval_results/emoart_janus_itfi_layer21_22_23_top100_lam1p0_resumable/t2i_images/01070.png (attempt 2/3): Connection error.
2026-05-03 14:44:38 [ERROR] API call failed for /root/autodl-tmp/Show-o/janus-pro-1B/Janus/brushstroke_janus/eval_results/emoart_janus_itfi_layer21_22_23_top100_lam1p0_resumable/t2i_images/01070.png after 3 attempts: Connection error.
2026-05-03 14:44:40 [WARNING] API call failed for /root/autodl-tmp/Show-o/janus-pro-1B/Janus/brushstroke_janus/eval_results/emoart_janus_itfi_layer21_22_23_top100_lam1p0_resumable/t2i_images/01071.png (attempt 1/3): Connection error.
2026-05-03 14:44:43 [WARNING] API call failed for /root/autodl-tmp/Show-o/janus-pro-1B/Janus/brushstroke_janus/eval_results/emoart_janus_itfi_layer21_22_23_top100_lam1p0_resumable/t2i_images/01071.png (attempt 2/3): Connection error.
2026-05-03 14:44:45 [ERROR] API call failed for /root/autodl-tmp/Show-o/janus-pro-1B/Janus/brushstroke_janus/eval_results/emoart_janus_itfi_layer21_22_23_top100_lam1p0_resumable/t2i_images/01071.png after 3 attempts: Connection error.
2026-05-03 14:44:47 [WARNING] API call failed for /root/autodl-tmp/Show-o/janus-pro-1B/Janus/brushstroke_janus/eval_results/emoart_janus_itfi_layer21_22_23_top100_lam1p0_resumable/t2i_images/01072.png (attempt 1/3): Connection error.
2026-05-03 14:44:50 [WARNING] API call failed for /root/autodl-tmp/Show-o/janus-pro-1B/Janus/brushstroke_janus/eval_results/emoart_janus_itfi_layer21_22_23_top100_lam1p0_resumable/t2i_images/01072.png (attempt 2/3): Connection error.
2026-05-03 14:44:52 [ERROR] API call failed for /root/autodl-tmp/Show-o/janus-pro-1B/Janus/brushstroke_janus/eval_results/emoart_janus_itfi_layer21_22_23_top100_lam1p0_resumable/t2i_images/01072.png after 3 attempts: Connection error.
2026-05-03 14:44:54 [WARNING] API call failed for /root/autodl-tmp/Show-o/janus-pro-1B/Janus/brushstroke_janus/eval_results/emoart_janus_itfi_layer21_22_23_top100_lam1p0_resumable/t2i_images/01073.png (attempt 1/3): Connection error.
2026-05-03 14:44:57 [WARNING] API call failed for /root/autodl-tmp/Show-o/janus-pro-1B/Janus/brushstroke_janus/eval_results/emoart_janus_itfi_layer21_22_23_top100_lam1p0_resumable/t2i_images/01073.png (attempt 2/3): Connection error.
2026-05-03 14:44:59 [ERROR] API call failed for /root/autodl-tmp/Show-o/janus-pro-1B/Janus/brushstroke_janus/eval_results/emoart_janus_itfi_layer21_22_23_top100_lam1p0_resumable/t2i_images/01073.png after 3 attempts: Connection error.
2026-05-03 14:45:02 [WARNING] API call failed for /root/autodl-tmp/Show-o/janus-pro-1B/Janus/brushstroke_janus/eval_results/emoart_janus_itfi_layer21_22_23_top100_lam1p0_resumable/t2i_images/01074.png (attempt 1/3): Connection error.
2026-05-03 14:45:04 [WARNING] API call failed for /root/autodl-tmp/Show-o/janus-pro-1B/Janus/brushstroke_janus/eval_results/emoart_janus_itfi_layer21_22_23_top100_lam1p0_resumable/t2i_images/01074.png (attempt 2/3): Connection error.
2026-05-03 14:45:06 [ERROR] API call failed for /root/autodl-tmp/Show-o/janus-pro-1B/Janus/brushstroke_janus/eval_results/emoart_janus_itfi_layer21_22_23_top100_lam1p0_resumable/t2i_images/01074.png after 3 attempts: Connection error.
2026-05-03 14:45:09 [WARNING] API call failed for /root/autodl-tmp/Show-o/janus-pro-1B/Janus/brushstroke_janus/eval_results/emoart_janus_itfi_layer21_22_23_top100_lam1p0_resumable/t2i_images/01075.png (attempt 1/3): Connection error.
2026-05-03 14:45:11 [WARNING] API call failed for /root/autodl-tmp/Show-o/janus-pro-1B/Janus/brushstroke_janus/eval_results/emoart_janus_itfi_layer21_22_23_top100_lam1p0_resumable/t2i_images/01075.png (attempt 2/3): Connection error.
2026-05-03 14:45:13 [ERROR] API call failed for /root/autodl-tmp/Show-o/janus-pro-1B/Janus/brushstroke_janus/eval_results/emoart_janus_itfi_layer21_22_23_top100_lam1p0_resumable/t2i_images/01075.png after 3 attempts: Connection error.
2026-05-03 14:45:16 [WARNING] API call failed for /root/autodl-tmp/Show-o/janus-pro-1B/Janus/brushstroke_janus/eval_results/emoart_janus_itfi_layer21_22_23_top100_lam1p0_resumable/t2i_images/01076.png (attempt 1/3): Connection error.
2026-05-03 14:45:18 [WARNING] API call failed for /root/autodl-tmp/Show-o/janus-pro-1B/Janus/brushstroke_janus/eval_results/emoart_janus_itfi_layer21_22_23_top100_lam1p0_resumable/t2i_images/01076.png (attempt 2/3): Connection error.
2026-05-03 14:45:20 [ERROR] API call failed for /root/autodl-tmp/Show-o/janus-pro-1B/Janus/brushstroke_janus/eval_results/emoart_janus_itfi_layer21_22_23_top100_lam1p0_resumable/t2i_images/01076.png after 3 attempts: Connection error.
2026-05-03 14:45:23 [WARNING] API call failed for /root/autodl-tmp/Show-o/janus-pro-1B/Janus/brushstroke_janus/eval_results/emoart_janus_itfi_layer21_22_23_top100_lam1p0_resumable/t2i_images/01077.png (attempt 1/3): Connection error.
2026-05-03 14:45:25 [WARNING] API call failed for /root/autodl-tmp/Show-o/janus-pro-1B/Janus/brushstroke_janus/eval_results/emoart_janus_itfi_layer21_22_23_top100_lam1p0_resumable/t2i_images/01077.png (attempt 2/3): Connection error.
2026-05-03 14:45:27 [ERROR] API call failed for /root/autodl-tmp/Show-o/janus-pro-1B/Janus/brushstroke_janus/eval_results/emoart_janus_itfi_layer21_22_23_top100_lam1p0_resumable/t2i_images/01077.png after 3 attempts: Connection error.
2026-05-03 14:45:30 [WARNING] API call failed for /root/autodl-tmp/Show-o/janus-pro-1B/Janus/brushstroke_janus/eval_results/emoart_janus_itfi_layer21_22_23_top100_lam1p0_resumable/t2i_images/01078.png (attempt 1/3): Connection error.
2026-05-03 14:45:32 [WARNING] API call failed for /root/autodl-tmp/Show-o/janus-pro-1B/Janus/brushstroke_janus/eval_results/emoart_janus_itfi_layer21_22_23_top100_lam1p0_resumable/t2i_images/01078.png (attempt 2/3): Connection error.
2026-05-03 14:45:34 [ERROR] API call failed for /root/autodl-tmp/Show-o/janus-pro-1B/Janus/brushstroke_janus/eval_results/emoart_janus_itfi_layer21_22_23_top100_lam1p0_resumable/t2i_images/01078.png after 3 attempts: Connection error.
2026-05-03 14:45:37 [WARNING] API call failed for /root/autodl-tmp/Show-o/janus-pro-1B/Janus/brushstroke_janus/eval_results/emoart_janus_itfi_layer21_22_23_top100_lam1p0_resumable/t2i_images/01079.png (attempt 1/3): Connection error.
2026-05-03 14:45:39 [WARNING] API call failed for /root/autodl-tmp/Show-o/janus-pro-1B/Janus/brushstroke_janus/eval_results/emoart_janus_itfi_layer21_22_23_top100_lam1p0_resumable/t2i_images/01079.png (attempt 2/3): Connection error.
2026-05-03 14:45:42 [ERROR] API call failed for /root/autodl-tmp/Show-o/janus-pro-1B/Janus/brushstroke_janus/eval_results/emoart_janus_itfi_layer21_22_23_top100_lam1p0_resumable/t2i_images/01079.png after 3 attempts: Connection error.
2026-05-03 14:45:44 [WARNING] API call failed for /root/autodl-tmp/Show-o/janus-pro-1B/Janus/brushstroke_janus/eval_results/emoart_janus_itfi_layer21_22_23_top100_lam1p0_resumable/t2i_images/01080.png (attempt 1/3): Connection error.
2026-05-03 14:45:46 [WARNING] API call failed for /root/autodl-tmp/Show-o/janus-pro-1B/Janus/brushstroke_janus/eval_results/emoart_janus_itfi_layer21_22_23_top100_lam1p0_resumable/t2i_images/01080.png (attempt 2/3): Connection error.
2026-05-03 14:45:48 [ERROR] API call failed for /root/autodl-tmp/Show-o/janus-pro-1B/Janus/brushstroke_janus/eval_results/emoart_janus_itfi_layer21_22_23_top100_lam1p0_resumable/t2i_images/01080.png after 3 attempts: Connection error.
2026-05-03 14:45:51 [WARNING] API call failed for /root/autodl-tmp/Show-o/janus-pro-1B/Janus/brushstroke_janus/eval_results/emoart_janus_itfi_layer21_22_23_top100_lam1p0_resumable/t2i_images/01081.png (attempt 1/3): Connection error.
2026-05-03 14:45:53 [WARNING] API call failed for /root/autodl-tmp/Show-o/janus-pro-1B/Janus/brushstroke_janus/eval_results/emoart_janus_itfi_layer21_22_23_top100_lam1p0_resumable/t2i_images/01081.png (attempt 2/3): Connection error.
2026-05-03 14:45:55 [ERROR] API call failed for /root/autodl-tmp/Show-o/janus-pro-1B/Janus/brushstroke_janus/eval_results/emoart_janus_itfi_layer21_22_23_top100_lam1p0_resumable/t2i_images/01081.png after 3 attempts: Connection error.
2026-05-03 14:45:58 [WARNING] API call failed for /root/autodl-tmp/Show-o/janus-pro-1B/Janus/brushstroke_janus/eval_results/emoart_janus_itfi_layer21_22_23_top100_lam1p0_resumable/t2i_images/01082.png (attempt 1/3): Connection error.
2026-05-03 14:46:00 [WARNING] API call failed for /root/autodl-tmp/Show-o/janus-pro-1B/Janus/brushstroke_janus/eval_results/emoart_janus_itfi_layer21_22_23_top100_lam1p0_resumable/t2i_images/01082.png (attempt 2/3): Connection error.
2026-05-03 14:46:02 [ERROR] API call failed for /root/autodl-tmp/Show-o/janus-pro-1B/Janus/brushstroke_janus/eval_results/emoart_janus_itfi_layer21_22_23_top100_lam1p0_resumable/t2i_images/01082.png after 3 attempts: Connection error.
2026-05-03 14:46:05 [WARNING] API call failed for /root/autodl-tmp/Show-o/janus-pro-1B/Janus/brushstroke_janus/eval_results/emoart_janus_itfi_layer21_22_23_top100_lam1p0_resumable/t2i_images/01083.png (attempt 1/3): Connection error.
2026-05-03 14:46:07 [WARNING] API call failed for /root/autodl-tmp/Show-o/janus-pro-1B/Janus/brushstroke_janus/eval_results/emoart_janus_itfi_layer21_22_23_top100_lam1p0_resumable/t2i_images/01083.png (attempt 2/3): Connection error.
2026-05-03 14:46:09 [ERROR] API call failed for /root/autodl-tmp/Show-o/janus-pro-1B/Janus/brushstroke_janus/eval_results/emoart_janus_itfi_layer21_22_23_top100_lam1p0_resumable/t2i_images/01083.png after 3 attempts: Connection error.
2026-05-03 14:46:12 [WARNING] API call failed for /root/autodl-tmp/Show-o/janus-pro-1B/Janus/brushstroke_janus/eval_results/emoart_janus_itfi_layer21_22_23_top100_lam1p0_resumable/t2i_images/01084.png (attempt 1/3): Connection error.
2026-05-03 14:46:14 [WARNING] API call failed for /root/autodl-tmp/Show-o/janus-pro-1B/Janus/brushstroke_janus/eval_results/emoart_janus_itfi_layer21_22_23_top100_lam1p0_resumable/t2i_images/01084.png (attempt 2/3): Connection error.
2026-05-03 14:46:17 [ERROR] API call failed for /root/autodl-tmp/Show-o/janus-pro-1B/Janus/brushstroke_janus/eval_results/emoart_janus_itfi_layer21_22_23_top100_lam1p0_resumable/t2i_images/01084.png after 3 attempts: Connection error.
2026-05-03 14:46:19 [WARNING] API call failed for /root/autodl-tmp/Show-o/janus-pro-1B/Janus/brushstroke_janus/eval_results/emoart_janus_itfi_layer21_22_23_top100_lam1p0_resumable/t2i_images/01085.png (attempt 1/3): Connection error.
2026-05-03 14:46:21 [WARNING] API call failed for /root/autodl-tmp/Show-o/janus-pro-1B/Janus/brushstroke_janus/eval_results/emoart_janus_itfi_layer21_22_23_top100_lam1p0_resumable/t2i_images/01085.png (attempt 2/3): Connection error.
2026-05-03 14:46:23 [ERROR] API call failed for /root/autodl-tmp/Show-o/janus-pro-1B/Janus/brushstroke_janus/eval_results/emoart_janus_itfi_layer21_22_23_top100_lam1p0_resumable/t2i_images/01085.png after 3 attempts: Connection error.
2026-05-03 14:46:26 [WARNING] API call failed for /root/autodl-tmp/Show-o/janus-pro-1B/Janus/brushstroke_janus/eval_results/emoart_janus_itfi_layer21_22_23_top100_lam1p0_resumable/t2i_images/01086.png (attempt 1/3): Connection error.
2026-05-03 14:46:28 [WARNING] API call failed for /root/autodl-tmp/Show-o/janus-pro-1B/Janus/brushstroke_janus/eval_results/emoart_janus_itfi_layer21_22_23_top100_lam1p0_resumable/t2i_images/01086.png (attempt 2/3): Connection error.
2026-05-03 14:46:30 [ERROR] API call failed for /root/autodl-tmp/Show-o/janus-pro-1B/Janus/brushstroke_janus/eval_results/emoart_janus_itfi_layer21_22_23_top100_lam1p0_resumable/t2i_images/01086.png after 3 attempts: Connection error.
2026-05-03 14:46:33 [WARNING] API call failed for /root/autodl-tmp/Show-o/janus-pro-1B/Janus/brushstroke_janus/eval_results/emoart_janus_itfi_layer21_22_23_top100_lam1p0_resumable/t2i_images/01087.png (attempt 1/3): Connection error.
2026-05-03 14:46:35 [WARNING] API call failed for /root/autodl-tmp/Show-o/janus-pro-1B/Janus/brushstroke_janus/eval_results/emoart_janus_itfi_layer21_22_23_top100_lam1p0_resumable/t2i_images/01087.png (attempt 2/3): Connection error.
2026-05-03 14:46:37 [ERROR] API call failed for /root/autodl-tmp/Show-o/janus-pro-1B/Janus/brushstroke_janus/eval_results/emoart_janus_itfi_layer21_22_23_top100_lam1p0_resumable/t2i_images/01087.png after 3 attempts: Connection error.
2026-05-03 14:46:40 [WARNING] API call failed for /root/autodl-tmp/Show-o/janus-pro-1B/Janus/brushstroke_janus/eval_results/emoart_janus_itfi_layer21_22_23_top100_lam1p0_resumable/t2i_images/01088.png (attempt 1/3): Connection error.
2026-05-03 14:46:42 [WARNING] API call failed for /root/autodl-tmp/Show-o/janus-pro-1B/Janus/brushstroke_janus/eval_results/emoart_janus_itfi_layer21_22_23_top100_lam1p0_resumable/t2i_images/01088.png (attempt 2/3): Connection error.
2026-05-03 14:46:44 [ERROR] API call failed for /root/autodl-tmp/Show-o/janus-pro-1B/Janus/brushstroke_janus/eval_results/emoart_janus_itfi_layer21_22_23_top100_lam1p0_resumable/t2i_images/01088.png after 3 attempts: Connection error.
2026-05-03 14:46:47 [WARNING] API call failed for /root/autodl-tmp/Show-o/janus-pro-1B/Janus/brushstroke_janus/eval_results/emoart_janus_itfi_layer21_22_23_top100_lam1p0_resumable/t2i_images/01089.png (attempt 1/3): Connection error.
2026-05-03 14:46:49 [WARNING] API call failed for /root/autodl-tmp/Show-o/janus-pro-1B/Janus/brushstroke_janus/eval_results/emoart_janus_itfi_layer21_22_23_top100_lam1p0_resumable/t2i_images/01089.png (attempt 2/3): Connection error.
2026-05-03 14:46:52 [ERROR] API call failed for /root/autodl-tmp/Show-o/janus-pro-1B/Janus/brushstroke_janus/eval_results/emoart_janus_itfi_layer21_22_23_top100_lam1p0_resumable/t2i_images/01089.png after 3 attempts: Connection error.
2026-05-03 14:46:54 [WARNING] API call failed for /root/autodl-tmp/Show-o/janus-pro-1B/Janus/brushstroke_janus/eval_results/emoart_janus_itfi_layer21_22_23_top100_lam1p0_resumable/t2i_images/01090.png (attempt 1/3): Connection error.
2026-05-03 14:46:56 [WARNING] API call failed for /root/autodl-tmp/Show-o/janus-pro-1B/Janus/brushstroke_janus/eval_results/emoart_janus_itfi_layer21_22_23_top100_lam1p0_resumable/t2i_images/01090.png (attempt 2/3): Connection error.
2026-05-03 14:46:59 [ERROR] API call failed for /root/autodl-tmp/Show-o/janus-pro-1B/Janus/brushstroke_janus/eval_results/emoart_janus_itfi_layer21_22_23_top100_lam1p0_resumable/t2i_images/01090.png after 3 attempts: Connection error.
2026-05-03 14:47:01 [WARNING] API call failed for /root/autodl-tmp/Show-o/janus-pro-1B/Janus/brushstroke_janus/eval_results/emoart_janus_itfi_layer21_22_23_top100_lam1p0_resumable/t2i_images/01091.png (attempt 1/3): Connection error.
2026-05-03 14:47:03 [WARNING] API call failed for /root/autodl-tmp/Show-o/janus-pro-1B/Janus/brushstroke_janus/eval_results/emoart_janus_itfi_layer21_22_23_top100_lam1p0_resumable/t2i_images/01091.png (attempt 2/3): Connection error.
2026-05-03 14:47:06 [ERROR] API call failed for /root/autodl-tmp/Show-o/janus-pro-1B/Janus/brushstroke_janus/eval_results/emoart_janus_itfi_layer21_22_23_top100_lam1p0_resumable/t2i_images/01091.png after 3 attempts: Connection error.
2026-05-03 14:47:08 [WARNING] API call failed for /root/autodl-tmp/Show-o/janus-pro-1B/Janus/brushstroke_janus/eval_results/emoart_janus_itfi_layer21_22_23_top100_lam1p0_resumable/t2i_images/01092.png (attempt 1/3): Connection error.
2026-05-03 14:47:10 [WARNING] API call failed for /root/autodl-tmp/Show-o/janus-pro-1B/Janus/brushstroke_janus/eval_results/emoart_janus_itfi_layer21_22_23_top100_lam1p0_resumable/t2i_images/01092.png (attempt 2/3): Connection error.
2026-05-03 14:47:12 [ERROR] API call failed for /root/autodl-tmp/Show-o/janus-pro-1B/Janus/brushstroke_janus/eval_results/emoart_janus_itfi_layer21_22_23_top100_lam1p0_resumable/t2i_images/01092.png after 3 attempts: Connection error.
2026-05-03 14:47:15 [WARNING] API call failed for /root/autodl-tmp/Show-o/janus-pro-1B/Janus/brushstroke_janus/eval_results/emoart_janus_itfi_layer21_22_23_top100_lam1p0_resumable/t2i_images/01093.png (attempt 1/3): Connection error.
2026-05-03 14:47:17 [WARNING] API call failed for /root/autodl-tmp/Show-o/janus-pro-1B/Janus/brushstroke_janus/eval_results/emoart_janus_itfi_layer21_22_23_top100_lam1p0_resumable/t2i_images/01093.png (attempt 2/3): Connection error.
2026-05-03 14:47:19 [ERROR] API call failed for /root/autodl-tmp/Show-o/janus-pro-1B/Janus/brushstroke_janus/eval_results/emoart_janus_itfi_layer21_22_23_top100_lam1p0_resumable/t2i_images/01093.png after 3 attempts: Connection error.
2026-05-03 14:47:22 [WARNING] API call failed for /root/autodl-tmp/Show-o/janus-pro-1B/Janus/brushstroke_janus/eval_results/emoart_janus_itfi_layer21_22_23_top100_lam1p0_resumable/t2i_images/01094.png (attempt 1/3): Connection error.
2026-05-03 14:47:24 [WARNING] API call failed for /root/autodl-tmp/Show-o/janus-pro-1B/Janus/brushstroke_janus/eval_results/emoart_janus_itfi_layer21_22_23_top100_lam1p0_resumable/t2i_images/01094.png (attempt 2/3): Connection error.
2026-05-03 14:47:26 [ERROR] API call failed for /root/autodl-tmp/Show-o/janus-pro-1B/Janus/brushstroke_janus/eval_results/emoart_janus_itfi_layer21_22_23_top100_lam1p0_resumable/t2i_images/01094.png after 3 attempts: Connection error.
2026-05-03 14:47:29 [WARNING] API call failed for /root/autodl-tmp/Show-o/janus-pro-1B/Janus/brushstroke_janus/eval_results/emoart_janus_itfi_layer21_22_23_top100_lam1p0_resumable/t2i_images/01095.png (attempt 1/3): Connection error.
2026-05-03 14:47:31 [WARNING] API call failed for /root/autodl-tmp/Show-o/janus-pro-1B/Janus/brushstroke_janus/eval_results/emoart_janus_itfi_layer21_22_23_top100_lam1p0_resumable/t2i_images/01095.png (attempt 2/3): Connection error.
2026-05-03 14:47:33 [ERROR] API call failed for /root/autodl-tmp/Show-o/janus-pro-1B/Janus/brushstroke_janus/eval_results/emoart_janus_itfi_layer21_22_23_top100_lam1p0_resumable/t2i_images/01095.png after 3 attempts: Connection error.
2026-05-03 14:47:36 [WARNING] API call failed for /root/autodl-tmp/Show-o/janus-pro-1B/Janus/brushstroke_janus/eval_results/emoart_janus_itfi_layer21_22_23_top100_lam1p0_resumable/t2i_images/01096.png (attempt 1/3): Connection error.
2026-05-03 14:47:38 [WARNING] API call failed for /root/autodl-tmp/Show-o/janus-pro-1B/Janus/brushstroke_janus/eval_results/emoart_janus_itfi_layer21_22_23_top100_lam1p0_resumable/t2i_images/01096.png (attempt 2/3): Connection error.
2026-05-03 14:47:40 [ERROR] API call failed for /root/autodl-tmp/Show-o/janus-pro-1B/Janus/brushstroke_janus/eval_results/emoart_janus_itfi_layer21_22_23_top100_lam1p0_resumable/t2i_images/01096.png after 3 attempts: Connection error.
2026-05-03 14:47:43 [WARNING] API call failed for /root/autodl-tmp/Show-o/janus-pro-1B/Janus/brushstroke_janus/eval_results/emoart_janus_itfi_layer21_22_23_top100_lam1p0_resumable/t2i_images/01097.png (attempt 1/3): Connection error.
2026-05-03 14:47:45 [WARNING] API call failed for /root/autodl-tmp/Show-o/janus-pro-1B/Janus/brushstroke_janus/eval_results/emoart_janus_itfi_layer21_22_23_top100_lam1p0_resumable/t2i_images/01097.png (attempt 2/3): Connection error.
2026-05-03 14:47:47 [ERROR] API call failed for /root/autodl-tmp/Show-o/janus-pro-1B/Janus/brushstroke_janus/eval_results/emoart_janus_itfi_layer21_22_23_top100_lam1p0_resumable/t2i_images/01097.png after 3 attempts: Connection error.
2026-05-03 14:47:50 [WARNING] API call failed for /root/autodl-tmp/Show-o/janus-pro-1B/Janus/brushstroke_janus/eval_results/emoart_janus_itfi_layer21_22_23_top100_lam1p0_resumable/t2i_images/01098.png (attempt 1/3): Connection error.
2026-05-03 14:47:52 [WARNING] API call failed for /root/autodl-tmp/Show-o/janus-pro-1B/Janus/brushstroke_janus/eval_results/emoart_janus_itfi_layer21_22_23_top100_lam1p0_resumable/t2i_images/01098.png (attempt 2/3): Connection error.
2026-05-03 14:47:55 [ERROR] API call failed for /root/autodl-tmp/Show-o/janus-pro-1B/Janus/brushstroke_janus/eval_results/emoart_janus_itfi_layer21_22_23_top100_lam1p0_resumable/t2i_images/01098.png after 3 attempts: Connection error.
2026-05-03 14:47:57 [WARNING] API call failed for /root/autodl-tmp/Show-o/janus-pro-1B/Janus/brushstroke_janus/eval_results/emoart_janus_itfi_layer21_22_23_top100_lam1p0_resumable/t2i_images/01099.png (attempt 1/3): Connection error.
2026-05-03 14:47:59 [WARNING] API call failed for /root/autodl-tmp/Show-o/janus-pro-1B/Janus/brushstroke_janus/eval_results/emoart_janus_itfi_layer21_22_23_top100_lam1p0_resumable/t2i_images/01099.png (attempt 2/3): Connection error.
2026-05-03 14:48:02 [ERROR] API call failed for /root/autodl-tmp/Show-o/janus-pro-1B/Janus/brushstroke_janus/eval_results/emoart_janus_itfi_layer21_22_23_top100_lam1p0_resumable/t2i_images/01099.png after 3 attempts: Connection error.
2026-05-03 14:48:04 [WARNING] API call failed for /root/autodl-tmp/Show-o/janus-pro-1B/Janus/brushstroke_janus/eval_results/emoart_janus_itfi_layer21_22_23_top100_lam1p0_resumable/t2i_images/01100.png (attempt 1/3): Connection error.
2026-05-03 14:48:06 [WARNING] API call failed for /root/autodl-tmp/Show-o/janus-pro-1B/Janus/brushstroke_janus/eval_results/emoart_janus_itfi_layer21_22_23_top100_lam1p0_resumable/t2i_images/01100.png (attempt 2/3): Connection error.
2026-05-03 14:48:08 [ERROR] API call failed for /root/autodl-tmp/Show-o/janus-pro-1B/Janus/brushstroke_janus/eval_results/emoart_janus_itfi_layer21_22_23_top100_lam1p0_resumable/t2i_images/01100.png after 3 attempts: Connection error.
2026-05-03 14:48:11 [WARNING] API call failed for /root/autodl-tmp/Show-o/janus-pro-1B/Janus/brushstroke_janus/eval_results/emoart_janus_itfi_layer21_22_23_top100_lam1p0_resumable/t2i_images/01101.png (attempt 1/3): Connection error.
2026-05-03 14:48:13 [WARNING] API call failed for /root/autodl-tmp/Show-o/janus-pro-1B/Janus/brushstroke_janus/eval_results/emoart_janus_itfi_layer21_22_23_top100_lam1p0_resumable/t2i_images/01101.png (attempt 2/3): Connection error.
2026-05-03 14:48:15 [ERROR] API call failed for /root/autodl-tmp/Show-o/janus-pro-1B/Janus/brushstroke_janus/eval_results/emoart_janus_itfi_layer21_22_23_top100_lam1p0_resumable/t2i_images/01101.png after 3 attempts: Connection error.
2026-05-03 14:48:18 [WARNING] API call failed for /root/autodl-tmp/Show-o/janus-pro-1B/Janus/brushstroke_janus/eval_results/emoart_janus_itfi_layer21_22_23_top100_lam1p0_resumable/t2i_images/01102.png (attempt 1/3): Connection error.
2026-05-03 14:48:20 [WARNING] API call failed for /root/autodl-tmp/Show-o/janus-pro-1B/Janus/brushstroke_janus/eval_results/emoart_janus_itfi_layer21_22_23_top100_lam1p0_resumable/t2i_images/01102.png (attempt 2/3): Connection error.
2026-05-03 14:48:22 [ERROR] API call failed for /root/autodl-tmp/Show-o/janus-pro-1B/Janus/brushstroke_janus/eval_results/emoart_janus_itfi_layer21_22_23_top100_lam1p0_resumable/t2i_images/01102.png after 3 attempts: Connection error.
2026-05-03 14:48:25 [WARNING] API call failed for /root/autodl-tmp/Show-o/janus-pro-1B/Janus/brushstroke_janus/eval_results/emoart_janus_itfi_layer21_22_23_top100_lam1p0_resumable/t2i_images/01103.png (attempt 1/3): Connection error.
2026-05-03 14:48:27 [WARNING] API call failed for /root/autodl-tmp/Show-o/janus-pro-1B/Janus/brushstroke_janus/eval_results/emoart_janus_itfi_layer21_22_23_top100_lam1p0_resumable/t2i_images/01103.png (attempt 2/3): Connection error.
2026-05-03 14:48:30 [ERROR] API call failed for /root/autodl-tmp/Show-o/janus-pro-1B/Janus/brushstroke_janus/eval_results/emoart_janus_itfi_layer21_22_23_top100_lam1p0_resumable/t2i_images/01103.png after 3 attempts: Connection error.
2026-05-03 14:48:32 [WARNING] API call failed for /root/autodl-tmp/Show-o/janus-pro-1B/Janus/brushstroke_janus/eval_results/emoart_janus_itfi_layer21_22_23_top100_lam1p0_resumable/t2i_images/01104.png (attempt 1/3): Connection error.
2026-05-03 14:48:34 [WARNING] API call failed for /root/autodl-tmp/Show-o/janus-pro-1B/Janus/brushstroke_janus/eval_results/emoart_janus_itfi_layer21_22_23_top100_lam1p0_resumable/t2i_images/01104.png (attempt 2/3): Connection error.
2026-05-03 14:48:37 [ERROR] API call failed for /root/autodl-tmp/Show-o/janus-pro-1B/Janus/brushstroke_janus/eval_results/emoart_janus_itfi_layer21_22_23_top100_lam1p0_resumable/t2i_images/01104.png after 3 attempts: Connection error.
2026-05-03 14:48:39 [WARNING] API call failed for /root/autodl-tmp/Show-o/janus-pro-1B/Janus/brushstroke_janus/eval_results/emoart_janus_itfi_layer21_22_23_top100_lam1p0_resumable/t2i_images/01105.png (attempt 1/3): Connection error.
2026-05-03 14:48:41 [WARNING] API call failed for /root/autodl-tmp/Show-o/janus-pro-1B/Janus/brushstroke_janus/eval_results/emoart_janus_itfi_layer21_22_23_top100_lam1p0_resumable/t2i_images/01105.png (attempt 2/3): Connection error.
2026-05-03 14:48:44 [ERROR] API call failed for /root/autodl-tmp/Show-o/janus-pro-1B/Janus/brushstroke_janus/eval_results/emoart_janus_itfi_layer21_22_23_top100_lam1p0_resumable/t2i_images/01105.png after 3 attempts: Connection error.
2026-05-03 14:48:46 [WARNING] API call failed for /root/autodl-tmp/Show-o/janus-pro-1B/Janus/brushstroke_janus/eval_results/emoart_janus_itfi_layer21_22_23_top100_lam1p0_resumable/t2i_images/01106.png (attempt 1/3): Connection error.
2026-05-03 14:48:48 [WARNING] API call failed for /root/autodl-tmp/Show-o/janus-pro-1B/Janus/brushstroke_janus/eval_results/emoart_janus_itfi_layer21_22_23_top100_lam1p0_resumable/t2i_images/01106.png (attempt 2/3): Connection error.
2026-05-03 14:48:51 [ERROR] API call failed for /root/autodl-tmp/Show-o/janus-pro-1B/Janus/brushstroke_janus/eval_results/emoart_janus_itfi_layer21_22_23_top100_lam1p0_resumable/t2i_images/01106.png after 3 attempts: Connection error.
2026-05-03 14:48:53 [WARNING] API call failed for /root/autodl-tmp/Show-o/janus-pro-1B/Janus/brushstroke_janus/eval_results/emoart_janus_itfi_layer21_22_23_top100_lam1p0_resumable/t2i_images/01107.png (attempt 1/3): Connection error.
2026-05-03 14:48:55 [WARNING] API call failed for /root/autodl-tmp/Show-o/janus-pro-1B/Janus/brushstroke_janus/eval_results/emoart_janus_itfi_layer21_22_23_top100_lam1p0_resumable/t2i_images/01107.png (attempt 2/3): Connection error.
2026-05-03 14:48:57 [ERROR] API call failed for /root/autodl-tmp/Show-o/janus-pro-1B/Janus/brushstroke_janus/eval_results/emoart_janus_itfi_layer21_22_23_top100_lam1p0_resumable/t2i_images/01107.png after 3 attempts: Connection error.
2026-05-03 14:49:00 [WARNING] API call failed for /root/autodl-tmp/Show-o/janus-pro-1B/Janus/brushstroke_janus/eval_results/emoart_janus_itfi_layer21_22_23_top100_lam1p0_resumable/t2i_images/01108.png (attempt 1/3): Connection error.
2026-05-03 14:49:02 [WARNING] API call failed for /root/autodl-tmp/Show-o/janus-pro-1B/Janus/brushstroke_janus/eval_results/emoart_janus_itfi_layer21_22_23_top100_lam1p0_resumable/t2i_images/01108.png (attempt 2/3): Connection error.
2026-05-03 14:49:04 [ERROR] API call failed for /root/autodl-tmp/Show-o/janus-pro-1B/Janus/brushstroke_janus/eval_results/emoart_janus_itfi_layer21_22_23_top100_lam1p0_resumable/t2i_images/01108.png after 3 attempts: Connection error.
2026-05-03 14:49:07 [WARNING] API call failed for /root/autodl-tmp/Show-o/janus-pro-1B/Janus/brushstroke_janus/eval_results/emoart_janus_itfi_layer21_22_23_top100_lam1p0_resumable/t2i_images/01109.png (attempt 1/3): Connection error.
2026-05-03 14:49:09 [WARNING] API call failed for /root/autodl-tmp/Show-o/janus-pro-1B/Janus/brushstroke_janus/eval_results/emoart_janus_itfi_layer21_22_23_top100_lam1p0_resumable/t2i_images/01109.png (attempt 2/3): Connection error.
2026-05-03 14:49:11 [ERROR] API call failed for /root/autodl-tmp/Show-o/janus-pro-1B/Janus/brushstroke_janus/eval_results/emoart_janus_itfi_layer21_22_23_top100_lam1p0_resumable/t2i_images/01109.png after 3 attempts: Connection error.
2026-05-03 14:49:14 [WARNING] API call failed for /root/autodl-tmp/Show-o/janus-pro-1B/Janus/brushstroke_janus/eval_results/emoart_janus_itfi_layer21_22_23_top100_lam1p0_resumable/t2i_images/01110.png (attempt 1/3): Connection error.
2026-05-03 14:49:16 [WARNING] API call failed for /root/autodl-tmp/Show-o/janus-pro-1B/Janus/brushstroke_janus/eval_results/emoart_janus_itfi_layer21_22_23_top100_lam1p0_resumable/t2i_images/01110.png (attempt 2/3): Connection error.
2026-05-03 14:49:18 [ERROR] API call failed for /root/autodl-tmp/Show-o/janus-pro-1B/Janus/brushstroke_janus/eval_results/emoart_janus_itfi_layer21_22_23_top100_lam1p0_resumable/t2i_images/01110.png after 3 attempts: Connection error.
2026-05-03 14:49:21 [WARNING] API call failed for /root/autodl-tmp/Show-o/janus-pro-1B/Janus/brushstroke_janus/eval_results/emoart_janus_itfi_layer21_22_23_top100_lam1p0_resumable/t2i_images/01111.png (attempt 1/3): Connection error.
2026-05-03 14:49:23 [WARNING] API call failed for /root/autodl-tmp/Show-o/janus-pro-1B/Janus/brushstroke_janus/eval_results/emoart_janus_itfi_layer21_22_23_top100_lam1p0_resumable/t2i_images/01111.png (attempt 2/3): Connection error.
2026-05-03 14:49:26 [ERROR] API call failed for /root/autodl-tmp/Show-o/janus-pro-1B/Janus/brushstroke_janus/eval_results/emoart_janus_itfi_layer21_22_23_top100_lam1p0_resumable/t2i_images/01111.png after 3 attempts: Connection error.
2026-05-03 14:49:28 [WARNING] API call failed for /root/autodl-tmp/Show-o/janus-pro-1B/Janus/brushstroke_janus/eval_results/emoart_janus_itfi_layer21_22_23_top100_lam1p0_resumable/t2i_images/01112.png (attempt 1/3): Connection error.
2026-05-03 14:49:30 [WARNING] API call failed for /root/autodl-tmp/Show-o/janus-pro-1B/Janus/brushstroke_janus/eval_results/emoart_janus_itfi_layer21_22_23_top100_lam1p0_resumable/t2i_images/01112.png (attempt 2/3): Connection error.
2026-05-03 14:49:32 [ERROR] API call failed for /root/autodl-tmp/Show-o/janus-pro-1B/Janus/brushstroke_janus/eval_results/emoart_janus_itfi_layer21_22_23_top100_lam1p0_resumable/t2i_images/01112.png after 3 attempts: Connection error.
2026-05-03 14:49:35 [WARNING] API call failed for /root/autodl-tmp/Show-o/janus-pro-1B/Janus/brushstroke_janus/eval_results/emoart_janus_itfi_layer21_22_23_top100_lam1p0_resumable/t2i_images/01113.png (attempt 1/3): Connection error.
2026-05-03 14:49:37 [WARNING] API call failed for /root/autodl-tmp/Show-o/janus-pro-1B/Janus/brushstroke_janus/eval_results/emoart_janus_itfi_layer21_22_23_top100_lam1p0_resumable/t2i_images/01113.png (attempt 2/3): Connection error.
2026-05-03 14:49:39 [ERROR] API call failed for /root/autodl-tmp/Show-o/janus-pro-1B/Janus/brushstroke_janus/eval_results/emoart_janus_itfi_layer21_22_23_top100_lam1p0_resumable/t2i_images/01113.png after 3 attempts: Connection error.
2026-05-03 14:49:42 [WARNING] API call failed for /root/autodl-tmp/Show-o/janus-pro-1B/Janus/brushstroke_janus/eval_results/emoart_janus_itfi_layer21_22_23_top100_lam1p0_resumable/t2i_images/01114.png (attempt 1/3): Connection error.
2026-05-03 14:49:44 [WARNING] API call failed for /root/autodl-tmp/Show-o/janus-pro-1B/Janus/brushstroke_janus/eval_results/emoart_janus_itfi_layer21_22_23_top100_lam1p0_resumable/t2i_images/01114.png (attempt 2/3): Connection error.
2026-05-03 14:49:46 [ERROR] API call failed for /root/autodl-tmp/Show-o/janus-pro-1B/Janus/brushstroke_janus/eval_results/emoart_janus_itfi_layer21_22_23_top100_lam1p0_resumable/t2i_images/01114.png after 3 attempts: Connection error.
2026-05-03 14:49:49 [WARNING] API call failed for /root/autodl-tmp/Show-o/janus-pro-1B/Janus/brushstroke_janus/eval_results/emoart_janus_itfi_layer21_22_23_top100_lam1p0_resumable/t2i_images/01115.png (attempt 1/3): Connection error.
2026-05-03 14:49:51 [WARNING] API call failed for /root/autodl-tmp/Show-o/janus-pro-1B/Janus/brushstroke_janus/eval_results/emoart_janus_itfi_layer21_22_23_top100_lam1p0_resumable/t2i_images/01115.png (attempt 2/3): Connection error.
2026-05-03 14:49:53 [ERROR] API call failed for /root/autodl-tmp/Show-o/janus-pro-1B/Janus/brushstroke_janus/eval_results/emoart_janus_itfi_layer21_22_23_top100_lam1p0_resumable/t2i_images/01115.png after 3 attempts: Connection error.
2026-05-03 14:49:55 [WARNING] API call failed for /root/autodl-tmp/Show-o/janus-pro-1B/Janus/brushstroke_janus/eval_results/emoart_janus_itfi_layer21_22_23_top100_lam1p0_resumable/t2i_images/01116.png (attempt 1/3): Connection error.
2026-05-03 14:49:58 [WARNING] API call failed for /root/autodl-tmp/Show-o/janus-pro-1B/Janus/brushstroke_janus/eval_results/emoart_janus_itfi_layer21_22_23_top100_lam1p0_resumable/t2i_images/01116.png (attempt 2/3): Connection error.
2026-05-03 14:50:00 [ERROR] API call failed for /root/autodl-tmp/Show-o/janus-pro-1B/Janus/brushstroke_janus/eval_results/emoart_janus_itfi_layer21_22_23_top100_lam1p0_resumable/t2i_images/01116.png after 3 attempts: Connection error.
2026-05-03 14:50:02 [WARNING] API call failed for /root/autodl-tmp/Show-o/janus-pro-1B/Janus/brushstroke_janus/eval_results/emoart_janus_itfi_layer21_22_23_top100_lam1p0_resumable/t2i_images/01117.png (attempt 1/3): Connection error.
2026-05-03 14:50:05 [WARNING] API call failed for /root/autodl-tmp/Show-o/janus-pro-1B/Janus/brushstroke_janus/eval_results/emoart_janus_itfi_layer21_22_23_top100_lam1p0_resumable/t2i_images/01117.png (attempt 2/3): Connection error.
2026-05-03 14:50:07 [ERROR] API call failed for /root/autodl-tmp/Show-o/janus-pro-1B/Janus/brushstroke_janus/eval_results/emoart_janus_itfi_layer21_22_23_top100_lam1p0_resumable/t2i_images/01117.png after 3 attempts: Connection error.
2026-05-03 14:50:10 [WARNING] API call failed for /root/autodl-tmp/Show-o/janus-pro-1B/Janus/brushstroke_janus/eval_results/emoart_janus_itfi_layer21_22_23_top100_lam1p0_resumable/t2i_images/01118.png (attempt 1/3): Connection error.
2026-05-03 14:50:12 [WARNING] API call failed for /root/autodl-tmp/Show-o/janus-pro-1B/Janus/brushstroke_janus/eval_results/emoart_janus_itfi_layer21_22_23_top100_lam1p0_resumable/t2i_images/01118.png (attempt 2/3): Connection error.
2026-05-03 14:50:14 [ERROR] API call failed for /root/autodl-tmp/Show-o/janus-pro-1B/Janus/brushstroke_janus/eval_results/emoart_janus_itfi_layer21_22_23_top100_lam1p0_resumable/t2i_images/01118.png after 3 attempts: Connection error.
2026-05-03 14:50:17 [WARNING] API call failed for /root/autodl-tmp/Show-o/janus-pro-1B/Janus/brushstroke_janus/eval_results/emoart_janus_itfi_layer21_22_23_top100_lam1p0_resumable/t2i_images/01119.png (attempt 1/3): Connection error.
2026-05-03 14:50:19 [WARNING] API call failed for /root/autodl-tmp/Show-o/janus-pro-1B/Janus/brushstroke_janus/eval_results/emoart_janus_itfi_layer21_22_23_top100_lam1p0_resumable/t2i_images/01119.png (attempt 2/3): Connection error.
2026-05-03 14:50:21 [ERROR] API call failed for /root/autodl-tmp/Show-o/janus-pro-1B/Janus/brushstroke_janus/eval_results/emoart_janus_itfi_layer21_22_23_top100_lam1p0_resumable/t2i_images/01119.png after 3 attempts: Connection error.
2026-05-03 14:50:24 [WARNING] API call failed for /root/autodl-tmp/Show-o/janus-pro-1B/Janus/brushstroke_janus/eval_results/emoart_janus_itfi_layer21_22_23_top100_lam1p0_resumable/t2i_images/01120.png (attempt 1/3): Connection error.
2026-05-03 14:50:26 [WARNING] API call failed for /root/autodl-tmp/Show-o/janus-pro-1B/Janus/brushstroke_janus/eval_results/emoart_janus_itfi_layer21_22_23_top100_lam1p0_resumable/t2i_images/01120.png (attempt 2/3): Connection error.
2026-05-03 14:50:28 [ERROR] API call failed for /root/autodl-tmp/Show-o/janus-pro-1B/Janus/brushstroke_janus/eval_results/emoart_janus_itfi_layer21_22_23_top100_lam1p0_resumable/t2i_images/01120.png after 3 attempts: Connection error.
2026-05-03 14:50:30 [WARNING] API call failed for /root/autodl-tmp/Show-o/janus-pro-1B/Janus/brushstroke_janus/eval_results/emoart_janus_itfi_layer21_22_23_top100_lam1p0_resumable/t2i_images/01121.png (attempt 1/3): Connection error.
2026-05-03 14:50:33 [WARNING] API call failed for /root/autodl-tmp/Show-o/janus-pro-1B/Janus/brushstroke_janus/eval_results/emoart_janus_itfi_layer21_22_23_top100_lam1p0_resumable/t2i_images/01121.png (attempt 2/3): Connection error.
2026-05-03 14:50:35 [ERROR] API call failed for /root/autodl-tmp/Show-o/janus-pro-1B/Janus/brushstroke_janus/eval_results/emoart_janus_itfi_layer21_22_23_top100_lam1p0_resumable/t2i_images/01121.png after 3 attempts: Connection error.
2026-05-03 14:50:38 [WARNING] API call failed for /root/autodl-tmp/Show-o/janus-pro-1B/Janus/brushstroke_janus/eval_results/emoart_janus_itfi_layer21_22_23_top100_lam1p0_resumable/t2i_images/01122.png (attempt 1/3): Connection error.
2026-05-03 14:50:40 [WARNING] API call failed for /root/autodl-tmp/Show-o/janus-pro-1B/Janus/brushstroke_janus/eval_results/emoart_janus_itfi_layer21_22_23_top100_lam1p0_resumable/t2i_images/01122.png (attempt 2/3): Connection error.
2026-05-03 14:50:42 [ERROR] API call failed for /root/autodl-tmp/Show-o/janus-pro-1B/Janus/brushstroke_janus/eval_results/emoart_janus_itfi_layer21_22_23_top100_lam1p0_resumable/t2i_images/01122.png after 3 attempts: Connection error.
2026-05-03 14:50:45 [WARNING] API call failed for /root/autodl-tmp/Show-o/janus-pro-1B/Janus/brushstroke_janus/eval_results/emoart_janus_itfi_layer21_22_23_top100_lam1p0_resumable/t2i_images/01123.png (attempt 1/3): Connection error.
2026-05-03 14:50:47 [WARNING] API call failed for /root/autodl-tmp/Show-o/janus-pro-1B/Janus/brushstroke_janus/eval_results/emoart_janus_itfi_layer21_22_23_top100_lam1p0_resumable/t2i_images/01123.png (attempt 2/3): Connection error.
2026-05-03 14:50:49 [ERROR] API call failed for /root/autodl-tmp/Show-o/janus-pro-1B/Janus/brushstroke_janus/eval_results/emoart_janus_itfi_layer21_22_23_top100_lam1p0_resumable/t2i_images/01123.png after 3 attempts: Connection error.
2026-05-03 14:50:52 [WARNING] API call failed for /root/autodl-tmp/Show-o/janus-pro-1B/Janus/brushstroke_janus/eval_results/emoart_janus_itfi_layer21_22_23_top100_lam1p0_resumable/t2i_images/01124.png (attempt 1/3): Connection error.
2026-05-03 14:50:54 [WARNING] API call failed for /root/autodl-tmp/Show-o/janus-pro-1B/Janus/brushstroke_janus/eval_results/emoart_janus_itfi_layer21_22_23_top100_lam1p0_resumable/t2i_images/01124.png (attempt 2/3): Connection error.
2026-05-03 14:50:57 [ERROR] API call failed for /root/autodl-tmp/Show-o/janus-pro-1B/Janus/brushstroke_janus/eval_results/emoart_janus_itfi_layer21_22_23_top100_lam1p0_resumable/t2i_images/01124.png after 3 attempts: Connection error.
2026-05-03 14:50:59 [WARNING] API call failed for /root/autodl-tmp/Show-o/janus-pro-1B/Janus/brushstroke_janus/eval_results/emoart_janus_itfi_layer21_22_23_top100_lam1p0_resumable/t2i_images/01125.png (attempt 1/3): Connection error.
2026-05-03 14:51:01 [WARNING] API call failed for /root/autodl-tmp/Show-o/janus-pro-1B/Janus/brushstroke_janus/eval_results/emoart_janus_itfi_layer21_22_23_top100_lam1p0_resumable/t2i_images/01125.png (attempt 2/3): Connection error.
2026-05-03 14:51:04 [ERROR] API call failed for /root/autodl-tmp/Show-o/janus-pro-1B/Janus/brushstroke_janus/eval_results/emoart_janus_itfi_layer21_22_23_top100_lam1p0_resumable/t2i_images/01125.png after 3 attempts: Connection error.
2026-05-03 14:51:06 [WARNING] API call failed for /root/autodl-tmp/Show-o/janus-pro-1B/Janus/brushstroke_janus/eval_results/emoart_janus_itfi_layer21_22_23_top100_lam1p0_resumable/t2i_images/01126.png (attempt 1/3): Connection error.
2026-05-03 14:51:09 [WARNING] API call failed for /root/autodl-tmp/Show-o/janus-pro-1B/Janus/brushstroke_janus/eval_results/emoart_janus_itfi_layer21_22_23_top100_lam1p0_resumable/t2i_images/01126.png (attempt 2/3): Connection error.
2026-05-03 14:51:11 [ERROR] API call failed for /root/autodl-tmp/Show-o/janus-pro-1B/Janus/brushstroke_janus/eval_results/emoart_janus_itfi_layer21_22_23_top100_lam1p0_resumable/t2i_images/01126.png after 3 attempts: Connection error.
2026-05-03 14:51:13 [WARNING] API call failed for /root/autodl-tmp/Show-o/janus-pro-1B/Janus/brushstroke_janus/eval_results/emoart_janus_itfi_layer21_22_23_top100_lam1p0_resumable/t2i_images/01127.png (attempt 1/3): Connection error.
2026-05-03 14:51:16 [WARNING] API call failed for /root/autodl-tmp/Show-o/janus-pro-1B/Janus/brushstroke_janus/eval_results/emoart_janus_itfi_layer21_22_23_top100_lam1p0_resumable/t2i_images/01127.png (attempt 2/3): Connection error.
2026-05-03 14:51:18 [ERROR] API call failed for /root/autodl-tmp/Show-o/janus-pro-1B/Janus/brushstroke_janus/eval_results/emoart_janus_itfi_layer21_22_23_top100_lam1p0_resumable/t2i_images/01127.png after 3 attempts: Connection error.
2026-05-03 14:51:20 [WARNING] API call failed for /root/autodl-tmp/Show-o/janus-pro-1B/Janus/brushstroke_janus/eval_results/emoart_janus_itfi_layer21_22_23_top100_lam1p0_resumable/t2i_images/01128.png (attempt 1/3): Connection error.
2026-05-03 14:51:23 [WARNING] API call failed for /root/autodl-tmp/Show-o/janus-pro-1B/Janus/brushstroke_janus/eval_results/emoart_janus_itfi_layer21_22_23_top100_lam1p0_resumable/t2i_images/01128.png (attempt 2/3): Connection error.
2026-05-03 14:51:25 [ERROR] API call failed for /root/autodl-tmp/Show-o/janus-pro-1B/Janus/brushstroke_janus/eval_results/emoart_janus_itfi_layer21_22_23_top100_lam1p0_resumable/t2i_images/01128.png after 3 attempts: Connection error.
2026-05-03 14:51:27 [WARNING] API call failed for /root/autodl-tmp/Show-o/janus-pro-1B/Janus/brushstroke_janus/eval_results/emoart_janus_itfi_layer21_22_23_top100_lam1p0_resumable/t2i_images/01129.png (attempt 1/3): Connection error.
2026-05-03 14:51:30 [WARNING] API call failed for /root/autodl-tmp/Show-o/janus-pro-1B/Janus/brushstroke_janus/eval_results/emoart_janus_itfi_layer21_22_23_top100_lam1p0_resumable/t2i_images/01129.png (attempt 2/3): Connection error.
2026-05-03 14:51:32 [ERROR] API call failed for /root/autodl-tmp/Show-o/janus-pro-1B/Janus/brushstroke_janus/eval_results/emoart_janus_itfi_layer21_22_23_top100_lam1p0_resumable/t2i_images/01129.png after 3 attempts: Connection error.
2026-05-03 14:51:34 [WARNING] API call failed for /root/autodl-tmp/Show-o/janus-pro-1B/Janus/brushstroke_janus/eval_results/emoart_janus_itfi_layer21_22_23_top100_lam1p0_resumable/t2i_images/01130.png (attempt 1/3): Connection error.
2026-05-03 14:51:37 [WARNING] API call failed for /root/autodl-tmp/Show-o/janus-pro-1B/Janus/brushstroke_janus/eval_results/emoart_janus_itfi_layer21_22_23_top100_lam1p0_resumable/t2i_images/01130.png (attempt 2/3): Connection error.
2026-05-03 14:51:39 [ERROR] API call failed for /root/autodl-tmp/Show-o/janus-pro-1B/Janus/brushstroke_janus/eval_results/emoart_janus_itfi_layer21_22_23_top100_lam1p0_resumable/t2i_images/01130.png after 3 attempts: Connection error.
2026-05-03 14:51:41 [WARNING] API call failed for /root/autodl-tmp/Show-o/janus-pro-1B/Janus/brushstroke_janus/eval_results/emoart_janus_itfi_layer21_22_23_top100_lam1p0_resumable/t2i_images/01131.png (attempt 1/3): Connection error.
2026-05-03 14:51:44 [WARNING] API call failed for /root/autodl-tmp/Show-o/janus-pro-1B/Janus/brushstroke_janus/eval_results/emoart_janus_itfi_layer21_22_23_top100_lam1p0_resumable/t2i_images/01131.png (attempt 2/3): Connection error.
2026-05-03 14:51:46 [ERROR] API call failed for /root/autodl-tmp/Show-o/janus-pro-1B/Janus/brushstroke_janus/eval_results/emoart_janus_itfi_layer21_22_23_top100_lam1p0_resumable/t2i_images/01131.png after 3 attempts: Connection error.
2026-05-03 14:51:48 [WARNING] API call failed for /root/autodl-tmp/Show-o/janus-pro-1B/Janus/brushstroke_janus/eval_results/emoart_janus_itfi_layer21_22_23_top100_lam1p0_resumable/t2i_images/01132.png (attempt 1/3): Connection error.
2026-05-03 14:51:51 [WARNING] API call failed for /root/autodl-tmp/Show-o/janus-pro-1B/Janus/brushstroke_janus/eval_results/emoart_janus_itfi_layer21_22_23_top100_lam1p0_resumable/t2i_images/01132.png (attempt 2/3): Connection error.
2026-05-03 14:51:53 [ERROR] API call failed for /root/autodl-tmp/Show-o/janus-pro-1B/Janus/brushstroke_janus/eval_results/emoart_janus_itfi_layer21_22_23_top100_lam1p0_resumable/t2i_images/01132.png after 3 attempts: Connection error.
2026-05-03 14:51:56 [WARNING] API call failed for /root/autodl-tmp/Show-o/janus-pro-1B/Janus/brushstroke_janus/eval_results/emoart_janus_itfi_layer21_22_23_top100_lam1p0_resumable/t2i_images/01133.png (attempt 1/3): Connection error.
2026-05-03 14:51:58 [WARNING] API call failed for /root/autodl-tmp/Show-o/janus-pro-1B/Janus/brushstroke_janus/eval_results/emoart_janus_itfi_layer21_22_23_top100_lam1p0_resumable/t2i_images/01133.png (attempt 2/3): Connection error.
2026-05-03 14:52:00 [ERROR] API call failed for /root/autodl-tmp/Show-o/janus-pro-1B/Janus/brushstroke_janus/eval_results/emoart_janus_itfi_layer21_22_23_top100_lam1p0_resumable/t2i_images/01133.png after 3 attempts: Connection error.
2026-05-03 14:52:02 [WARNING] API call failed for /root/autodl-tmp/Show-o/janus-pro-1B/Janus/brushstroke_janus/eval_results/emoart_janus_itfi_layer21_22_23_top100_lam1p0_resumable/t2i_images/01134.png (attempt 1/3): Connection error.
2026-05-03 14:52:05 [WARNING] API call failed for /root/autodl-tmp/Show-o/janus-pro-1B/Janus/brushstroke_janus/eval_results/emoart_janus_itfi_layer21_22_23_top100_lam1p0_resumable/t2i_images/01134.png (attempt 2/3): Connection error.
2026-05-03 14:52:07 [ERROR] API call failed for /root/autodl-tmp/Show-o/janus-pro-1B/Janus/brushstroke_janus/eval_results/emoart_janus_itfi_layer21_22_23_top100_lam1p0_resumable/t2i_images/01134.png after 3 attempts: Connection error.
2026-05-03 14:52:09 [WARNING] API call failed for /root/autodl-tmp/Show-o/janus-pro-1B/Janus/brushstroke_janus/eval_results/emoart_janus_itfi_layer21_22_23_top100_lam1p0_resumable/t2i_images/01135.png (attempt 1/3): Connection error.
2026-05-03 14:52:12 [WARNING] API call failed for /root/autodl-tmp/Show-o/janus-pro-1B/Janus/brushstroke_janus/eval_results/emoart_janus_itfi_layer21_22_23_top100_lam1p0_resumable/t2i_images/01135.png (attempt 2/3): Connection error.
2026-05-03 14:52:14 [ERROR] API call failed for /root/autodl-tmp/Show-o/janus-pro-1B/Janus/brushstroke_janus/eval_results/emoart_janus_itfi_layer21_22_23_top100_lam1p0_resumable/t2i_images/01135.png after 3 attempts: Connection error.
2026-05-03 14:52:17 [WARNING] API call failed for /root/autodl-tmp/Show-o/janus-pro-1B/Janus/brushstroke_janus/eval_results/emoart_janus_itfi_layer21_22_23_top100_lam1p0_resumable/t2i_images/01136.png (attempt 1/3): Connection error.
2026-05-03 14:52:19 [WARNING] API call failed for /root/autodl-tmp/Show-o/janus-pro-1B/Janus/brushstroke_janus/eval_results/emoart_janus_itfi_layer21_22_23_top100_lam1p0_resumable/t2i_images/01136.png (attempt 2/3): Connection error.
2026-05-03 14:52:22 [ERROR] API call failed for /root/autodl-tmp/Show-o/janus-pro-1B/Janus/brushstroke_janus/eval_results/emoart_janus_itfi_layer21_22_23_top100_lam1p0_resumable/t2i_images/01136.png after 3 attempts: Connection error.
2026-05-03 14:52:24 [WARNING] API call failed for /root/autodl-tmp/Show-o/janus-pro-1B/Janus/brushstroke_janus/eval_results/emoart_janus_itfi_layer21_22_23_top100_lam1p0_resumable/t2i_images/01137.png (attempt 1/3): Connection error.
2026-05-03 14:52:26 [WARNING] API call failed for /root/autodl-tmp/Show-o/janus-pro-1B/Janus/brushstroke_janus/eval_results/emoart_janus_itfi_layer21_22_23_top100_lam1p0_resumable/t2i_images/01137.png (attempt 2/3): Connection error.
2026-05-03 14:52:29 [ERROR] API call failed for /root/autodl-tmp/Show-o/janus-pro-1B/Janus/brushstroke_janus/eval_results/emoart_janus_itfi_layer21_22_23_top100_lam1p0_resumable/t2i_images/01137.png after 3 attempts: Connection error.
2026-05-03 14:52:31 [WARNING] API call failed for /root/autodl-tmp/Show-o/janus-pro-1B/Janus/brushstroke_janus/eval_results/emoart_janus_itfi_layer21_22_23_top100_lam1p0_resumable/t2i_images/01138.png (attempt 1/3): Connection error.
2026-05-03 14:52:33 [WARNING] API call failed for /root/autodl-tmp/Show-o/janus-pro-1B/Janus/brushstroke_janus/eval_results/emoart_janus_itfi_layer21_22_23_top100_lam1p0_resumable/t2i_images/01138.png (attempt 2/3): Connection error.
2026-05-03 14:52:35 [ERROR] API call failed for /root/autodl-tmp/Show-o/janus-pro-1B/Janus/brushstroke_janus/eval_results/emoart_janus_itfi_layer21_22_23_top100_lam1p0_resumable/t2i_images/01138.png after 3 attempts: Connection error.
2026-05-03 14:52:38 [WARNING] API call failed for /root/autodl-tmp/Show-o/janus-pro-1B/Janus/brushstroke_janus/eval_results/emoart_janus_itfi_layer21_22_23_top100_lam1p0_resumable/t2i_images/01139.png (attempt 1/3): Connection error.
2026-05-03 14:52:40 [WARNING] API call failed for /root/autodl-tmp/Show-o/janus-pro-1B/Janus/brushstroke_janus/eval_results/emoart_janus_itfi_layer21_22_23_top100_lam1p0_resumable/t2i_images/01139.png (attempt 2/3): Connection error.
2026-05-03 14:52:43 [ERROR] API call failed for /root/autodl-tmp/Show-o/janus-pro-1B/Janus/brushstroke_janus/eval_results/emoart_janus_itfi_layer21_22_23_top100_lam1p0_resumable/t2i_images/01139.png after 3 attempts: Connection error.
2026-05-03 14:52:45 [WARNING] API call failed for /root/autodl-tmp/Show-o/janus-pro-1B/Janus/brushstroke_janus/eval_results/emoart_janus_itfi_layer21_22_23_top100_lam1p0_resumable/t2i_images/01140.png (attempt 1/3): Connection error.
2026-05-03 14:52:47 [WARNING] API call failed for /root/autodl-tmp/Show-o/janus-pro-1B/Janus/brushstroke_janus/eval_results/emoart_janus_itfi_layer21_22_23_top100_lam1p0_resumable/t2i_images/01140.png (attempt 2/3): Connection error.
2026-05-03 14:52:49 [ERROR] API call failed for /root/autodl-tmp/Show-o/janus-pro-1B/Janus/brushstroke_janus/eval_results/emoart_janus_itfi_layer21_22_23_top100_lam1p0_resumable/t2i_images/01140.png after 3 attempts: Connection error.
2026-05-03 14:52:52 [WARNING] API call failed for /root/autodl-tmp/Show-o/janus-pro-1B/Janus/brushstroke_janus/eval_results/emoart_janus_itfi_layer21_22_23_top100_lam1p0_resumable/t2i_images/01141.png (attempt 1/3): Connection error.
2026-05-03 14:52:54 [WARNING] API call failed for /root/autodl-tmp/Show-o/janus-pro-1B/Janus/brushstroke_janus/eval_results/emoart_janus_itfi_layer21_22_23_top100_lam1p0_resumable/t2i_images/01141.png (attempt 2/3): Connection error.
2026-05-03 14:52:56 [ERROR] API call failed for /root/autodl-tmp/Show-o/janus-pro-1B/Janus/brushstroke_janus/eval_results/emoart_janus_itfi_layer21_22_23_top100_lam1p0_resumable/t2i_images/01141.png after 3 attempts: Connection error.
2026-05-03 14:52:58 [WARNING] API call failed for /root/autodl-tmp/Show-o/janus-pro-1B/Janus/brushstroke_janus/eval_results/emoart_janus_itfi_layer21_22_23_top100_lam1p0_resumable/t2i_images/01142.png (attempt 1/3): Connection error.
2026-05-03 14:53:01 [WARNING] API call failed for /root/autodl-tmp/Show-o/janus-pro-1B/Janus/brushstroke_janus/eval_results/emoart_janus_itfi_layer21_22_23_top100_lam1p0_resumable/t2i_images/01142.png (attempt 2/3): Connection error.
2026-05-03 14:53:03 [ERROR] API call failed for /root/autodl-tmp/Show-o/janus-pro-1B/Janus/brushstroke_janus/eval_results/emoart_janus_itfi_layer21_22_23_top100_lam1p0_resumable/t2i_images/01142.png after 3 attempts: Connection error.
2026-05-03 14:53:05 [WARNING] API call failed for /root/autodl-tmp/Show-o/janus-pro-1B/Janus/brushstroke_janus/eval_results/emoart_janus_itfi_layer21_22_23_top100_lam1p0_resumable/t2i_images/01143.png (attempt 1/3): Connection error.
2026-05-03 14:53:08 [WARNING] API call failed for /root/autodl-tmp/Show-o/janus-pro-1B/Janus/brushstroke_janus/eval_results/emoart_janus_itfi_layer21_22_23_top100_lam1p0_resumable/t2i_images/01143.png (attempt 2/3): Connection error.
2026-05-03 14:53:10 [ERROR] API call failed for /root/autodl-tmp/Show-o/janus-pro-1B/Janus/brushstroke_janus/eval_results/emoart_janus_itfi_layer21_22_23_top100_lam1p0_resumable/t2i_images/01143.png after 3 attempts: Connection error.
2026-05-03 14:53:13 [WARNING] API call failed for /root/autodl-tmp/Show-o/janus-pro-1B/Janus/brushstroke_janus/eval_results/emoart_janus_itfi_layer21_22_23_top100_lam1p0_resumable/t2i_images/01144.png (attempt 1/3): Connection error.
2026-05-03 14:53:15 [WARNING] API call failed for /root/autodl-tmp/Show-o/janus-pro-1B/Janus/brushstroke_janus/eval_results/emoart_janus_itfi_layer21_22_23_top100_lam1p0_resumable/t2i_images/01144.png (attempt 2/3): Connection error.
2026-05-03 14:53:17 [ERROR] API call failed for /root/autodl-tmp/Show-o/janus-pro-1B/Janus/brushstroke_janus/eval_results/emoart_janus_itfi_layer21_22_23_top100_lam1p0_resumable/t2i_images/01144.png after 3 attempts: Connection error.
2026-05-03 14:53:20 [WARNING] API call failed for /root/autodl-tmp/Show-o/janus-pro-1B/Janus/brushstroke_janus/eval_results/emoart_janus_itfi_layer21_22_23_top100_lam1p0_resumable/t2i_images/01145.png (attempt 1/3): Connection error.
2026-05-03 14:53:22 [WARNING] API call failed for /root/autodl-tmp/Show-o/janus-pro-1B/Janus/brushstroke_janus/eval_results/emoart_janus_itfi_layer21_22_23_top100_lam1p0_resumable/t2i_images/01145.png (attempt 2/3): Connection error.
2026-05-03 14:53:24 [ERROR] API call failed for /root/autodl-tmp/Show-o/janus-pro-1B/Janus/brushstroke_janus/eval_results/emoart_janus_itfi_layer21_22_23_top100_lam1p0_resumable/t2i_images/01145.png after 3 attempts: Connection error.
2026-05-03 14:53:27 [WARNING] API call failed for /root/autodl-tmp/Show-o/janus-pro-1B/Janus/brushstroke_janus/eval_results/emoart_janus_itfi_layer21_22_23_top100_lam1p0_resumable/t2i_images/01146.png (attempt 1/3): Connection error.
2026-05-03 14:53:29 [WARNING] API call failed for /root/autodl-tmp/Show-o/janus-pro-1B/Janus/brushstroke_janus/eval_results/emoart_janus_itfi_layer21_22_23_top100_lam1p0_resumable/t2i_images/01146.png (attempt 2/3): Connection error.
2026-05-03 14:53:32 [ERROR] API call failed for /root/autodl-tmp/Show-o/janus-pro-1B/Janus/brushstroke_janus/eval_results/emoart_janus_itfi_layer21_22_23_top100_lam1p0_resumable/t2i_images/01146.png after 3 attempts: Connection error.
2026-05-03 14:53:34 [WARNING] API call failed for /root/autodl-tmp/Show-o/janus-pro-1B/Janus/brushstroke_janus/eval_results/emoart_janus_itfi_layer21_22_23_top100_lam1p0_resumable/t2i_images/01147.png (attempt 1/3): Connection error.
2026-05-03 14:53:36 [WARNING] API call failed for /root/autodl-tmp/Show-o/janus-pro-1B/Janus/brushstroke_janus/eval_results/emoart_janus_itfi_layer21_22_23_top100_lam1p0_resumable/t2i_images/01147.png (attempt 2/3): Connection error.
2026-05-03 14:53:39 [ERROR] API call failed for /root/autodl-tmp/Show-o/janus-pro-1B/Janus/brushstroke_janus/eval_results/emoart_janus_itfi_layer21_22_23_top100_lam1p0_resumable/t2i_images/01147.png after 3 attempts: Connection error.
2026-05-03 14:53:41 [WARNING] API call failed for /root/autodl-tmp/Show-o/janus-pro-1B/Janus/brushstroke_janus/eval_results/emoart_janus_itfi_layer21_22_23_top100_lam1p0_resumable/t2i_images/01148.png (attempt 1/3): Connection error.
2026-05-03 14:53:44 [WARNING] API call failed for /root/autodl-tmp/Show-o/janus-pro-1B/Janus/brushstroke_janus/eval_results/emoart_janus_itfi_layer21_22_23_top100_lam1p0_resumable/t2i_images/01148.png (attempt 2/3): Connection error.
2026-05-03 14:53:46 [ERROR] API call failed for /root/autodl-tmp/Show-o/janus-pro-1B/Janus/brushstroke_janus/eval_results/emoart_janus_itfi_layer21_22_23_top100_lam1p0_resumable/t2i_images/01148.png after 3 attempts: Connection error.
2026-05-03 14:53:48 [WARNING] API call failed for /root/autodl-tmp/Show-o/janus-pro-1B/Janus/brushstroke_janus/eval_results/emoart_janus_itfi_layer21_22_23_top100_lam1p0_resumable/t2i_images/01149.png (attempt 1/3): Connection error.
2026-05-03 14:53:50 [WARNING] API call failed for /root/autodl-tmp/Show-o/janus-pro-1B/Janus/brushstroke_janus/eval_results/emoart_janus_itfi_layer21_22_23_top100_lam1p0_resumable/t2i_images/01149.png (attempt 2/3): Connection error.
2026-05-03 14:53:53 [ERROR] API call failed for /root/autodl-tmp/Show-o/janus-pro-1B/Janus/brushstroke_janus/eval_results/emoart_janus_itfi_layer21_22_23_top100_lam1p0_resumable/t2i_images/01149.png after 3 attempts: Connection error.
2026-05-03 14:53:55 [WARNING] API call failed for /root/autodl-tmp/Show-o/janus-pro-1B/Janus/brushstroke_janus/eval_results/emoart_janus_itfi_layer21_22_23_top100_lam1p0_resumable/t2i_images/01150.png (attempt 1/3): Connection error.
2026-05-03 14:53:58 [WARNING] API call failed for /root/autodl-tmp/Show-o/janus-pro-1B/Janus/brushstroke_janus/eval_results/emoart_janus_itfi_layer21_22_23_top100_lam1p0_resumable/t2i_images/01150.png (attempt 2/3): Connection error.
2026-05-03 14:54:00 [ERROR] API call failed for /root/autodl-tmp/Show-o/janus-pro-1B/Janus/brushstroke_janus/eval_results/emoart_janus_itfi_layer21_22_23_top100_lam1p0_resumable/t2i_images/01150.png after 3 attempts: Connection error.
2026-05-03 14:54:02 [WARNING] API call failed for /root/autodl-tmp/Show-o/janus-pro-1B/Janus/brushstroke_janus/eval_results/emoart_janus_itfi_layer21_22_23_top100_lam1p0_resumable/t2i_images/01151.png (attempt 1/3): Connection error.
2026-05-03 14:54:05 [WARNING] API call failed for /root/autodl-tmp/Show-o/janus-pro-1B/Janus/brushstroke_janus/eval_results/emoart_janus_itfi_layer21_22_23_top100_lam1p0_resumable/t2i_images/01151.png (attempt 2/3): Connection error.
2026-05-03 14:54:07 [ERROR] API call failed for /root/autodl-tmp/Show-o/janus-pro-1B/Janus/brushstroke_janus/eval_results/emoart_janus_itfi_layer21_22_23_top100_lam1p0_resumable/t2i_images/01151.png after 3 attempts: Connection error.
2026-05-03 14:54:09 [WARNING] API call failed for /root/autodl-tmp/Show-o/janus-pro-1B/Janus/brushstroke_janus/eval_results/emoart_janus_itfi_layer21_22_23_top100_lam1p0_resumable/t2i_images/01152.png (attempt 1/3): Connection error.
2026-05-03 14:54:11 [WARNING] API call failed for /root/autodl-tmp/Show-o/janus-pro-1B/Janus/brushstroke_janus/eval_results/emoart_janus_itfi_layer21_22_23_top100_lam1p0_resumable/t2i_images/01152.png (attempt 2/3): Connection error.
2026-05-03 14:54:14 [ERROR] API call failed for /root/autodl-tmp/Show-o/janus-pro-1B/Janus/brushstroke_janus/eval_results/emoart_janus_itfi_layer21_22_23_top100_lam1p0_resumable/t2i_images/01152.png after 3 attempts: Connection error.
2026-05-03 14:54:16 [WARNING] API call failed for /root/autodl-tmp/Show-o/janus-pro-1B/Janus/brushstroke_janus/eval_results/emoart_janus_itfi_layer21_22_23_top100_lam1p0_resumable/t2i_images/01153.png (attempt 1/3): Connection error.
2026-05-03 14:54:18 [WARNING] API call failed for /root/autodl-tmp/Show-o/janus-pro-1B/Janus/brushstroke_janus/eval_results/emoart_janus_itfi_layer21_22_23_top100_lam1p0_resumable/t2i_images/01153.png (attempt 2/3): Connection error.
2026-05-03 14:54:21 [ERROR] API call failed for /root/autodl-tmp/Show-o/janus-pro-1B/Janus/brushstroke_janus/eval_results/emoart_janus_itfi_layer21_22_23_top100_lam1p0_resumable/t2i_images/01153.png after 3 attempts: Connection error.
2026-05-03 14:54:23 [WARNING] API call failed for /root/autodl-tmp/Show-o/janus-pro-1B/Janus/brushstroke_janus/eval_results/emoart_janus_itfi_layer21_22_23_top100_lam1p0_resumable/t2i_images/01154.png (attempt 1/3): Connection error.
2026-05-03 14:54:26 [WARNING] API call failed for /root/autodl-tmp/Show-o/janus-pro-1B/Janus/brushstroke_janus/eval_results/emoart_janus_itfi_layer21_22_23_top100_lam1p0_resumable/t2i_images/01154.png (attempt 2/3): Connection error.
2026-05-03 14:54:28 [ERROR] API call failed for /root/autodl-tmp/Show-o/janus-pro-1B/Janus/brushstroke_janus/eval_results/emoart_janus_itfi_layer21_22_23_top100_lam1p0_resumable/t2i_images/01154.png after 3 attempts: Connection error.
2026-05-03 14:54:30 [WARNING] API call failed for /root/autodl-tmp/Show-o/janus-pro-1B/Janus/brushstroke_janus/eval_results/emoart_janus_itfi_layer21_22_23_top100_lam1p0_resumable/t2i_images/01155.png (attempt 1/3): Connection error.
2026-05-03 14:54:32 [WARNING] API call failed for /root/autodl-tmp/Show-o/janus-pro-1B/Janus/brushstroke_janus/eval_results/emoart_janus_itfi_layer21_22_23_top100_lam1p0_resumable/t2i_images/01155.png (attempt 2/3): Connection error.
2026-05-03 14:54:35 [ERROR] API call failed for /root/autodl-tmp/Show-o/janus-pro-1B/Janus/brushstroke_janus/eval_results/emoart_janus_itfi_layer21_22_23_top100_lam1p0_resumable/t2i_images/01155.png after 3 attempts: Connection error.
2026-05-03 14:54:37 [WARNING] API call failed for /root/autodl-tmp/Show-o/janus-pro-1B/Janus/brushstroke_janus/eval_results/emoart_janus_itfi_layer21_22_23_top100_lam1p0_resumable/t2i_images/01156.png (attempt 1/3): Connection error.
2026-05-03 14:54:40 [WARNING] API call failed for /root/autodl-tmp/Show-o/janus-pro-1B/Janus/brushstroke_janus/eval_results/emoart_janus_itfi_layer21_22_23_top100_lam1p0_resumable/t2i_images/01156.png (attempt 2/3): Connection error.
2026-05-03 14:54:42 [ERROR] API call failed for /root/autodl-tmp/Show-o/janus-pro-1B/Janus/brushstroke_janus/eval_results/emoart_janus_itfi_layer21_22_23_top100_lam1p0_resumable/t2i_images/01156.png after 3 attempts: Connection error.
2026-05-03 14:54:44 [WARNING] API call failed for /root/autodl-tmp/Show-o/janus-pro-1B/Janus/brushstroke_janus/eval_results/emoart_janus_itfi_layer21_22_23_top100_lam1p0_resumable/t2i_images/01157.png (attempt 1/3): Connection error.
2026-05-03 14:54:46 [WARNING] API call failed for /root/autodl-tmp/Show-o/janus-pro-1B/Janus/brushstroke_janus/eval_results/emoart_janus_itfi_layer21_22_23_top100_lam1p0_resumable/t2i_images/01157.png (attempt 2/3): Connection error.
2026-05-03 14:54:49 [ERROR] API call failed for /root/autodl-tmp/Show-o/janus-pro-1B/Janus/brushstroke_janus/eval_results/emoart_janus_itfi_layer21_22_23_top100_lam1p0_resumable/t2i_images/01157.png after 3 attempts: Connection error.
2026-05-03 14:54:51 [WARNING] API call failed for /root/autodl-tmp/Show-o/janus-pro-1B/Janus/brushstroke_janus/eval_results/emoart_janus_itfi_layer21_22_23_top100_lam1p0_resumable/t2i_images/01158.png (attempt 1/3): Connection error.
2026-05-03 14:54:53 [WARNING] API call failed for /root/autodl-tmp/Show-o/janus-pro-1B/Janus/brushstroke_janus/eval_results/emoart_janus_itfi_layer21_22_23_top100_lam1p0_resumable/t2i_images/01158.png (attempt 2/3): Connection error.
2026-05-03 14:54:56 [ERROR] API call failed for /root/autodl-tmp/Show-o/janus-pro-1B/Janus/brushstroke_janus/eval_results/emoart_janus_itfi_layer21_22_23_top100_lam1p0_resumable/t2i_images/01158.png after 3 attempts: Connection error.
2026-05-03 14:54:58 [WARNING] API call failed for /root/autodl-tmp/Show-o/janus-pro-1B/Janus/brushstroke_janus/eval_results/emoart_janus_itfi_layer21_22_23_top100_lam1p0_resumable/t2i_images/01159.png (attempt 1/3): Connection error.
2026-05-03 14:55:00 [WARNING] API call failed for /root/autodl-tmp/Show-o/janus-pro-1B/Janus/brushstroke_janus/eval_results/emoart_janus_itfi_layer21_22_23_top100_lam1p0_resumable/t2i_images/01159.png (attempt 2/3): Connection error.
2026-05-03 14:55:03 [ERROR] API call failed for /root/autodl-tmp/Show-o/janus-pro-1B/Janus/brushstroke_janus/eval_results/emoart_janus_itfi_layer21_22_23_top100_lam1p0_resumable/t2i_images/01159.png after 3 attempts: Connection error.
2026-05-03 14:55:05 [WARNING] API call failed for /root/autodl-tmp/Show-o/janus-pro-1B/Janus/brushstroke_janus/eval_results/emoart_janus_itfi_layer21_22_23_top100_lam1p0_resumable/t2i_images/01160.png (attempt 1/3): Connection error.
2026-05-03 14:55:07 [WARNING] API call failed for /root/autodl-tmp/Show-o/janus-pro-1B/Janus/brushstroke_janus/eval_results/emoart_janus_itfi_layer21_22_23_top100_lam1p0_resumable/t2i_images/01160.png (attempt 2/3): Connection error.
2026-05-03 14:55:10 [ERROR] API call failed for /root/autodl-tmp/Show-o/janus-pro-1B/Janus/brushstroke_janus/eval_results/emoart_janus_itfi_layer21_22_23_top100_lam1p0_resumable/t2i_images/01160.png after 3 attempts: Connection error.
2026-05-03 14:55:12 [WARNING] API call failed for /root/autodl-tmp/Show-o/janus-pro-1B/Janus/brushstroke_janus/eval_results/emoart_janus_itfi_layer21_22_23_top100_lam1p0_resumable/t2i_images/01161.png (attempt 1/3): Connection error.
2026-05-03 14:55:15 [WARNING] API call failed for /root/autodl-tmp/Show-o/janus-pro-1B/Janus/brushstroke_janus/eval_results/emoart_janus_itfi_layer21_22_23_top100_lam1p0_resumable/t2i_images/01161.png (attempt 2/3): Connection error.
2026-05-03 14:55:17 [ERROR] API call failed for /root/autodl-tmp/Show-o/janus-pro-1B/Janus/brushstroke_janus/eval_results/emoart_janus_itfi_layer21_22_23_top100_lam1p0_resumable/t2i_images/01161.png after 3 attempts: Connection error.
2026-05-03 14:55:19 [WARNING] API call failed for /root/autodl-tmp/Show-o/janus-pro-1B/Janus/brushstroke_janus/eval_results/emoart_janus_itfi_layer21_22_23_top100_lam1p0_resumable/t2i_images/01162.png (attempt 1/3): Connection error.
2026-05-03 14:55:21 [WARNING] API call failed for /root/autodl-tmp/Show-o/janus-pro-1B/Janus/brushstroke_janus/eval_results/emoart_janus_itfi_layer21_22_23_top100_lam1p0_resumable/t2i_images/01162.png (attempt 2/3): Connection error.
2026-05-03 14:55:24 [ERROR] API call failed for /root/autodl-tmp/Show-o/janus-pro-1B/Janus/brushstroke_janus/eval_results/emoart_janus_itfi_layer21_22_23_top100_lam1p0_resumable/t2i_images/01162.png after 3 attempts: Connection error.
2026-05-03 14:55:26 [WARNING] API call failed for /root/autodl-tmp/Show-o/janus-pro-1B/Janus/brushstroke_janus/eval_results/emoart_janus_itfi_layer21_22_23_top100_lam1p0_resumable/t2i_images/01163.png (attempt 1/3): Connection error.
2026-05-03 14:55:28 [WARNING] API call failed for /root/autodl-tmp/Show-o/janus-pro-1B/Janus/brushstroke_janus/eval_results/emoart_janus_itfi_layer21_22_23_top100_lam1p0_resumable/t2i_images/01163.png (attempt 2/3): Connection error.
2026-05-03 14:55:31 [ERROR] API call failed for /root/autodl-tmp/Show-o/janus-pro-1B/Janus/brushstroke_janus/eval_results/emoart_janus_itfi_layer21_22_23_top100_lam1p0_resumable/t2i_images/01163.png after 3 attempts: Connection error.
2026-05-03 14:55:33 [WARNING] API call failed for /root/autodl-tmp/Show-o/janus-pro-1B/Janus/brushstroke_janus/eval_results/emoart_janus_itfi_layer21_22_23_top100_lam1p0_resumable/t2i_images/01164.png (attempt 1/3): Connection error.
2026-05-03 14:55:35 [WARNING] API call failed for /root/autodl-tmp/Show-o/janus-pro-1B/Janus/brushstroke_janus/eval_results/emoart_janus_itfi_layer21_22_23_top100_lam1p0_resumable/t2i_images/01164.png (attempt 2/3): Connection error.
2026-05-03 14:55:38 [ERROR] API call failed for /root/autodl-tmp/Show-o/janus-pro-1B/Janus/brushstroke_janus/eval_results/emoart_janus_itfi_layer21_22_23_top100_lam1p0_resumable/t2i_images/01164.png after 3 attempts: Connection error.
2026-05-03 14:55:40 [WARNING] API call failed for /root/autodl-tmp/Show-o/janus-pro-1B/Janus/brushstroke_janus/eval_results/emoart_janus_itfi_layer21_22_23_top100_lam1p0_resumable/t2i_images/01165.png (attempt 1/3): Connection error.
2026-05-03 14:55:42 [WARNING] API call failed for /root/autodl-tmp/Show-o/janus-pro-1B/Janus/brushstroke_janus/eval_results/emoart_janus_itfi_layer21_22_23_top100_lam1p0_resumable/t2i_images/01165.png (attempt 2/3): Connection error.
2026-05-03 14:55:45 [ERROR] API call failed for /root/autodl-tmp/Show-o/janus-pro-1B/Janus/brushstroke_janus/eval_results/emoart_janus_itfi_layer21_22_23_top100_lam1p0_resumable/t2i_images/01165.png after 3 attempts: Connection error.
2026-05-03 14:55:47 [WARNING] API call failed for /root/autodl-tmp/Show-o/janus-pro-1B/Janus/brushstroke_janus/eval_results/emoart_janus_itfi_layer21_22_23_top100_lam1p0_resumable/t2i_images/01166.png (attempt 1/3): Connection error.
2026-05-03 14:55:50 [WARNING] API call failed for /root/autodl-tmp/Show-o/janus-pro-1B/Janus/brushstroke_janus/eval_results/emoart_janus_itfi_layer21_22_23_top100_lam1p0_resumable/t2i_images/01166.png (attempt 2/3): Connection error.
2026-05-03 14:55:52 [ERROR] API call failed for /root/autodl-tmp/Show-o/janus-pro-1B/Janus/brushstroke_janus/eval_results/emoart_janus_itfi_layer21_22_23_top100_lam1p0_resumable/t2i_images/01166.png after 3 attempts: Connection error.
2026-05-03 14:55:54 [WARNING] API call failed for /root/autodl-tmp/Show-o/janus-pro-1B/Janus/brushstroke_janus/eval_results/emoart_janus_itfi_layer21_22_23_top100_lam1p0_resumable/t2i_images/01167.png (attempt 1/3): Connection error.
2026-05-03 14:55:57 [WARNING] API call failed for /root/autodl-tmp/Show-o/janus-pro-1B/Janus/brushstroke_janus/eval_results/emoart_janus_itfi_layer21_22_23_top100_lam1p0_resumable/t2i_images/01167.png (attempt 2/3): Connection error.
2026-05-03 14:55:59 [ERROR] API call failed for /root/autodl-tmp/Show-o/janus-pro-1B/Janus/brushstroke_janus/eval_results/emoart_janus_itfi_layer21_22_23_top100_lam1p0_resumable/t2i_images/01167.png after 3 attempts: Connection error.
2026-05-03 14:56:02 [WARNING] API call failed for /root/autodl-tmp/Show-o/janus-pro-1B/Janus/brushstroke_janus/eval_results/emoart_janus_itfi_layer21_22_23_top100_lam1p0_resumable/t2i_images/01168.png (attempt 1/3): Connection error.
2026-05-03 14:56:04 [WARNING] API call failed for /root/autodl-tmp/Show-o/janus-pro-1B/Janus/brushstroke_janus/eval_results/emoart_janus_itfi_layer21_22_23_top100_lam1p0_resumable/t2i_images/01168.png (attempt 2/3): Connection error.
2026-05-03 14:56:06 [ERROR] API call failed for /root/autodl-tmp/Show-o/janus-pro-1B/Janus/brushstroke_janus/eval_results/emoart_janus_itfi_layer21_22_23_top100_lam1p0_resumable/t2i_images/01168.png after 3 attempts: Connection error.
2026-05-03 14:56:08 [WARNING] API call failed for /root/autodl-tmp/Show-o/janus-pro-1B/Janus/brushstroke_janus/eval_results/emoart_janus_itfi_layer21_22_23_top100_lam1p0_resumable/t2i_images/01169.png (attempt 1/3): Connection error.
2026-05-03 14:56:11 [WARNING] API call failed for /root/autodl-tmp/Show-o/janus-pro-1B/Janus/brushstroke_janus/eval_results/emoart_janus_itfi_layer21_22_23_top100_lam1p0_resumable/t2i_images/01169.png (attempt 2/3): Connection error.
2026-05-03 14:56:13 [ERROR] API call failed for /root/autodl-tmp/Show-o/janus-pro-1B/Janus/brushstroke_janus/eval_results/emoart_janus_itfi_layer21_22_23_top100_lam1p0_resumable/t2i_images/01169.png after 3 attempts: Connection error.
2026-05-03 14:56:15 [WARNING] API call failed for /root/autodl-tmp/Show-o/janus-pro-1B/Janus/brushstroke_janus/eval_results/emoart_janus_itfi_layer21_22_23_top100_lam1p0_resumable/t2i_images/01170.png (attempt 1/3): Connection error.
2026-05-03 14:56:18 [WARNING] API call failed for /root/autodl-tmp/Show-o/janus-pro-1B/Janus/brushstroke_janus/eval_results/emoart_janus_itfi_layer21_22_23_top100_lam1p0_resumable/t2i_images/01170.png (attempt 2/3): Connection error.
2026-05-03 14:56:20 [ERROR] API call failed for /root/autodl-tmp/Show-o/janus-pro-1B/Janus/brushstroke_janus/eval_results/emoart_janus_itfi_layer21_22_23_top100_lam1p0_resumable/t2i_images/01170.png after 3 attempts: Connection error.
2026-05-03 14:56:22 [WARNING] API call failed for /root/autodl-tmp/Show-o/janus-pro-1B/Janus/brushstroke_janus/eval_results/emoart_janus_itfi_layer21_22_23_top100_lam1p0_resumable/t2i_images/01171.png (attempt 1/3): Connection error.
2026-05-03 14:56:25 [WARNING] API call failed for /root/autodl-tmp/Show-o/janus-pro-1B/Janus/brushstroke_janus/eval_results/emoart_janus_itfi_layer21_22_23_top100_lam1p0_resumable/t2i_images/01171.png (attempt 2/3): Connection error.
2026-05-03 14:56:27 [ERROR] API call failed for /root/autodl-tmp/Show-o/janus-pro-1B/Janus/brushstroke_janus/eval_results/emoart_janus_itfi_layer21_22_23_top100_lam1p0_resumable/t2i_images/01171.png after 3 attempts: Connection error.
2026-05-03 14:56:29 [WARNING] API call failed for /root/autodl-tmp/Show-o/janus-pro-1B/Janus/brushstroke_janus/eval_results/emoart_janus_itfi_layer21_22_23_top100_lam1p0_resumable/t2i_images/01172.png (attempt 1/3): Connection error.
2026-05-03 14:56:32 [WARNING] API call failed for /root/autodl-tmp/Show-o/janus-pro-1B/Janus/brushstroke_janus/eval_results/emoart_janus_itfi_layer21_22_23_top100_lam1p0_resumable/t2i_images/01172.png (attempt 2/3): Connection error.
2026-05-03 14:56:34 [ERROR] API call failed for /root/autodl-tmp/Show-o/janus-pro-1B/Janus/brushstroke_janus/eval_results/emoart_janus_itfi_layer21_22_23_top100_lam1p0_resumable/t2i_images/01172.png after 3 attempts: Connection error.
2026-05-03 14:56:36 [WARNING] API call failed for /root/autodl-tmp/Show-o/janus-pro-1B/Janus/brushstroke_janus/eval_results/emoart_janus_itfi_layer21_22_23_top100_lam1p0_resumable/t2i_images/01173.png (attempt 1/3): Connection error.
2026-05-03 14:56:38 [WARNING] API call failed for /root/autodl-tmp/Show-o/janus-pro-1B/Janus/brushstroke_janus/eval_results/emoart_janus_itfi_layer21_22_23_top100_lam1p0_resumable/t2i_images/01173.png (attempt 2/3): Connection error.
2026-05-03 14:56:41 [ERROR] API call failed for /root/autodl-tmp/Show-o/janus-pro-1B/Janus/brushstroke_janus/eval_results/emoart_janus_itfi_layer21_22_23_top100_lam1p0_resumable/t2i_images/01173.png after 3 attempts: Connection error.
2026-05-03 14:56:43 [WARNING] API call failed for /root/autodl-tmp/Show-o/janus-pro-1B/Janus/brushstroke_janus/eval_results/emoart_janus_itfi_layer21_22_23_top100_lam1p0_resumable/t2i_images/01174.png (attempt 1/3): Connection error.
2026-05-03 14:56:45 [WARNING] API call failed for /root/autodl-tmp/Show-o/janus-pro-1B/Janus/brushstroke_janus/eval_results/emoart_janus_itfi_layer21_22_23_top100_lam1p0_resumable/t2i_images/01174.png (attempt 2/3): Connection error.
2026-05-03 14:56:48 [ERROR] API call failed for /root/autodl-tmp/Show-o/janus-pro-1B/Janus/brushstroke_janus/eval_results/emoart_janus_itfi_layer21_22_23_top100_lam1p0_resumable/t2i_images/01174.png after 3 attempts: Connection error.
2026-05-03 14:56:50 [WARNING] API call failed for /root/autodl-tmp/Show-o/janus-pro-1B/Janus/brushstroke_janus/eval_results/emoart_janus_itfi_layer21_22_23_top100_lam1p0_resumable/t2i_images/01175.png (attempt 1/3): Connection error.
2026-05-03 14:56:52 [WARNING] API call failed for /root/autodl-tmp/Show-o/janus-pro-1B/Janus/brushstroke_janus/eval_results/emoart_janus_itfi_layer21_22_23_top100_lam1p0_resumable/t2i_images/01175.png (attempt 2/3): Connection error.
2026-05-03 14:56:55 [ERROR] API call failed for /root/autodl-tmp/Show-o/janus-pro-1B/Janus/brushstroke_janus/eval_results/emoart_janus_itfi_layer21_22_23_top100_lam1p0_resumable/t2i_images/01175.png after 3 attempts: Connection error.
2026-05-03 14:56:57 [WARNING] API call failed for /root/autodl-tmp/Show-o/janus-pro-1B/Janus/brushstroke_janus/eval_results/emoart_janus_itfi_layer21_22_23_top100_lam1p0_resumable/t2i_images/01176.png (attempt 1/3): Connection error.
2026-05-03 14:57:00 [WARNING] API call failed for /root/autodl-tmp/Show-o/janus-pro-1B/Janus/brushstroke_janus/eval_results/emoart_janus_itfi_layer21_22_23_top100_lam1p0_resumable/t2i_images/01176.png (attempt 2/3): Connection error.
2026-05-03 14:57:02 [ERROR] API call failed for /root/autodl-tmp/Show-o/janus-pro-1B/Janus/brushstroke_janus/eval_results/emoart_janus_itfi_layer21_22_23_top100_lam1p0_resumable/t2i_images/01176.png after 3 attempts: Connection error.
2026-05-03 14:57:04 [WARNING] API call failed for /root/autodl-tmp/Show-o/janus-pro-1B/Janus/brushstroke_janus/eval_results/emoart_janus_itfi_layer21_22_23_top100_lam1p0_resumable/t2i_images/01177.png (attempt 1/3): Connection error.
2026-05-03 14:57:07 [WARNING] API call failed for /root/autodl-tmp/Show-o/janus-pro-1B/Janus/brushstroke_janus/eval_results/emoart_janus_itfi_layer21_22_23_top100_lam1p0_resumable/t2i_images/01177.png (attempt 2/3): Connection error.
2026-05-03 14:57:09 [ERROR] API call failed for /root/autodl-tmp/Show-o/janus-pro-1B/Janus/brushstroke_janus/eval_results/emoart_janus_itfi_layer21_22_23_top100_lam1p0_resumable/t2i_images/01177.png after 3 attempts: Connection error.
2026-05-03 14:57:11 [WARNING] API call failed for /root/autodl-tmp/Show-o/janus-pro-1B/Janus/brushstroke_janus/eval_results/emoart_janus_itfi_layer21_22_23_top100_lam1p0_resumable/t2i_images/01178.png (attempt 1/3): Connection error.
2026-05-03 14:57:14 [WARNING] API call failed for /root/autodl-tmp/Show-o/janus-pro-1B/Janus/brushstroke_janus/eval_results/emoart_janus_itfi_layer21_22_23_top100_lam1p0_resumable/t2i_images/01178.png (attempt 2/3): Connection error.
2026-05-03 14:57:16 [ERROR] API call failed for /root/autodl-tmp/Show-o/janus-pro-1B/Janus/brushstroke_janus/eval_results/emoart_janus_itfi_layer21_22_23_top100_lam1p0_resumable/t2i_images/01178.png after 3 attempts: Connection error.
2026-05-03 14:57:18 [WARNING] API call failed for /root/autodl-tmp/Show-o/janus-pro-1B/Janus/brushstroke_janus/eval_results/emoart_janus_itfi_layer21_22_23_top100_lam1p0_resumable/t2i_images/01179.png (attempt 1/3): Connection error.
2026-05-03 14:57:21 [WARNING] API call failed for /root/autodl-tmp/Show-o/janus-pro-1B/Janus/brushstroke_janus/eval_results/emoart_janus_itfi_layer21_22_23_top100_lam1p0_resumable/t2i_images/01179.png (attempt 2/3): Connection error.
2026-05-03 14:57:23 [ERROR] API call failed for /root/autodl-tmp/Show-o/janus-pro-1B/Janus/brushstroke_janus/eval_results/emoart_janus_itfi_layer21_22_23_top100_lam1p0_resumable/t2i_images/01179.png after 3 attempts: Connection error.
2026-05-03 14:57:25 [WARNING] API call failed for /root/autodl-tmp/Show-o/janus-pro-1B/Janus/brushstroke_janus/eval_results/emoart_janus_itfi_layer21_22_23_top100_lam1p0_resumable/t2i_images/01180.png (attempt 1/3): Connection error.
2026-05-03 14:57:28 [WARNING] API call failed for /root/autodl-tmp/Show-o/janus-pro-1B/Janus/brushstroke_janus/eval_results/emoart_janus_itfi_layer21_22_23_top100_lam1p0_resumable/t2i_images/01180.png (attempt 2/3): Connection error.
2026-05-03 14:57:30 [ERROR] API call failed for /root/autodl-tmp/Show-o/janus-pro-1B/Janus/brushstroke_janus/eval_results/emoart_janus_itfi_layer21_22_23_top100_lam1p0_resumable/t2i_images/01180.png after 3 attempts: Connection error.
2026-05-03 14:57:32 [WARNING] API call failed for /root/autodl-tmp/Show-o/janus-pro-1B/Janus/brushstroke_janus/eval_results/emoart_janus_itfi_layer21_22_23_top100_lam1p0_resumable/t2i_images/01181.png (attempt 1/3): Connection error.
2026-05-03 14:57:35 [WARNING] API call failed for /root/autodl-tmp/Show-o/janus-pro-1B/Janus/brushstroke_janus/eval_results/emoart_janus_itfi_layer21_22_23_top100_lam1p0_resumable/t2i_images/01181.png (attempt 2/3): Connection error.
2026-05-03 14:57:37 [ERROR] API call failed for /root/autodl-tmp/Show-o/janus-pro-1B/Janus/brushstroke_janus/eval_results/emoart_janus_itfi_layer21_22_23_top100_lam1p0_resumable/t2i_images/01181.png after 3 attempts: Connection error.
2026-05-03 14:57:40 [WARNING] API call failed for /root/autodl-tmp/Show-o/janus-pro-1B/Janus/brushstroke_janus/eval_results/emoart_janus_itfi_layer21_22_23_top100_lam1p0_resumable/t2i_images/01182.png (attempt 1/3): Connection error.
2026-05-03 14:57:42 [WARNING] API call failed for /root/autodl-tmp/Show-o/janus-pro-1B/Janus/brushstroke_janus/eval_results/emoart_janus_itfi_layer21_22_23_top100_lam1p0_resumable/t2i_images/01182.png (attempt 2/3): Connection error.
2026-05-03 14:57:45 [ERROR] API call failed for /root/autodl-tmp/Show-o/janus-pro-1B/Janus/brushstroke_janus/eval_results/emoart_janus_itfi_layer21_22_23_top100_lam1p0_resumable/t2i_images/01182.png after 3 attempts: Connection error.
2026-05-03 14:57:47 [WARNING] API call failed for /root/autodl-tmp/Show-o/janus-pro-1B/Janus/brushstroke_janus/eval_results/emoart_janus_itfi_layer21_22_23_top100_lam1p0_resumable/t2i_images/01183.png (attempt 1/3): Connection error.
2026-05-03 14:57:49 [WARNING] API call failed for /root/autodl-tmp/Show-o/janus-pro-1B/Janus/brushstroke_janus/eval_results/emoart_janus_itfi_layer21_22_23_top100_lam1p0_resumable/t2i_images/01183.png (attempt 2/3): Connection error.
2026-05-03 14:57:51 [ERROR] API call failed for /root/autodl-tmp/Show-o/janus-pro-1B/Janus/brushstroke_janus/eval_results/emoart_janus_itfi_layer21_22_23_top100_lam1p0_resumable/t2i_images/01183.png after 3 attempts: Connection error.
2026-05-03 14:57:54 [WARNING] API call failed for /root/autodl-tmp/Show-o/janus-pro-1B/Janus/brushstroke_janus/eval_results/emoart_janus_itfi_layer21_22_23_top100_lam1p0_resumable/t2i_images/01184.png (attempt 1/3): Connection error.
2026-05-03 14:57:56 [WARNING] API call failed for /root/autodl-tmp/Show-o/janus-pro-1B/Janus/brushstroke_janus/eval_results/emoart_janus_itfi_layer21_22_23_top100_lam1p0_resumable/t2i_images/01184.png (attempt 2/3): Connection error.
2026-05-03 14:57:58 [ERROR] API call failed for /root/autodl-tmp/Show-o/janus-pro-1B/Janus/brushstroke_janus/eval_results/emoart_janus_itfi_layer21_22_23_top100_lam1p0_resumable/t2i_images/01184.png after 3 attempts: Connection error.
2026-05-03 14:58:01 [WARNING] API call failed for /root/autodl-tmp/Show-o/janus-pro-1B/Janus/brushstroke_janus/eval_results/emoart_janus_itfi_layer21_22_23_top100_lam1p0_resumable/t2i_images/01185.png (attempt 1/3): Connection error.
2026-05-03 14:58:03 [WARNING] API call failed for /root/autodl-tmp/Show-o/janus-pro-1B/Janus/brushstroke_janus/eval_results/emoart_janus_itfi_layer21_22_23_top100_lam1p0_resumable/t2i_images/01185.png (attempt 2/3): Connection error.
2026-05-03 14:58:06 [ERROR] API call failed for /root/autodl-tmp/Show-o/janus-pro-1B/Janus/brushstroke_janus/eval_results/emoart_janus_itfi_layer21_22_23_top100_lam1p0_resumable/t2i_images/01185.png after 3 attempts: Connection error.
2026-05-03 14:58:08 [WARNING] API call failed for /root/autodl-tmp/Show-o/janus-pro-1B/Janus/brushstroke_janus/eval_results/emoart_janus_itfi_layer21_22_23_top100_lam1p0_resumable/t2i_images/01186.png (attempt 1/3): Connection error.
2026-05-03 14:58:10 [WARNING] API call failed for /root/autodl-tmp/Show-o/janus-pro-1B/Janus/brushstroke_janus/eval_results/emoart_janus_itfi_layer21_22_23_top100_lam1p0_resumable/t2i_images/01186.png (attempt 2/3): Connection error.
2026-05-03 14:58:12 [ERROR] API call failed for /root/autodl-tmp/Show-o/janus-pro-1B/Janus/brushstroke_janus/eval_results/emoart_janus_itfi_layer21_22_23_top100_lam1p0_resumable/t2i_images/01186.png after 3 attempts: Connection error.
2026-05-03 14:58:15 [WARNING] API call failed for /root/autodl-tmp/Show-o/janus-pro-1B/Janus/brushstroke_janus/eval_results/emoart_janus_itfi_layer21_22_23_top100_lam1p0_resumable/t2i_images/01187.png (attempt 1/3): Connection error.
2026-05-03 14:58:17 [WARNING] API call failed for /root/autodl-tmp/Show-o/janus-pro-1B/Janus/brushstroke_janus/eval_results/emoart_janus_itfi_layer21_22_23_top100_lam1p0_resumable/t2i_images/01187.png (attempt 2/3): Connection error.
2026-05-03 14:58:19 [ERROR] API call failed for /root/autodl-tmp/Show-o/janus-pro-1B/Janus/brushstroke_janus/eval_results/emoart_janus_itfi_layer21_22_23_top100_lam1p0_resumable/t2i_images/01187.png after 3 attempts: Connection error.
2026-05-03 14:58:22 [WARNING] API call failed for /root/autodl-tmp/Show-o/janus-pro-1B/Janus/brushstroke_janus/eval_results/emoart_janus_itfi_layer21_22_23_top100_lam1p0_resumable/t2i_images/01188.png (attempt 1/3): Connection error.
2026-05-03 14:58:24 [WARNING] API call failed for /root/autodl-tmp/Show-o/janus-pro-1B/Janus/brushstroke_janus/eval_results/emoart_janus_itfi_layer21_22_23_top100_lam1p0_resumable/t2i_images/01188.png (attempt 2/3): Connection error.
2026-05-03 14:58:26 [ERROR] API call failed for /root/autodl-tmp/Show-o/janus-pro-1B/Janus/brushstroke_janus/eval_results/emoart_janus_itfi_layer21_22_23_top100_lam1p0_resumable/t2i_images/01188.png after 3 attempts: Connection error.
2026-05-03 14:58:29 [WARNING] API call failed for /root/autodl-tmp/Show-o/janus-pro-1B/Janus/brushstroke_janus/eval_results/emoart_janus_itfi_layer21_22_23_top100_lam1p0_resumable/t2i_images/01189.png (attempt 1/3): Connection error.
2026-05-03 14:58:31 [WARNING] API call failed for /root/autodl-tmp/Show-o/janus-pro-1B/Janus/brushstroke_janus/eval_results/emoart_janus_itfi_layer21_22_23_top100_lam1p0_resumable/t2i_images/01189.png (attempt 2/3): Connection error.
2026-05-03 14:58:33 [ERROR] API call failed for /root/autodl-tmp/Show-o/janus-pro-1B/Janus/brushstroke_janus/eval_results/emoart_janus_itfi_layer21_22_23_top100_lam1p0_resumable/t2i_images/01189.png after 3 attempts: Connection error.
2026-05-03 14:58:36 [WARNING] API call failed for /root/autodl-tmp/Show-o/janus-pro-1B/Janus/brushstroke_janus/eval_results/emoart_janus_itfi_layer21_22_23_top100_lam1p0_resumable/t2i_images/01190.png (attempt 1/3): Connection error.
2026-05-03 14:58:38 [WARNING] API call failed for /root/autodl-tmp/Show-o/janus-pro-1B/Janus/brushstroke_janus/eval_results/emoart_janus_itfi_layer21_22_23_top100_lam1p0_resumable/t2i_images/01190.png (attempt 2/3): Connection error.
2026-05-03 14:58:40 [ERROR] API call failed for /root/autodl-tmp/Show-o/janus-pro-1B/Janus/brushstroke_janus/eval_results/emoart_janus_itfi_layer21_22_23_top100_lam1p0_resumable/t2i_images/01190.png after 3 attempts: Connection error.
2026-05-03 14:58:42 [WARNING] API call failed for /root/autodl-tmp/Show-o/janus-pro-1B/Janus/brushstroke_janus/eval_results/emoart_janus_itfi_layer21_22_23_top100_lam1p0_resumable/t2i_images/01191.png (attempt 1/3): Connection error.
2026-05-03 14:58:45 [WARNING] API call failed for /root/autodl-tmp/Show-o/janus-pro-1B/Janus/brushstroke_janus/eval_results/emoart_janus_itfi_layer21_22_23_top100_lam1p0_resumable/t2i_images/01191.png (attempt 2/3): Connection error.
2026-05-03 14:58:47 [ERROR] API call failed for /root/autodl-tmp/Show-o/janus-pro-1B/Janus/brushstroke_janus/eval_results/emoart_janus_itfi_layer21_22_23_top100_lam1p0_resumable/t2i_images/01191.png after 3 attempts: Connection error.
2026-05-03 14:58:50 [WARNING] API call failed for /root/autodl-tmp/Show-o/janus-pro-1B/Janus/brushstroke_janus/eval_results/emoart_janus_itfi_layer21_22_23_top100_lam1p0_resumable/t2i_images/01192.png (attempt 1/3): Connection error.
2026-05-03 14:58:52 [WARNING] API call failed for /root/autodl-tmp/Show-o/janus-pro-1B/Janus/brushstroke_janus/eval_results/emoart_janus_itfi_layer21_22_23_top100_lam1p0_resumable/t2i_images/01192.png (attempt 2/3): Connection error.
2026-05-03 14:58:54 [ERROR] API call failed for /root/autodl-tmp/Show-o/janus-pro-1B/Janus/brushstroke_janus/eval_results/emoart_janus_itfi_layer21_22_23_top100_lam1p0_resumable/t2i_images/01192.png after 3 attempts: Connection error.
2026-05-03 14:58:57 [WARNING] API call failed for /root/autodl-tmp/Show-o/janus-pro-1B/Janus/brushstroke_janus/eval_results/emoart_janus_itfi_layer21_22_23_top100_lam1p0_resumable/t2i_images/01193.png (attempt 1/3): Connection error.
2026-05-03 14:58:59 [WARNING] API call failed for /root/autodl-tmp/Show-o/janus-pro-1B/Janus/brushstroke_janus/eval_results/emoart_janus_itfi_layer21_22_23_top100_lam1p0_resumable/t2i_images/01193.png (attempt 2/3): Connection error.
2026-05-03 14:59:01 [ERROR] API call failed for /root/autodl-tmp/Show-o/janus-pro-1B/Janus/brushstroke_janus/eval_results/emoart_janus_itfi_layer21_22_23_top100_lam1p0_resumable/t2i_images/01193.png after 3 attempts: Connection error.
2026-05-03 14:59:04 [WARNING] API call failed for /root/autodl-tmp/Show-o/janus-pro-1B/Janus/brushstroke_janus/eval_results/emoart_janus_itfi_layer21_22_23_top100_lam1p0_resumable/t2i_images/01194.png (attempt 1/3): Connection error.
2026-05-03 14:59:06 [WARNING] API call failed for /root/autodl-tmp/Show-o/janus-pro-1B/Janus/brushstroke_janus/eval_results/emoart_janus_itfi_layer21_22_23_top100_lam1p0_resumable/t2i_images/01194.png (attempt 2/3): Connection error.
2026-05-03 14:59:08 [ERROR] API call failed for /root/autodl-tmp/Show-o/janus-pro-1B/Janus/brushstroke_janus/eval_results/emoart_janus_itfi_layer21_22_23_top100_lam1p0_resumable/t2i_images/01194.png after 3 attempts: Connection error.
2026-05-03 14:59:11 [WARNING] API call failed for /root/autodl-tmp/Show-o/janus-pro-1B/Janus/brushstroke_janus/eval_results/emoart_janus_itfi_layer21_22_23_top100_lam1p0_resumable/t2i_images/01195.png (attempt 1/3): Connection error.
2026-05-03 14:59:13 [WARNING] API call failed for /root/autodl-tmp/Show-o/janus-pro-1B/Janus/brushstroke_janus/eval_results/emoart_janus_itfi_layer21_22_23_top100_lam1p0_resumable/t2i_images/01195.png (attempt 2/3): Connection error.
2026-05-03 14:59:15 [ERROR] API call failed for /root/autodl-tmp/Show-o/janus-pro-1B/Janus/brushstroke_janus/eval_results/emoart_janus_itfi_layer21_22_23_top100_lam1p0_resumable/t2i_images/01195.png after 3 attempts: Connection error.
Using model: gpt-5.4
Using base URL: https://api.gpt.ge/v1/
Resolved images directory: /root/autodl-tmp/Show-o/janus-pro-1B/Janus/brushstroke_janus/eval_results/emoart_janus_itfi_layer21_22_23_top100_lam1p0_resumable/t2i_images
Loaded existing results: 986
Images pending scoring: 674
Processing image 1/674... 00986.png
Processing image 2/674... 00987.png
Processing image 3/674... 00988.png
Processing image 4/674... 00989.png
Processing image 5/674... 00990.png
Processing image 6/674... 00991.png
Processing image 7/674... 00992.png
Processing image 8/674... 00993.png
Processing image 9/674... 00994.png
Processing image 10/674... 00995.png
Processing image 11/674... 00996.png
Processing image 12/674... 00997.png
Processing image 13/674... 00998.png
Processing image 14/674... 00999.png
Processing image 15/674... 01000.png
Processing image 16/674... 01001.png
Processing image 17/674... 01002.png
Processing image 18/674... 01003.png
Processing image 19/674... 01004.png
Processing image 20/674... 01005.png
Processing image 21/674... 01006.png
Processing image 22/674... 01007.png
Processing image 23/674... 01008.png
Processing image 24/674... 01009.png
Processing image 25/674... 01010.png
Processing image 26/674... 01011.png
Processing image 27/674... 01012.png
Processing image 28/674... 01013.png
Processing image 29/674... 01014.png
Processing image 30/674... 01015.png
Processing image 31/674... 01016.png
Processing image 32/674... 01017.png
Processing image 33/674... 01018.png
Processing image 34/674... 01019.png
Processing image 35/674... 01020.png
Processing image 36/674... 01021.png
Processing image 37/674... 01022.png
Processing image 38/674... 01023.png
Processing image 39/674... 01024.png
Processing image 40/674... 01025.png
Processing image 41/674... 01026.png
Processing image 42/674... 01027.png
Processing image 43/674... 01028.png
Processing image 44/674... 01029.png
Processing image 45/674... 01030.png
Processing image 46/674... 01031.png
Processing image 47/674... 01032.png
Processing image 48/674... 01033.png
Processing image 49/674... 01034.png
Processing image 50/674... 01035.png
Processing image 51/674... 01036.png
Processing image 52/674... 01037.png
Processing image 53/674... 01038.png
Processing image 54/674... 01039.png
Processing image 55/674... 01040.png
Processing image 56/674... 01041.png
Processing image 57/674... 01042.png
Processing image 58/674... 01043.png
Processing image 59/674... 01044.png
Processing image 60/674... 01045.png
Processing image 61/674... 01046.png
Processing image 62/674... 01047.png
Processing image 63/674... 01048.png
Processing image 64/674... 01049.png
Processing image 65/674... 01050.png
Processing image 66/674... 01051.png
Processing image 67/674... 01052.png
Processing image 68/674... 01053.png
Processing image 69/674... 01054.png
Processing image 70/674... 01055.png
Processing image 71/674... 01056.png
Processing image 72/674... 01057.png
Processing image 73/674... 01058.png
Processing image 74/674... 01059.png
Processing image 75/674... 01060.png
Processing image 76/674... 01061.png
Processing image 77/674... 01062.png
Processing image 78/674... 01063.png
Processing image 79/674... 01064.png
Processing image 80/674... 01065.png
Processing image 81/674... 01066.png
Processing image 82/674... 01067.png
Processing image 83/674... 01068.png
Processing image 84/674... 01069.png
Processing image 85/674... 01070.png
Processing image 86/674... 01071.png
Processing image 87/674... 01072.png
Processing image 88/674... 01073.png
Processing image 89/674... 01074.png
Processing image 90/674... 01075.png
Processing image 91/674... 01076.png
Processing image 92/674... 01077.png
Processing image 93/674... 01078.png
Processing image 94/674... 01079.png
Processing image 95/674... 01080.png
Processing image 96/674... 01081.png
Processing image 97/674... 01082.png
Processing image 98/674... 01083.png
Processing image 99/674... 01084.png
Processing image 100/674... 01085.png
Processing image 101/674... 01086.png
Processing image 102/674... 01087.png
Processing image 103/674... 01088.png
Processing image 104/674... 01089.png
Processing image 105/674... 01090.png
Processing image 106/674... 01091.png
Processing image 107/674... 01092.png
Processing image 108/674... 01093.png
Processing image 109/674... 01094.png
Processing image 110/674... 01095.png
Processing image 111/674... 01096.png
Processing image 112/674... 01097.png
Processing image 113/674... 01098.png
Processing image 114/674... 01099.png
Processing image 115/674... 01100.png
Processing image 116/674... 01101.png
Processing image 117/674... 01102.png
Processing image 118/674... 01103.png
Processing image 119/674... 01104.png
Processing image 120/674... 01105.png
Processing image 121/674... 01106.png
Processing image 122/674... 01107.png
Processing image 123/674... 01108.png
Processing image 124/674... 01109.png
Processing image 125/674... 01110.png
Processing image 126/674... 01111.png
Processing image 127/674... 01112.png
Processing image 128/674... 01113.png
Processing image 129/674... 01114.png
Processing image 130/674... 01115.png
Processing image 131/674... 01116.png
Processing image 132/674... 01117.png
Processing image 133/674... 01118.png
Processing image 134/674... 01119.png
Processing image 135/674... 01120.png
Processing image 136/674... 01121.png
Processing image 137/674... 01122.png
Processing image 138/674... 01123.png
Processing image 139/674... 01124.png
Processing image 140/674... 01125.png
Processing image 141/674... 01126.png
Processing image 142/674... 01127.png
Processing image 143/674... 01128.png
Processing image 144/674... 01129.png
Processing image 145/674... 01130.png
Processing image 146/674... 01131.png
Processing image 147/674... 01132.png
Processing image 148/674... 01133.png
Processing image 149/674... 01134.png
Processing image 150/674... 01135.png
Processing image 151/674... 01136.png
Processing image 152/674... 01137.png
Processing image 153/674... 01138.png
Processing image 154/674... 01139.png
Processing image 155/674... 01140.png
Processing image 156/674... 01141.png
Processing image 157/674... 01142.png
Processing image 158/674... 01143.png
Processing image 159/674... 01144.png
Processing image 160/674... 01145.png
Processing image 161/674... 01146.png
Processing image 162/674... 01147.png
Processing image 163/674... 01148.png
Processing image 164/674... 01149.png
Processing image 165/674... 01150.png
Processing image 166/674... 01151.png
Processing image 167/674... 01152.png
Processing image 168/674... 01153.png
Processing image 169/674... 01154.png
Processing image 170/674... 01155.png
Processing image 171/674... 01156.png
Processing image 172/674... 01157.png
Processing image 173/674... 01158.png
Processing image 174/674... 01159.png
Processing image 175/674... 01160.png
Processing image 176/674... 01161.png
Processing image 177/674... 01162.png
Processing image 178/674... 01163.png
Processing image 179/674... 01164.png
Processing image 180/674... 01165.png
Processing image 181/674... 01166.png
Processing image 182/674... 01167.png
Processing image 183/674... 01168.png
Processing image 184/674... 01169.png
Processing image 185/674... 01170.png
Processing image 186/674... 01171.png
Processing image 187/674... 01172.png
Processing image 188/674... 01173.png
Processing image 189/674... 01174.png
Processing image 190/674... 01175.png
Processing image 191/674... 01176.png
Processing image 192/674... 01177.png
Processing image 193/674... 01178.png
Processing image 194/674... 01179.png
Processing image 195/674... 01180.png
Processing image 196/674... 01181.png
Processing image 197/674... 01182.png
Processing image 198/674... 01183.png
Processing image 199/674... 01184.png
Processing image 200/674... 01185.png
Processing image 201/674... 01186.png
Processing image 202/674... 01187.png
Processing image 203/674... 01188.png
Processing image 204/674... 01189.png
Processing image 205/674... 01190.png
Processing image 206/674... 01191.png
Processing image 207/674... 01192.png
Processing image 208/674... 01193.png
Processing image 209/674... 01194.png
Processing image 210/674... 01195.png
2026-05-03 14:59:18 [WARNING] API call failed for /root/autodl-tmp/Show-o/janus-pro-1B/Janus/brushstroke_janus/eval_results/emoart_janus_itfi_layer21_22_23_top100_lam1p0_resumable/t2i_images/01196.png (attempt 1/3): Connection error.
2026-05-03 14:59:20 [WARNING] API call failed for /root/autodl-tmp/Show-o/janus-pro-1B/Janus/brushstroke_janus/eval_results/emoart_janus_itfi_layer21_22_23_top100_lam1p0_resumable/t2i_images/01196.png (attempt 2/3): Connection error.
2026-05-03 14:59:22 [ERROR] API call failed for /root/autodl-tmp/Show-o/janus-pro-1B/Janus/brushstroke_janus/eval_results/emoart_janus_itfi_layer21_22_23_top100_lam1p0_resumable/t2i_images/01196.png after 3 attempts: Connection error.
2026-05-03 14:59:25 [WARNING] API call failed for /root/autodl-tmp/Show-o/janus-pro-1B/Janus/brushstroke_janus/eval_results/emoart_janus_itfi_layer21_22_23_top100_lam1p0_resumable/t2i_images/01197.png (attempt 1/3): Connection error.
2026-05-03 14:59:27 [WARNING] API call failed for /root/autodl-tmp/Show-o/janus-pro-1B/Janus/brushstroke_janus/eval_results/emoart_janus_itfi_layer21_22_23_top100_lam1p0_resumable/t2i_images/01197.png (attempt 2/3): Connection error.
2026-05-03 14:59:29 [ERROR] API call failed for /root/autodl-tmp/Show-o/janus-pro-1B/Janus/brushstroke_janus/eval_results/emoart_janus_itfi_layer21_22_23_top100_lam1p0_resumable/t2i_images/01197.png after 3 attempts: Connection error.
2026-05-03 14:59:32 [WARNING] API call failed for /root/autodl-tmp/Show-o/janus-pro-1B/Janus/brushstroke_janus/eval_results/emoart_janus_itfi_layer21_22_23_top100_lam1p0_resumable/t2i_images/01198.png (attempt 1/3): Connection error.
2026-05-03 14:59:34 [WARNING] API call failed for /root/autodl-tmp/Show-o/janus-pro-1B/Janus/brushstroke_janus/eval_results/emoart_janus_itfi_layer21_22_23_top100_lam1p0_resumable/t2i_images/01198.png (attempt 2/3): Connection error.
2026-05-03 14:59:37 [ERROR] API call failed for /root/autodl-tmp/Show-o/janus-pro-1B/Janus/brushstroke_janus/eval_results/emoart_janus_itfi_layer21_22_23_top100_lam1p0_resumable/t2i_images/01198.png after 3 attempts: Connection error.
2026-05-03 14:59:39 [WARNING] API call failed for /root/autodl-tmp/Show-o/janus-pro-1B/Janus/brushstroke_janus/eval_results/emoart_janus_itfi_layer21_22_23_top100_lam1p0_resumable/t2i_images/01199.png (attempt 1/3): Connection error.
2026-05-03 14:59:41 [WARNING] API call failed for /root/autodl-tmp/Show-o/janus-pro-1B/Janus/brushstroke_janus/eval_results/emoart_janus_itfi_layer21_22_23_top100_lam1p0_resumable/t2i_images/01199.png (attempt 2/3): Connection error.
2026-05-03 14:59:44 [ERROR] API call failed for /root/autodl-tmp/Show-o/janus-pro-1B/Janus/brushstroke_janus/eval_results/emoart_janus_itfi_layer21_22_23_top100_lam1p0_resumable/t2i_images/01199.png after 3 attempts: Connection error.
2026-05-03 14:59:46 [WARNING] API call failed for /root/autodl-tmp/Show-o/janus-pro-1B/Janus/brushstroke_janus/eval_results/emoart_janus_itfi_layer21_22_23_top100_lam1p0_resumable/t2i_images/01200.png (attempt 1/3): Connection error.
2026-05-03 14:59:48 [WARNING] API call failed for /root/autodl-tmp/Show-o/janus-pro-1B/Janus/brushstroke_janus/eval_results/emoart_janus_itfi_layer21_22_23_top100_lam1p0_resumable/t2i_images/01200.png (attempt 2/3): Connection error.
2026-05-03 14:59:51 [ERROR] API call failed for /root/autodl-tmp/Show-o/janus-pro-1B/Janus/brushstroke_janus/eval_results/emoart_janus_itfi_layer21_22_23_top100_lam1p0_resumable/t2i_images/01200.png after 3 attempts: Connection error.
2026-05-03 14:59:53 [WARNING] API call failed for /root/autodl-tmp/Show-o/janus-pro-1B/Janus/brushstroke_janus/eval_results/emoart_janus_itfi_layer21_22_23_top100_lam1p0_resumable/t2i_images/01201.png (attempt 1/3): Connection error.
2026-05-03 14:59:55 [WARNING] API call failed for /root/autodl-tmp/Show-o/janus-pro-1B/Janus/brushstroke_janus/eval_results/emoart_janus_itfi_layer21_22_23_top100_lam1p0_resumable/t2i_images/01201.png (attempt 2/3): Connection error.
2026-05-03 14:59:58 [ERROR] API call failed for /root/autodl-tmp/Show-o/janus-pro-1B/Janus/brushstroke_janus/eval_results/emoart_janus_itfi_layer21_22_23_top100_lam1p0_resumable/t2i_images/01201.png after 3 attempts: Connection error.
2026-05-03 15:00:00 [WARNING] API call failed for /root/autodl-tmp/Show-o/janus-pro-1B/Janus/brushstroke_janus/eval_results/emoart_janus_itfi_layer21_22_23_top100_lam1p0_resumable/t2i_images/01202.png (attempt 1/3): Connection error.
2026-05-03 15:00:03 [WARNING] API call failed for /root/autodl-tmp/Show-o/janus-pro-1B/Janus/brushstroke_janus/eval_results/emoart_janus_itfi_layer21_22_23_top100_lam1p0_resumable/t2i_images/01202.png (attempt 2/3): Connection error.
2026-05-03 15:00:05 [ERROR] API call failed for /root/autodl-tmp/Show-o/janus-pro-1B/Janus/brushstroke_janus/eval_results/emoart_janus_itfi_layer21_22_23_top100_lam1p0_resumable/t2i_images/01202.png after 3 attempts: Connection error.
2026-05-03 15:00:07 [WARNING] API call failed for /root/autodl-tmp/Show-o/janus-pro-1B/Janus/brushstroke_janus/eval_results/emoart_janus_itfi_layer21_22_23_top100_lam1p0_resumable/t2i_images/01203.png (attempt 1/3): Connection error.
2026-05-03 15:00:09 [WARNING] API call failed for /root/autodl-tmp/Show-o/janus-pro-1B/Janus/brushstroke_janus/eval_results/emoart_janus_itfi_layer21_22_23_top100_lam1p0_resumable/t2i_images/01203.png (attempt 2/3): Connection error.
2026-05-03 15:00:12 [ERROR] API call failed for /root/autodl-tmp/Show-o/janus-pro-1B/Janus/brushstroke_janus/eval_results/emoart_janus_itfi_layer21_22_23_top100_lam1p0_resumable/t2i_images/01203.png after 3 attempts: Connection error.
2026-05-03 15:00:14 [WARNING] API call failed for /root/autodl-tmp/Show-o/janus-pro-1B/Janus/brushstroke_janus/eval_results/emoart_janus_itfi_layer21_22_23_top100_lam1p0_resumable/t2i_images/01204.png (attempt 1/3): Connection error.
2026-05-03 15:00:16 [WARNING] API call failed for /root/autodl-tmp/Show-o/janus-pro-1B/Janus/brushstroke_janus/eval_results/emoart_janus_itfi_layer21_22_23_top100_lam1p0_resumable/t2i_images/01204.png (attempt 2/3): Connection error.
2026-05-03 15:00:19 [ERROR] API call failed for /root/autodl-tmp/Show-o/janus-pro-1B/Janus/brushstroke_janus/eval_results/emoart_janus_itfi_layer21_22_23_top100_lam1p0_resumable/t2i_images/01204.png after 3 attempts: Connection error.
2026-05-03 15:00:21 [WARNING] API call failed for /root/autodl-tmp/Show-o/janus-pro-1B/Janus/brushstroke_janus/eval_results/emoart_janus_itfi_layer21_22_23_top100_lam1p0_resumable/t2i_images/01205.png (attempt 1/3): Connection error.
2026-05-03 15:00:24 [WARNING] API call failed for /root/autodl-tmp/Show-o/janus-pro-1B/Janus/brushstroke_janus/eval_results/emoart_janus_itfi_layer21_22_23_top100_lam1p0_resumable/t2i_images/01205.png (attempt 2/3): Connection error.
2026-05-03 15:00:26 [ERROR] API call failed for /root/autodl-tmp/Show-o/janus-pro-1B/Janus/brushstroke_janus/eval_results/emoart_janus_itfi_layer21_22_23_top100_lam1p0_resumable/t2i_images/01205.png after 3 attempts: Connection error.
2026-05-03 15:00:28 [WARNING] API call failed for /root/autodl-tmp/Show-o/janus-pro-1B/Janus/brushstroke_janus/eval_results/emoart_janus_itfi_layer21_22_23_top100_lam1p0_resumable/t2i_images/01206.png (attempt 1/3): Connection error.
2026-05-03 15:00:31 [WARNING] API call failed for /root/autodl-tmp/Show-o/janus-pro-1B/Janus/brushstroke_janus/eval_results/emoart_janus_itfi_layer21_22_23_top100_lam1p0_resumable/t2i_images/01206.png (attempt 2/3): Connection error.
2026-05-03 15:00:33 [ERROR] API call failed for /root/autodl-tmp/Show-o/janus-pro-1B/Janus/brushstroke_janus/eval_results/emoart_janus_itfi_layer21_22_23_top100_lam1p0_resumable/t2i_images/01206.png after 3 attempts: Connection error.
2026-05-03 15:00:35 [WARNING] API call failed for /root/autodl-tmp/Show-o/janus-pro-1B/Janus/brushstroke_janus/eval_results/emoart_janus_itfi_layer21_22_23_top100_lam1p0_resumable/t2i_images/01207.png (attempt 1/3): Connection error.
2026-05-03 15:00:38 [WARNING] API call failed for /root/autodl-tmp/Show-o/janus-pro-1B/Janus/brushstroke_janus/eval_results/emoart_janus_itfi_layer21_22_23_top100_lam1p0_resumable/t2i_images/01207.png (attempt 2/3): Connection error.
2026-05-03 15:00:40 [ERROR] API call failed for /root/autodl-tmp/Show-o/janus-pro-1B/Janus/brushstroke_janus/eval_results/emoart_janus_itfi_layer21_22_23_top100_lam1p0_resumable/t2i_images/01207.png after 3 attempts: Connection error.
2026-05-03 15:00:42 [WARNING] API call failed for /root/autodl-tmp/Show-o/janus-pro-1B/Janus/brushstroke_janus/eval_results/emoart_janus_itfi_layer21_22_23_top100_lam1p0_resumable/t2i_images/01208.png (attempt 1/3): Connection error.
2026-05-03 15:00:45 [WARNING] API call failed for /root/autodl-tmp/Show-o/janus-pro-1B/Janus/brushstroke_janus/eval_results/emoart_janus_itfi_layer21_22_23_top100_lam1p0_resumable/t2i_images/01208.png (attempt 2/3): Connection error.
2026-05-03 15:00:47 [ERROR] API call failed for /root/autodl-tmp/Show-o/janus-pro-1B/Janus/brushstroke_janus/eval_results/emoart_janus_itfi_layer21_22_23_top100_lam1p0_resumable/t2i_images/01208.png after 3 attempts: Connection error.
2026-05-03 15:00:49 [WARNING] API call failed for /root/autodl-tmp/Show-o/janus-pro-1B/Janus/brushstroke_janus/eval_results/emoart_janus_itfi_layer21_22_23_top100_lam1p0_resumable/t2i_images/01209.png (attempt 1/3): Connection error.
2026-05-03 15:00:52 [WARNING] API call failed for /root/autodl-tmp/Show-o/janus-pro-1B/Janus/brushstroke_janus/eval_results/emoart_janus_itfi_layer21_22_23_top100_lam1p0_resumable/t2i_images/01209.png (attempt 2/3): Connection error.
2026-05-03 15:00:54 [ERROR] API call failed for /root/autodl-tmp/Show-o/janus-pro-1B/Janus/brushstroke_janus/eval_results/emoart_janus_itfi_layer21_22_23_top100_lam1p0_resumable/t2i_images/01209.png after 3 attempts: Connection error.
2026-05-03 15:00:57 [WARNING] API call failed for /root/autodl-tmp/Show-o/janus-pro-1B/Janus/brushstroke_janus/eval_results/emoart_janus_itfi_layer21_22_23_top100_lam1p0_resumable/t2i_images/01210.png (attempt 1/3): Connection error.
2026-05-03 15:00:59 [WARNING] API call failed for /root/autodl-tmp/Show-o/janus-pro-1B/Janus/brushstroke_janus/eval_results/emoart_janus_itfi_layer21_22_23_top100_lam1p0_resumable/t2i_images/01210.png (attempt 2/3): Connection error.
2026-05-03 15:01:01 [ERROR] API call failed for /root/autodl-tmp/Show-o/janus-pro-1B/Janus/brushstroke_janus/eval_results/emoart_janus_itfi_layer21_22_23_top100_lam1p0_resumable/t2i_images/01210.png after 3 attempts: Connection error.
2026-05-03 15:01:04 [WARNING] API call failed for /root/autodl-tmp/Show-o/janus-pro-1B/Janus/brushstroke_janus/eval_results/emoart_janus_itfi_layer21_22_23_top100_lam1p0_resumable/t2i_images/01211.png (attempt 1/3): Connection error.
2026-05-03 15:01:06 [WARNING] API call failed for /root/autodl-tmp/Show-o/janus-pro-1B/Janus/brushstroke_janus/eval_results/emoart_janus_itfi_layer21_22_23_top100_lam1p0_resumable/t2i_images/01211.png (attempt 2/3): Connection error.
2026-05-03 15:01:08 [ERROR] API call failed for /root/autodl-tmp/Show-o/janus-pro-1B/Janus/brushstroke_janus/eval_results/emoart_janus_itfi_layer21_22_23_top100_lam1p0_resumable/t2i_images/01211.png after 3 attempts: Connection error.
2026-05-03 15:01:10 [WARNING] API call failed for /root/autodl-tmp/Show-o/janus-pro-1B/Janus/brushstroke_janus/eval_results/emoart_janus_itfi_layer21_22_23_top100_lam1p0_resumable/t2i_images/01212.png (attempt 1/3): Connection error.
2026-05-03 15:01:13 [WARNING] API call failed for /root/autodl-tmp/Show-o/janus-pro-1B/Janus/brushstroke_janus/eval_results/emoart_janus_itfi_layer21_22_23_top100_lam1p0_resumable/t2i_images/01212.png (attempt 2/3): Connection error.
2026-05-03 15:01:15 [ERROR] API call failed for /root/autodl-tmp/Show-o/janus-pro-1B/Janus/brushstroke_janus/eval_results/emoart_janus_itfi_layer21_22_23_top100_lam1p0_resumable/t2i_images/01212.png after 3 attempts: Connection error.
2026-05-03 15:01:17 [WARNING] API call failed for /root/autodl-tmp/Show-o/janus-pro-1B/Janus/brushstroke_janus/eval_results/emoart_janus_itfi_layer21_22_23_top100_lam1p0_resumable/t2i_images/01213.png (attempt 1/3): Connection error.
2026-05-03 15:01:20 [WARNING] API call failed for /root/autodl-tmp/Show-o/janus-pro-1B/Janus/brushstroke_janus/eval_results/emoart_janus_itfi_layer21_22_23_top100_lam1p0_resumable/t2i_images/01213.png (attempt 2/3): Connection error.
2026-05-03 15:01:22 [ERROR] API call failed for /root/autodl-tmp/Show-o/janus-pro-1B/Janus/brushstroke_janus/eval_results/emoart_janus_itfi_layer21_22_23_top100_lam1p0_resumable/t2i_images/01213.png after 3 attempts: Connection error.
2026-05-03 15:01:24 [WARNING] API call failed for /root/autodl-tmp/Show-o/janus-pro-1B/Janus/brushstroke_janus/eval_results/emoart_janus_itfi_layer21_22_23_top100_lam1p0_resumable/t2i_images/01214.png (attempt 1/3): Connection error.
2026-05-03 15:01:27 [WARNING] API call failed for /root/autodl-tmp/Show-o/janus-pro-1B/Janus/brushstroke_janus/eval_results/emoart_janus_itfi_layer21_22_23_top100_lam1p0_resumable/t2i_images/01214.png (attempt 2/3): Connection error.
2026-05-03 15:01:29 [ERROR] API call failed for /root/autodl-tmp/Show-o/janus-pro-1B/Janus/brushstroke_janus/eval_results/emoart_janus_itfi_layer21_22_23_top100_lam1p0_resumable/t2i_images/01214.png after 3 attempts: Connection error.
2026-05-03 15:01:31 [WARNING] API call failed for /root/autodl-tmp/Show-o/janus-pro-1B/Janus/brushstroke_janus/eval_results/emoart_janus_itfi_layer21_22_23_top100_lam1p0_resumable/t2i_images/01215.png (attempt 1/3): Connection error.
2026-05-03 15:01:33 [WARNING] API call failed for /root/autodl-tmp/Show-o/janus-pro-1B/Janus/brushstroke_janus/eval_results/emoart_janus_itfi_layer21_22_23_top100_lam1p0_resumable/t2i_images/01215.png (attempt 2/3): Connection error.
2026-05-03 15:01:36 [ERROR] API call failed for /root/autodl-tmp/Show-o/janus-pro-1B/Janus/brushstroke_janus/eval_results/emoart_janus_itfi_layer21_22_23_top100_lam1p0_resumable/t2i_images/01215.png after 3 attempts: Connection error.
2026-05-03 15:01:38 [WARNING] API call failed for /root/autodl-tmp/Show-o/janus-pro-1B/Janus/brushstroke_janus/eval_results/emoart_janus_itfi_layer21_22_23_top100_lam1p0_resumable/t2i_images/01216.png (attempt 1/3): Connection error.
2026-05-03 15:01:40 [WARNING] API call failed for /root/autodl-tmp/Show-o/janus-pro-1B/Janus/brushstroke_janus/eval_results/emoart_janus_itfi_layer21_22_23_top100_lam1p0_resumable/t2i_images/01216.png (attempt 2/3): Connection error.
2026-05-03 15:01:43 [ERROR] API call failed for /root/autodl-tmp/Show-o/janus-pro-1B/Janus/brushstroke_janus/eval_results/emoart_janus_itfi_layer21_22_23_top100_lam1p0_resumable/t2i_images/01216.png after 3 attempts: Connection error.
2026-05-03 15:01:45 [WARNING] API call failed for /root/autodl-tmp/Show-o/janus-pro-1B/Janus/brushstroke_janus/eval_results/emoart_janus_itfi_layer21_22_23_top100_lam1p0_resumable/t2i_images/01217.png (attempt 1/3): Connection error.
2026-05-03 15:01:47 [WARNING] API call failed for /root/autodl-tmp/Show-o/janus-pro-1B/Janus/brushstroke_janus/eval_results/emoart_janus_itfi_layer21_22_23_top100_lam1p0_resumable/t2i_images/01217.png (attempt 2/3): Connection error.
2026-05-03 15:01:50 [ERROR] API call failed for /root/autodl-tmp/Show-o/janus-pro-1B/Janus/brushstroke_janus/eval_results/emoart_janus_itfi_layer21_22_23_top100_lam1p0_resumable/t2i_images/01217.png after 3 attempts: Connection error.
2026-05-03 15:01:52 [WARNING] API call failed for /root/autodl-tmp/Show-o/janus-pro-1B/Janus/brushstroke_janus/eval_results/emoart_janus_itfi_layer21_22_23_top100_lam1p0_resumable/t2i_images/01218.png (attempt 1/3): Connection error.
2026-05-03 15:01:54 [WARNING] API call failed for /root/autodl-tmp/Show-o/janus-pro-1B/Janus/brushstroke_janus/eval_results/emoart_janus_itfi_layer21_22_23_top100_lam1p0_resumable/t2i_images/01218.png (attempt 2/3): Connection error.
2026-05-03 15:01:57 [ERROR] API call failed for /root/autodl-tmp/Show-o/janus-pro-1B/Janus/brushstroke_janus/eval_results/emoart_janus_itfi_layer21_22_23_top100_lam1p0_resumable/t2i_images/01218.png after 3 attempts: Connection error.
2026-05-03 15:01:59 [WARNING] API call failed for /root/autodl-tmp/Show-o/janus-pro-1B/Janus/brushstroke_janus/eval_results/emoart_janus_itfi_layer21_22_23_top100_lam1p0_resumable/t2i_images/01219.png (attempt 1/3): Connection error.
2026-05-03 15:02:01 [WARNING] API call failed for /root/autodl-tmp/Show-o/janus-pro-1B/Janus/brushstroke_janus/eval_results/emoart_janus_itfi_layer21_22_23_top100_lam1p0_resumable/t2i_images/01219.png (attempt 2/3): Connection error.
2026-05-03 15:02:04 [ERROR] API call failed for /root/autodl-tmp/Show-o/janus-pro-1B/Janus/brushstroke_janus/eval_results/emoart_janus_itfi_layer21_22_23_top100_lam1p0_resumable/t2i_images/01219.png after 3 attempts: Connection error.
2026-05-03 15:02:06 [WARNING] API call failed for /root/autodl-tmp/Show-o/janus-pro-1B/Janus/brushstroke_janus/eval_results/emoart_janus_itfi_layer21_22_23_top100_lam1p0_resumable/t2i_images/01220.png (attempt 1/3): Connection error.
2026-05-03 15:02:08 [WARNING] API call failed for /root/autodl-tmp/Show-o/janus-pro-1B/Janus/brushstroke_janus/eval_results/emoart_janus_itfi_layer21_22_23_top100_lam1p0_resumable/t2i_images/01220.png (attempt 2/3): Connection error.
2026-05-03 15:02:11 [ERROR] API call failed for /root/autodl-tmp/Show-o/janus-pro-1B/Janus/brushstroke_janus/eval_results/emoart_janus_itfi_layer21_22_23_top100_lam1p0_resumable/t2i_images/01220.png after 3 attempts: Connection error.
2026-05-03 15:02:13 [WARNING] API call failed for /root/autodl-tmp/Show-o/janus-pro-1B/Janus/brushstroke_janus/eval_results/emoart_janus_itfi_layer21_22_23_top100_lam1p0_resumable/t2i_images/01221.png (attempt 1/3): Connection error.
2026-05-03 15:02:15 [WARNING] API call failed for /root/autodl-tmp/Show-o/janus-pro-1B/Janus/brushstroke_janus/eval_results/emoart_janus_itfi_layer21_22_23_top100_lam1p0_resumable/t2i_images/01221.png (attempt 2/3): Connection error.
2026-05-03 15:02:18 [ERROR] API call failed for /root/autodl-tmp/Show-o/janus-pro-1B/Janus/brushstroke_janus/eval_results/emoart_janus_itfi_layer21_22_23_top100_lam1p0_resumable/t2i_images/01221.png after 3 attempts: Connection error.
2026-05-03 15:02:20 [WARNING] API call failed for /root/autodl-tmp/Show-o/janus-pro-1B/Janus/brushstroke_janus/eval_results/emoart_janus_itfi_layer21_22_23_top100_lam1p0_resumable/t2i_images/01222.png (attempt 1/3): Connection error.
2026-05-03 15:02:22 [WARNING] API call failed for /root/autodl-tmp/Show-o/janus-pro-1B/Janus/brushstroke_janus/eval_results/emoart_janus_itfi_layer21_22_23_top100_lam1p0_resumable/t2i_images/01222.png (attempt 2/3): Connection error.
2026-05-03 15:02:24 [ERROR] API call failed for /root/autodl-tmp/Show-o/janus-pro-1B/Janus/brushstroke_janus/eval_results/emoart_janus_itfi_layer21_22_23_top100_lam1p0_resumable/t2i_images/01222.png after 3 attempts: Connection error.
2026-05-03 15:02:27 [WARNING] API call failed for /root/autodl-tmp/Show-o/janus-pro-1B/Janus/brushstroke_janus/eval_results/emoart_janus_itfi_layer21_22_23_top100_lam1p0_resumable/t2i_images/01223.png (attempt 1/3): Connection error.
2026-05-03 15:02:29 [WARNING] API call failed for /root/autodl-tmp/Show-o/janus-pro-1B/Janus/brushstroke_janus/eval_results/emoart_janus_itfi_layer21_22_23_top100_lam1p0_resumable/t2i_images/01223.png (attempt 2/3): Connection error.
2026-05-03 15:02:31 [ERROR] API call failed for /root/autodl-tmp/Show-o/janus-pro-1B/Janus/brushstroke_janus/eval_results/emoart_janus_itfi_layer21_22_23_top100_lam1p0_resumable/t2i_images/01223.png after 3 attempts: Connection error.
2026-05-03 15:02:34 [WARNING] API call failed for /root/autodl-tmp/Show-o/janus-pro-1B/Janus/brushstroke_janus/eval_results/emoart_janus_itfi_layer21_22_23_top100_lam1p0_resumable/t2i_images/01224.png (attempt 1/3): Connection error.
2026-05-03 15:02:36 [WARNING] API call failed for /root/autodl-tmp/Show-o/janus-pro-1B/Janus/brushstroke_janus/eval_results/emoart_janus_itfi_layer21_22_23_top100_lam1p0_resumable/t2i_images/01224.png (attempt 2/3): Connection error.
2026-05-03 15:02:38 [ERROR] API call failed for /root/autodl-tmp/Show-o/janus-pro-1B/Janus/brushstroke_janus/eval_results/emoart_janus_itfi_layer21_22_23_top100_lam1p0_resumable/t2i_images/01224.png after 3 attempts: Connection error.
2026-05-03 15:02:41 [WARNING] API call failed for /root/autodl-tmp/Show-o/janus-pro-1B/Janus/brushstroke_janus/eval_results/emoart_janus_itfi_layer21_22_23_top100_lam1p0_resumable/t2i_images/01225.png (attempt 1/3): Connection error.
2026-05-03 15:02:43 [WARNING] API call failed for /root/autodl-tmp/Show-o/janus-pro-1B/Janus/brushstroke_janus/eval_results/emoart_janus_itfi_layer21_22_23_top100_lam1p0_resumable/t2i_images/01225.png (attempt 2/3): Connection error.
2026-05-03 15:02:45 [ERROR] API call failed for /root/autodl-tmp/Show-o/janus-pro-1B/Janus/brushstroke_janus/eval_results/emoart_janus_itfi_layer21_22_23_top100_lam1p0_resumable/t2i_images/01225.png after 3 attempts: Connection error.
2026-05-03 15:02:47 [WARNING] API call failed for /root/autodl-tmp/Show-o/janus-pro-1B/Janus/brushstroke_janus/eval_results/emoart_janus_itfi_layer21_22_23_top100_lam1p0_resumable/t2i_images/01226.png (attempt 1/3): Connection error.
2026-05-03 15:02:50 [WARNING] API call failed for /root/autodl-tmp/Show-o/janus-pro-1B/Janus/brushstroke_janus/eval_results/emoart_janus_itfi_layer21_22_23_top100_lam1p0_resumable/t2i_images/01226.png (attempt 2/3): Connection error.
2026-05-03 15:02:52 [ERROR] API call failed for /root/autodl-tmp/Show-o/janus-pro-1B/Janus/brushstroke_janus/eval_results/emoart_janus_itfi_layer21_22_23_top100_lam1p0_resumable/t2i_images/01226.png after 3 attempts: Connection error.
2026-05-03 15:02:54 [WARNING] API call failed for /root/autodl-tmp/Show-o/janus-pro-1B/Janus/brushstroke_janus/eval_results/emoart_janus_itfi_layer21_22_23_top100_lam1p0_resumable/t2i_images/01227.png (attempt 1/3): Connection error.
2026-05-03 15:02:57 [WARNING] API call failed for /root/autodl-tmp/Show-o/janus-pro-1B/Janus/brushstroke_janus/eval_results/emoart_janus_itfi_layer21_22_23_top100_lam1p0_resumable/t2i_images/01227.png (attempt 2/3): Connection error.
2026-05-03 15:02:59 [ERROR] API call failed for /root/autodl-tmp/Show-o/janus-pro-1B/Janus/brushstroke_janus/eval_results/emoart_janus_itfi_layer21_22_23_top100_lam1p0_resumable/t2i_images/01227.png after 3 attempts: Connection error.
2026-05-03 15:03:01 [WARNING] API call failed for /root/autodl-tmp/Show-o/janus-pro-1B/Janus/brushstroke_janus/eval_results/emoart_janus_itfi_layer21_22_23_top100_lam1p0_resumable/t2i_images/01228.png (attempt 1/3): Connection error.
2026-05-03 15:03:04 [WARNING] API call failed for /root/autodl-tmp/Show-o/janus-pro-1B/Janus/brushstroke_janus/eval_results/emoart_janus_itfi_layer21_22_23_top100_lam1p0_resumable/t2i_images/01228.png (attempt 2/3): Connection error.
2026-05-03 15:03:06 [ERROR] API call failed for /root/autodl-tmp/Show-o/janus-pro-1B/Janus/brushstroke_janus/eval_results/emoart_janus_itfi_layer21_22_23_top100_lam1p0_resumable/t2i_images/01228.png after 3 attempts: Connection error.
2026-05-03 15:03:09 [WARNING] API call failed for /root/autodl-tmp/Show-o/janus-pro-1B/Janus/brushstroke_janus/eval_results/emoart_janus_itfi_layer21_22_23_top100_lam1p0_resumable/t2i_images/01229.png (attempt 1/3): Connection error.
2026-05-03 15:03:11 [WARNING] API call failed for /root/autodl-tmp/Show-o/janus-pro-1B/Janus/brushstroke_janus/eval_results/emoart_janus_itfi_layer21_22_23_top100_lam1p0_resumable/t2i_images/01229.png (attempt 2/3): Connection error.
2026-05-03 15:03:13 [ERROR] API call failed for /root/autodl-tmp/Show-o/janus-pro-1B/Janus/brushstroke_janus/eval_results/emoart_janus_itfi_layer21_22_23_top100_lam1p0_resumable/t2i_images/01229.png after 3 attempts: Connection error.
2026-05-03 15:03:16 [WARNING] API call failed for /root/autodl-tmp/Show-o/janus-pro-1B/Janus/brushstroke_janus/eval_results/emoart_janus_itfi_layer21_22_23_top100_lam1p0_resumable/t2i_images/01230.png (attempt 1/3): Connection error.
2026-05-03 15:03:18 [WARNING] API call failed for /root/autodl-tmp/Show-o/janus-pro-1B/Janus/brushstroke_janus/eval_results/emoart_janus_itfi_layer21_22_23_top100_lam1p0_resumable/t2i_images/01230.png (attempt 2/3): Connection error.
2026-05-03 15:03:21 [ERROR] API call failed for /root/autodl-tmp/Show-o/janus-pro-1B/Janus/brushstroke_janus/eval_results/emoart_janus_itfi_layer21_22_23_top100_lam1p0_resumable/t2i_images/01230.png after 3 attempts: Connection error.
2026-05-03 15:03:23 [WARNING] API call failed for /root/autodl-tmp/Show-o/janus-pro-1B/Janus/brushstroke_janus/eval_results/emoart_janus_itfi_layer21_22_23_top100_lam1p0_resumable/t2i_images/01231.png (attempt 1/3): Connection error.
2026-05-03 15:03:25 [WARNING] API call failed for /root/autodl-tmp/Show-o/janus-pro-1B/Janus/brushstroke_janus/eval_results/emoart_janus_itfi_layer21_22_23_top100_lam1p0_resumable/t2i_images/01231.png (attempt 2/3): Connection error.
2026-05-03 15:03:28 [ERROR] API call failed for /root/autodl-tmp/Show-o/janus-pro-1B/Janus/brushstroke_janus/eval_results/emoart_janus_itfi_layer21_22_23_top100_lam1p0_resumable/t2i_images/01231.png after 3 attempts: Connection error.
2026-05-03 15:03:30 [WARNING] API call failed for /root/autodl-tmp/Show-o/janus-pro-1B/Janus/brushstroke_janus/eval_results/emoart_janus_itfi_layer21_22_23_top100_lam1p0_resumable/t2i_images/01232.png (attempt 1/3): Connection error.
2026-05-03 15:03:32 [WARNING] API call failed for /root/autodl-tmp/Show-o/janus-pro-1B/Janus/brushstroke_janus/eval_results/emoart_janus_itfi_layer21_22_23_top100_lam1p0_resumable/t2i_images/01232.png (attempt 2/3): Connection error.
2026-05-03 15:03:35 [ERROR] API call failed for /root/autodl-tmp/Show-o/janus-pro-1B/Janus/brushstroke_janus/eval_results/emoart_janus_itfi_layer21_22_23_top100_lam1p0_resumable/t2i_images/01232.png after 3 attempts: Connection error.
2026-05-03 15:03:37 [WARNING] API call failed for /root/autodl-tmp/Show-o/janus-pro-1B/Janus/brushstroke_janus/eval_results/emoart_janus_itfi_layer21_22_23_top100_lam1p0_resumable/t2i_images/01233.png (attempt 1/3): Connection error.
2026-05-03 15:03:40 [WARNING] API call failed for /root/autodl-tmp/Show-o/janus-pro-1B/Janus/brushstroke_janus/eval_results/emoart_janus_itfi_layer21_22_23_top100_lam1p0_resumable/t2i_images/01233.png (attempt 2/3): Connection error.
2026-05-03 15:03:42 [ERROR] API call failed for /root/autodl-tmp/Show-o/janus-pro-1B/Janus/brushstroke_janus/eval_results/emoart_janus_itfi_layer21_22_23_top100_lam1p0_resumable/t2i_images/01233.png after 3 attempts: Connection error.
2026-05-03 15:03:44 [WARNING] API call failed for /root/autodl-tmp/Show-o/janus-pro-1B/Janus/brushstroke_janus/eval_results/emoart_janus_itfi_layer21_22_23_top100_lam1p0_resumable/t2i_images/01234.png (attempt 1/3): Connection error.
2026-05-03 15:03:46 [WARNING] API call failed for /root/autodl-tmp/Show-o/janus-pro-1B/Janus/brushstroke_janus/eval_results/emoart_janus_itfi_layer21_22_23_top100_lam1p0_resumable/t2i_images/01234.png (attempt 2/3): Connection error.
2026-05-03 15:03:49 [ERROR] API call failed for /root/autodl-tmp/Show-o/janus-pro-1B/Janus/brushstroke_janus/eval_results/emoart_janus_itfi_layer21_22_23_top100_lam1p0_resumable/t2i_images/01234.png after 3 attempts: Connection error.
2026-05-03 15:03:51 [WARNING] API call failed for /root/autodl-tmp/Show-o/janus-pro-1B/Janus/brushstroke_janus/eval_results/emoart_janus_itfi_layer21_22_23_top100_lam1p0_resumable/t2i_images/01235.png (attempt 1/3): Connection error.
2026-05-03 15:03:54 [WARNING] API call failed for /root/autodl-tmp/Show-o/janus-pro-1B/Janus/brushstroke_janus/eval_results/emoart_janus_itfi_layer21_22_23_top100_lam1p0_resumable/t2i_images/01235.png (attempt 2/3): Connection error.
2026-05-03 15:03:56 [ERROR] API call failed for /root/autodl-tmp/Show-o/janus-pro-1B/Janus/brushstroke_janus/eval_results/emoart_janus_itfi_layer21_22_23_top100_lam1p0_resumable/t2i_images/01235.png after 3 attempts: Connection error.
2026-05-03 15:03:58 [WARNING] API call failed for /root/autodl-tmp/Show-o/janus-pro-1B/Janus/brushstroke_janus/eval_results/emoart_janus_itfi_layer21_22_23_top100_lam1p0_resumable/t2i_images/01236.png (attempt 1/3): Connection error.
2026-05-03 15:04:01 [WARNING] API call failed for /root/autodl-tmp/Show-o/janus-pro-1B/Janus/brushstroke_janus/eval_results/emoart_janus_itfi_layer21_22_23_top100_lam1p0_resumable/t2i_images/01236.png (attempt 2/3): Connection error.
2026-05-03 15:04:03 [ERROR] API call failed for /root/autodl-tmp/Show-o/janus-pro-1B/Janus/brushstroke_janus/eval_results/emoart_janus_itfi_layer21_22_23_top100_lam1p0_resumable/t2i_images/01236.png after 3 attempts: Connection error.
2026-05-03 15:04:05 [WARNING] API call failed for /root/autodl-tmp/Show-o/janus-pro-1B/Janus/brushstroke_janus/eval_results/emoart_janus_itfi_layer21_22_23_top100_lam1p0_resumable/t2i_images/01237.png (attempt 1/3): Connection error.
2026-05-03 15:04:08 [WARNING] API call failed for /root/autodl-tmp/Show-o/janus-pro-1B/Janus/brushstroke_janus/eval_results/emoart_janus_itfi_layer21_22_23_top100_lam1p0_resumable/t2i_images/01237.png (attempt 2/3): Connection error.
2026-05-03 15:04:10 [ERROR] API call failed for /root/autodl-tmp/Show-o/janus-pro-1B/Janus/brushstroke_janus/eval_results/emoart_janus_itfi_layer21_22_23_top100_lam1p0_resumable/t2i_images/01237.png after 3 attempts: Connection error.
2026-05-03 15:04:12 [WARNING] API call failed for /root/autodl-tmp/Show-o/janus-pro-1B/Janus/brushstroke_janus/eval_results/emoart_janus_itfi_layer21_22_23_top100_lam1p0_resumable/t2i_images/01238.png (attempt 1/3): Connection error.
2026-05-03 15:04:14 [WARNING] API call failed for /root/autodl-tmp/Show-o/janus-pro-1B/Janus/brushstroke_janus/eval_results/emoart_janus_itfi_layer21_22_23_top100_lam1p0_resumable/t2i_images/01238.png (attempt 2/3): Connection error.
2026-05-03 15:04:17 [ERROR] API call failed for /root/autodl-tmp/Show-o/janus-pro-1B/Janus/brushstroke_janus/eval_results/emoart_janus_itfi_layer21_22_23_top100_lam1p0_resumable/t2i_images/01238.png after 3 attempts: Connection error.
2026-05-03 15:04:19 [WARNING] API call failed for /root/autodl-tmp/Show-o/janus-pro-1B/Janus/brushstroke_janus/eval_results/emoart_janus_itfi_layer21_22_23_top100_lam1p0_resumable/t2i_images/01239.png (attempt 1/3): Connection error.
2026-05-03 15:04:22 [WARNING] API call failed for /root/autodl-tmp/Show-o/janus-pro-1B/Janus/brushstroke_janus/eval_results/emoart_janus_itfi_layer21_22_23_top100_lam1p0_resumable/t2i_images/01239.png (attempt 2/3): Connection error.
2026-05-03 15:04:24 [ERROR] API call failed for /root/autodl-tmp/Show-o/janus-pro-1B/Janus/brushstroke_janus/eval_results/emoart_janus_itfi_layer21_22_23_top100_lam1p0_resumable/t2i_images/01239.png after 3 attempts: Connection error.
2026-05-03 15:04:26 [WARNING] API call failed for /root/autodl-tmp/Show-o/janus-pro-1B/Janus/brushstroke_janus/eval_results/emoart_janus_itfi_layer21_22_23_top100_lam1p0_resumable/t2i_images/01240.png (attempt 1/3): Connection error.
2026-05-03 15:04:29 [WARNING] API call failed for /root/autodl-tmp/Show-o/janus-pro-1B/Janus/brushstroke_janus/eval_results/emoart_janus_itfi_layer21_22_23_top100_lam1p0_resumable/t2i_images/01240.png (attempt 2/3): Connection error.
2026-05-03 15:04:31 [ERROR] API call failed for /root/autodl-tmp/Show-o/janus-pro-1B/Janus/brushstroke_janus/eval_results/emoart_janus_itfi_layer21_22_23_top100_lam1p0_resumable/t2i_images/01240.png after 3 attempts: Connection error.
2026-05-03 15:04:33 [WARNING] API call failed for /root/autodl-tmp/Show-o/janus-pro-1B/Janus/brushstroke_janus/eval_results/emoart_janus_itfi_layer21_22_23_top100_lam1p0_resumable/t2i_images/01241.png (attempt 1/3): Connection error.
2026-05-03 15:04:36 [WARNING] API call failed for /root/autodl-tmp/Show-o/janus-pro-1B/Janus/brushstroke_janus/eval_results/emoart_janus_itfi_layer21_22_23_top100_lam1p0_resumable/t2i_images/01241.png (attempt 2/3): Connection error.
2026-05-03 15:04:38 [ERROR] API call failed for /root/autodl-tmp/Show-o/janus-pro-1B/Janus/brushstroke_janus/eval_results/emoart_janus_itfi_layer21_22_23_top100_lam1p0_resumable/t2i_images/01241.png after 3 attempts: Connection error.
2026-05-03 15:04:40 [WARNING] API call failed for /root/autodl-tmp/Show-o/janus-pro-1B/Janus/brushstroke_janus/eval_results/emoart_janus_itfi_layer21_22_23_top100_lam1p0_resumable/t2i_images/01242.png (attempt 1/3): Connection error.
2026-05-03 15:04:43 [WARNING] API call failed for /root/autodl-tmp/Show-o/janus-pro-1B/Janus/brushstroke_janus/eval_results/emoart_janus_itfi_layer21_22_23_top100_lam1p0_resumable/t2i_images/01242.png (attempt 2/3): Connection error.
2026-05-03 15:04:45 [ERROR] API call failed for /root/autodl-tmp/Show-o/janus-pro-1B/Janus/brushstroke_janus/eval_results/emoart_janus_itfi_layer21_22_23_top100_lam1p0_resumable/t2i_images/01242.png after 3 attempts: Connection error.
2026-05-03 15:04:47 [WARNING] API call failed for /root/autodl-tmp/Show-o/janus-pro-1B/Janus/brushstroke_janus/eval_results/emoart_janus_itfi_layer21_22_23_top100_lam1p0_resumable/t2i_images/01243.png (attempt 1/3): Connection error.
2026-05-03 15:04:50 [WARNING] API call failed for /root/autodl-tmp/Show-o/janus-pro-1B/Janus/brushstroke_janus/eval_results/emoart_janus_itfi_layer21_22_23_top100_lam1p0_resumable/t2i_images/01243.png (attempt 2/3): Connection error.
2026-05-03 15:04:52 [ERROR] API call failed for /root/autodl-tmp/Show-o/janus-pro-1B/Janus/brushstroke_janus/eval_results/emoart_janus_itfi_layer21_22_23_top100_lam1p0_resumable/t2i_images/01243.png after 3 attempts: Connection error.
2026-05-03 15:04:54 [WARNING] API call failed for /root/autodl-tmp/Show-o/janus-pro-1B/Janus/brushstroke_janus/eval_results/emoart_janus_itfi_layer21_22_23_top100_lam1p0_resumable/t2i_images/01244.png (attempt 1/3): Connection error.
2026-05-03 15:04:57 [WARNING] API call failed for /root/autodl-tmp/Show-o/janus-pro-1B/Janus/brushstroke_janus/eval_results/emoart_janus_itfi_layer21_22_23_top100_lam1p0_resumable/t2i_images/01244.png (attempt 2/3): Connection error.
2026-05-03 15:04:59 [ERROR] API call failed for /root/autodl-tmp/Show-o/janus-pro-1B/Janus/brushstroke_janus/eval_results/emoart_janus_itfi_layer21_22_23_top100_lam1p0_resumable/t2i_images/01244.png after 3 attempts: Connection error.
2026-05-03 15:05:01 [WARNING] API call failed for /root/autodl-tmp/Show-o/janus-pro-1B/Janus/brushstroke_janus/eval_results/emoart_janus_itfi_layer21_22_23_top100_lam1p0_resumable/t2i_images/01245.png (attempt 1/3): Connection error.
2026-05-03 15:05:04 [WARNING] API call failed for /root/autodl-tmp/Show-o/janus-pro-1B/Janus/brushstroke_janus/eval_results/emoart_janus_itfi_layer21_22_23_top100_lam1p0_resumable/t2i_images/01245.png (attempt 2/3): Connection error.
2026-05-03 15:05:06 [ERROR] API call failed for /root/autodl-tmp/Show-o/janus-pro-1B/Janus/brushstroke_janus/eval_results/emoart_janus_itfi_layer21_22_23_top100_lam1p0_resumable/t2i_images/01245.png after 3 attempts: Connection error.
2026-05-03 15:05:08 [WARNING] API call failed for /root/autodl-tmp/Show-o/janus-pro-1B/Janus/brushstroke_janus/eval_results/emoart_janus_itfi_layer21_22_23_top100_lam1p0_resumable/t2i_images/01246.png (attempt 1/3): Connection error.
2026-05-03 15:05:11 [WARNING] API call failed for /root/autodl-tmp/Show-o/janus-pro-1B/Janus/brushstroke_janus/eval_results/emoart_janus_itfi_layer21_22_23_top100_lam1p0_resumable/t2i_images/01246.png (attempt 2/3): Connection error.
2026-05-03 15:05:13 [ERROR] API call failed for /root/autodl-tmp/Show-o/janus-pro-1B/Janus/brushstroke_janus/eval_results/emoart_janus_itfi_layer21_22_23_top100_lam1p0_resumable/t2i_images/01246.png after 3 attempts: Connection error.
2026-05-03 15:05:15 [WARNING] API call failed for /root/autodl-tmp/Show-o/janus-pro-1B/Janus/brushstroke_janus/eval_results/emoart_janus_itfi_layer21_22_23_top100_lam1p0_resumable/t2i_images/01247.png (attempt 1/3): Connection error.
2026-05-03 15:05:18 [WARNING] API call failed for /root/autodl-tmp/Show-o/janus-pro-1B/Janus/brushstroke_janus/eval_results/emoart_janus_itfi_layer21_22_23_top100_lam1p0_resumable/t2i_images/01247.png (attempt 2/3): Connection error.
2026-05-03 15:05:20 [ERROR] API call failed for /root/autodl-tmp/Show-o/janus-pro-1B/Janus/brushstroke_janus/eval_results/emoart_janus_itfi_layer21_22_23_top100_lam1p0_resumable/t2i_images/01247.png after 3 attempts: Connection error.
2026-05-03 15:05:22 [WARNING] API call failed for /root/autodl-tmp/Show-o/janus-pro-1B/Janus/brushstroke_janus/eval_results/emoart_janus_itfi_layer21_22_23_top100_lam1p0_resumable/t2i_images/01248.png (attempt 1/3): Connection error.
2026-05-03 15:05:25 [WARNING] API call failed for /root/autodl-tmp/Show-o/janus-pro-1B/Janus/brushstroke_janus/eval_results/emoart_janus_itfi_layer21_22_23_top100_lam1p0_resumable/t2i_images/01248.png (attempt 2/3): Connection error.
2026-05-03 15:05:27 [ERROR] API call failed for /root/autodl-tmp/Show-o/janus-pro-1B/Janus/brushstroke_janus/eval_results/emoart_janus_itfi_layer21_22_23_top100_lam1p0_resumable/t2i_images/01248.png after 3 attempts: Connection error.
2026-05-03 15:05:30 [WARNING] API call failed for /root/autodl-tmp/Show-o/janus-pro-1B/Janus/brushstroke_janus/eval_results/emoart_janus_itfi_layer21_22_23_top100_lam1p0_resumable/t2i_images/01249.png (attempt 1/3): Connection error.
2026-05-03 15:05:32 [WARNING] API call failed for /root/autodl-tmp/Show-o/janus-pro-1B/Janus/brushstroke_janus/eval_results/emoart_janus_itfi_layer21_22_23_top100_lam1p0_resumable/t2i_images/01249.png (attempt 2/3): Connection error.
2026-05-03 15:05:34 [ERROR] API call failed for /root/autodl-tmp/Show-o/janus-pro-1B/Janus/brushstroke_janus/eval_results/emoart_janus_itfi_layer21_22_23_top100_lam1p0_resumable/t2i_images/01249.png after 3 attempts: Connection error.
2026-05-03 15:05:37 [WARNING] API call failed for /root/autodl-tmp/Show-o/janus-pro-1B/Janus/brushstroke_janus/eval_results/emoart_janus_itfi_layer21_22_23_top100_lam1p0_resumable/t2i_images/01250.png (attempt 1/3): Connection error.
2026-05-03 15:05:39 [WARNING] API call failed for /root/autodl-tmp/Show-o/janus-pro-1B/Janus/brushstroke_janus/eval_results/emoart_janus_itfi_layer21_22_23_top100_lam1p0_resumable/t2i_images/01250.png (attempt 2/3): Connection error.
2026-05-03 15:05:41 [ERROR] API call failed for /root/autodl-tmp/Show-o/janus-pro-1B/Janus/brushstroke_janus/eval_results/emoart_janus_itfi_layer21_22_23_top100_lam1p0_resumable/t2i_images/01250.png after 3 attempts: Connection error.
2026-05-03 15:05:44 [WARNING] API call failed for /root/autodl-tmp/Show-o/janus-pro-1B/Janus/brushstroke_janus/eval_results/emoart_janus_itfi_layer21_22_23_top100_lam1p0_resumable/t2i_images/01251.png (attempt 1/3): Connection error.
2026-05-03 15:05:46 [WARNING] API call failed for /root/autodl-tmp/Show-o/janus-pro-1B/Janus/brushstroke_janus/eval_results/emoart_janus_itfi_layer21_22_23_top100_lam1p0_resumable/t2i_images/01251.png (attempt 2/3): Connection error.
2026-05-03 15:05:48 [ERROR] API call failed for /root/autodl-tmp/Show-o/janus-pro-1B/Janus/brushstroke_janus/eval_results/emoart_janus_itfi_layer21_22_23_top100_lam1p0_resumable/t2i_images/01251.png after 3 attempts: Connection error.
2026-05-03 15:05:51 [WARNING] API call failed for /root/autodl-tmp/Show-o/janus-pro-1B/Janus/brushstroke_janus/eval_results/emoart_janus_itfi_layer21_22_23_top100_lam1p0_resumable/t2i_images/01252.png (attempt 1/3): Connection error.
2026-05-03 15:05:53 [WARNING] API call failed for /root/autodl-tmp/Show-o/janus-pro-1B/Janus/brushstroke_janus/eval_results/emoart_janus_itfi_layer21_22_23_top100_lam1p0_resumable/t2i_images/01252.png (attempt 2/3): Connection error.
2026-05-03 15:05:55 [ERROR] API call failed for /root/autodl-tmp/Show-o/janus-pro-1B/Janus/brushstroke_janus/eval_results/emoart_janus_itfi_layer21_22_23_top100_lam1p0_resumable/t2i_images/01252.png after 3 attempts: Connection error.
2026-05-03 15:05:58 [WARNING] API call failed for /root/autodl-tmp/Show-o/janus-pro-1B/Janus/brushstroke_janus/eval_results/emoart_janus_itfi_layer21_22_23_top100_lam1p0_resumable/t2i_images/01253.png (attempt 1/3): Connection error.
2026-05-03 15:06:00 [WARNING] API call failed for /root/autodl-tmp/Show-o/janus-pro-1B/Janus/brushstroke_janus/eval_results/emoart_janus_itfi_layer21_22_23_top100_lam1p0_resumable/t2i_images/01253.png (attempt 2/3): Connection error.
2026-05-03 15:06:03 [ERROR] API call failed for /root/autodl-tmp/Show-o/janus-pro-1B/Janus/brushstroke_janus/eval_results/emoart_janus_itfi_layer21_22_23_top100_lam1p0_resumable/t2i_images/01253.png after 3 attempts: Connection error.
2026-05-03 15:06:05 [WARNING] API call failed for /root/autodl-tmp/Show-o/janus-pro-1B/Janus/brushstroke_janus/eval_results/emoart_janus_itfi_layer21_22_23_top100_lam1p0_resumable/t2i_images/01254.png (attempt 1/3): Connection error.
2026-05-03 15:06:07 [WARNING] API call failed for /root/autodl-tmp/Show-o/janus-pro-1B/Janus/brushstroke_janus/eval_results/emoart_janus_itfi_layer21_22_23_top100_lam1p0_resumable/t2i_images/01254.png (attempt 2/3): Connection error.
2026-05-03 15:06:10 [ERROR] API call failed for /root/autodl-tmp/Show-o/janus-pro-1B/Janus/brushstroke_janus/eval_results/emoart_janus_itfi_layer21_22_23_top100_lam1p0_resumable/t2i_images/01254.png after 3 attempts: Connection error.
2026-05-03 15:06:12 [WARNING] API call failed for /root/autodl-tmp/Show-o/janus-pro-1B/Janus/brushstroke_janus/eval_results/emoart_janus_itfi_layer21_22_23_top100_lam1p0_resumable/t2i_images/01255.png (attempt 1/3): Connection error.
2026-05-03 15:06:14 [WARNING] API call failed for /root/autodl-tmp/Show-o/janus-pro-1B/Janus/brushstroke_janus/eval_results/emoart_janus_itfi_layer21_22_23_top100_lam1p0_resumable/t2i_images/01255.png (attempt 2/3): Connection error.
2026-05-03 15:06:16 [ERROR] API call failed for /root/autodl-tmp/Show-o/janus-pro-1B/Janus/brushstroke_janus/eval_results/emoart_janus_itfi_layer21_22_23_top100_lam1p0_resumable/t2i_images/01255.png after 3 attempts: Connection error.
2026-05-03 15:06:19 [WARNING] API call failed for /root/autodl-tmp/Show-o/janus-pro-1B/Janus/brushstroke_janus/eval_results/emoart_janus_itfi_layer21_22_23_top100_lam1p0_resumable/t2i_images/01256.png (attempt 1/3): Connection error.
2026-05-03 15:06:21 [WARNING] API call failed for /root/autodl-tmp/Show-o/janus-pro-1B/Janus/brushstroke_janus/eval_results/emoart_janus_itfi_layer21_22_23_top100_lam1p0_resumable/t2i_images/01256.png (attempt 2/3): Connection error.
2026-05-03 15:06:23 [ERROR] API call failed for /root/autodl-tmp/Show-o/janus-pro-1B/Janus/brushstroke_janus/eval_results/emoart_janus_itfi_layer21_22_23_top100_lam1p0_resumable/t2i_images/01256.png after 3 attempts: Connection error.
2026-05-03 15:06:26 [WARNING] API call failed for /root/autodl-tmp/Show-o/janus-pro-1B/Janus/brushstroke_janus/eval_results/emoart_janus_itfi_layer21_22_23_top100_lam1p0_resumable/t2i_images/01257.png (attempt 1/3): Connection error.
2026-05-03 15:06:28 [WARNING] API call failed for /root/autodl-tmp/Show-o/janus-pro-1B/Janus/brushstroke_janus/eval_results/emoart_janus_itfi_layer21_22_23_top100_lam1p0_resumable/t2i_images/01257.png (attempt 2/3): Connection error.
2026-05-03 15:06:30 [ERROR] API call failed for /root/autodl-tmp/Show-o/janus-pro-1B/Janus/brushstroke_janus/eval_results/emoart_janus_itfi_layer21_22_23_top100_lam1p0_resumable/t2i_images/01257.png after 3 attempts: Connection error.
2026-05-03 15:06:33 [WARNING] API call failed for /root/autodl-tmp/Show-o/janus-pro-1B/Janus/brushstroke_janus/eval_results/emoart_janus_itfi_layer21_22_23_top100_lam1p0_resumable/t2i_images/01258.png (attempt 1/3): Connection error.
2026-05-03 15:06:35 [WARNING] API call failed for /root/autodl-tmp/Show-o/janus-pro-1B/Janus/brushstroke_janus/eval_results/emoart_janus_itfi_layer21_22_23_top100_lam1p0_resumable/t2i_images/01258.png (attempt 2/3): Connection error.
2026-05-03 15:06:37 [ERROR] API call failed for /root/autodl-tmp/Show-o/janus-pro-1B/Janus/brushstroke_janus/eval_results/emoart_janus_itfi_layer21_22_23_top100_lam1p0_resumable/t2i_images/01258.png after 3 attempts: Connection error.
2026-05-03 15:06:40 [WARNING] API call failed for /root/autodl-tmp/Show-o/janus-pro-1B/Janus/brushstroke_janus/eval_results/emoart_janus_itfi_layer21_22_23_top100_lam1p0_resumable/t2i_images/01259.png (attempt 1/3): Connection error.
2026-05-03 15:06:42 [WARNING] API call failed for /root/autodl-tmp/Show-o/janus-pro-1B/Janus/brushstroke_janus/eval_results/emoart_janus_itfi_layer21_22_23_top100_lam1p0_resumable/t2i_images/01259.png (attempt 2/3): Connection error.
2026-05-03 15:06:44 [ERROR] API call failed for /root/autodl-tmp/Show-o/janus-pro-1B/Janus/brushstroke_janus/eval_results/emoart_janus_itfi_layer21_22_23_top100_lam1p0_resumable/t2i_images/01259.png after 3 attempts: Connection error.
2026-05-03 15:06:47 [WARNING] API call failed for /root/autodl-tmp/Show-o/janus-pro-1B/Janus/brushstroke_janus/eval_results/emoart_janus_itfi_layer21_22_23_top100_lam1p0_resumable/t2i_images/01260.png (attempt 1/3): Connection error.
2026-05-03 15:06:49 [WARNING] API call failed for /root/autodl-tmp/Show-o/janus-pro-1B/Janus/brushstroke_janus/eval_results/emoart_janus_itfi_layer21_22_23_top100_lam1p0_resumable/t2i_images/01260.png (attempt 2/3): Connection error.
2026-05-03 15:06:51 [ERROR] API call failed for /root/autodl-tmp/Show-o/janus-pro-1B/Janus/brushstroke_janus/eval_results/emoart_janus_itfi_layer21_22_23_top100_lam1p0_resumable/t2i_images/01260.png after 3 attempts: Connection error.
2026-05-03 15:06:54 [WARNING] API call failed for /root/autodl-tmp/Show-o/janus-pro-1B/Janus/brushstroke_janus/eval_results/emoart_janus_itfi_layer21_22_23_top100_lam1p0_resumable/t2i_images/01261.png (attempt 1/3): Connection error.
2026-05-03 15:06:56 [WARNING] API call failed for /root/autodl-tmp/Show-o/janus-pro-1B/Janus/brushstroke_janus/eval_results/emoart_janus_itfi_layer21_22_23_top100_lam1p0_resumable/t2i_images/01261.png (attempt 2/3): Connection error.
2026-05-03 15:06:58 [ERROR] API call failed for /root/autodl-tmp/Show-o/janus-pro-1B/Janus/brushstroke_janus/eval_results/emoart_janus_itfi_layer21_22_23_top100_lam1p0_resumable/t2i_images/01261.png after 3 attempts: Connection error.
2026-05-03 15:07:01 [WARNING] API call failed for /root/autodl-tmp/Show-o/janus-pro-1B/Janus/brushstroke_janus/eval_results/emoart_janus_itfi_layer21_22_23_top100_lam1p0_resumable/t2i_images/01262.png (attempt 1/3): Connection error.
2026-05-03 15:07:03 [WARNING] API call failed for /root/autodl-tmp/Show-o/janus-pro-1B/Janus/brushstroke_janus/eval_results/emoart_janus_itfi_layer21_22_23_top100_lam1p0_resumable/t2i_images/01262.png (attempt 2/3): Connection error.
2026-05-03 15:07:05 [ERROR] API call failed for /root/autodl-tmp/Show-o/janus-pro-1B/Janus/brushstroke_janus/eval_results/emoart_janus_itfi_layer21_22_23_top100_lam1p0_resumable/t2i_images/01262.png after 3 attempts: Connection error.
2026-05-03 15:07:08 [WARNING] API call failed for /root/autodl-tmp/Show-o/janus-pro-1B/Janus/brushstroke_janus/eval_results/emoart_janus_itfi_layer21_22_23_top100_lam1p0_resumable/t2i_images/01263.png (attempt 1/3): Connection error.
2026-05-03 15:07:10 [WARNING] API call failed for /root/autodl-tmp/Show-o/janus-pro-1B/Janus/brushstroke_janus/eval_results/emoart_janus_itfi_layer21_22_23_top100_lam1p0_resumable/t2i_images/01263.png (attempt 2/3): Connection error.
2026-05-03 15:07:12 [ERROR] API call failed for /root/autodl-tmp/Show-o/janus-pro-1B/Janus/brushstroke_janus/eval_results/emoart_janus_itfi_layer21_22_23_top100_lam1p0_resumable/t2i_images/01263.png after 3 attempts: Connection error.
2026-05-03 15:07:15 [WARNING] API call failed for /root/autodl-tmp/Show-o/janus-pro-1B/Janus/brushstroke_janus/eval_results/emoart_janus_itfi_layer21_22_23_top100_lam1p0_resumable/t2i_images/01264.png (attempt 1/3): Connection error.
2026-05-03 15:07:17 [WARNING] API call failed for /root/autodl-tmp/Show-o/janus-pro-1B/Janus/brushstroke_janus/eval_results/emoart_janus_itfi_layer21_22_23_top100_lam1p0_resumable/t2i_images/01264.png (attempt 2/3): Connection error.
2026-05-03 15:07:19 [ERROR] API call failed for /root/autodl-tmp/Show-o/janus-pro-1B/Janus/brushstroke_janus/eval_results/emoart_janus_itfi_layer21_22_23_top100_lam1p0_resumable/t2i_images/01264.png after 3 attempts: Connection error.
2026-05-03 15:07:22 [WARNING] API call failed for /root/autodl-tmp/Show-o/janus-pro-1B/Janus/brushstroke_janus/eval_results/emoart_janus_itfi_layer21_22_23_top100_lam1p0_resumable/t2i_images/01265.png (attempt 1/3): Connection error.
2026-05-03 15:07:24 [WARNING] API call failed for /root/autodl-tmp/Show-o/janus-pro-1B/Janus/brushstroke_janus/eval_results/emoart_janus_itfi_layer21_22_23_top100_lam1p0_resumable/t2i_images/01265.png (attempt 2/3): Connection error.
2026-05-03 15:07:26 [ERROR] API call failed for /root/autodl-tmp/Show-o/janus-pro-1B/Janus/brushstroke_janus/eval_results/emoart_janus_itfi_layer21_22_23_top100_lam1p0_resumable/t2i_images/01265.png after 3 attempts: Connection error.
2026-05-03 15:07:29 [WARNING] API call failed for /root/autodl-tmp/Show-o/janus-pro-1B/Janus/brushstroke_janus/eval_results/emoart_janus_itfi_layer21_22_23_top100_lam1p0_resumable/t2i_images/01266.png (attempt 1/3): Connection error.
2026-05-03 15:07:31 [WARNING] API call failed for /root/autodl-tmp/Show-o/janus-pro-1B/Janus/brushstroke_janus/eval_results/emoart_janus_itfi_layer21_22_23_top100_lam1p0_resumable/t2i_images/01266.png (attempt 2/3): Connection error.
2026-05-03 15:07:33 [ERROR] API call failed for /root/autodl-tmp/Show-o/janus-pro-1B/Janus/brushstroke_janus/eval_results/emoart_janus_itfi_layer21_22_23_top100_lam1p0_resumable/t2i_images/01266.png after 3 attempts: Connection error.
2026-05-03 15:07:35 [WARNING] API call failed for /root/autodl-tmp/Show-o/janus-pro-1B/Janus/brushstroke_janus/eval_results/emoart_janus_itfi_layer21_22_23_top100_lam1p0_resumable/t2i_images/01267.png (attempt 1/3): Connection error.
2026-05-03 15:07:38 [WARNING] API call failed for /root/autodl-tmp/Show-o/janus-pro-1B/Janus/brushstroke_janus/eval_results/emoart_janus_itfi_layer21_22_23_top100_lam1p0_resumable/t2i_images/01267.png (attempt 2/3): Connection error.
2026-05-03 15:07:40 [ERROR] API call failed for /root/autodl-tmp/Show-o/janus-pro-1B/Janus/brushstroke_janus/eval_results/emoart_janus_itfi_layer21_22_23_top100_lam1p0_resumable/t2i_images/01267.png after 3 attempts: Connection error.
2026-05-03 15:07:42 [WARNING] API call failed for /root/autodl-tmp/Show-o/janus-pro-1B/Janus/brushstroke_janus/eval_results/emoart_janus_itfi_layer21_22_23_top100_lam1p0_resumable/t2i_images/01268.png (attempt 1/3): Connection error.
2026-05-03 15:07:45 [WARNING] API call failed for /root/autodl-tmp/Show-o/janus-pro-1B/Janus/brushstroke_janus/eval_results/emoart_janus_itfi_layer21_22_23_top100_lam1p0_resumable/t2i_images/01268.png (attempt 2/3): Connection error.
2026-05-03 15:07:47 [ERROR] API call failed for /root/autodl-tmp/Show-o/janus-pro-1B/Janus/brushstroke_janus/eval_results/emoart_janus_itfi_layer21_22_23_top100_lam1p0_resumable/t2i_images/01268.png after 3 attempts: Connection error.
2026-05-03 15:07:50 [WARNING] API call failed for /root/autodl-tmp/Show-o/janus-pro-1B/Janus/brushstroke_janus/eval_results/emoart_janus_itfi_layer21_22_23_top100_lam1p0_resumable/t2i_images/01269.png (attempt 1/3): Connection error.
2026-05-03 15:07:52 [WARNING] API call failed for /root/autodl-tmp/Show-o/janus-pro-1B/Janus/brushstroke_janus/eval_results/emoart_janus_itfi_layer21_22_23_top100_lam1p0_resumable/t2i_images/01269.png (attempt 2/3): Connection error.
2026-05-03 15:07:54 [ERROR] API call failed for /root/autodl-tmp/Show-o/janus-pro-1B/Janus/brushstroke_janus/eval_results/emoart_janus_itfi_layer21_22_23_top100_lam1p0_resumable/t2i_images/01269.png after 3 attempts: Connection error.
2026-05-03 15:07:56 [WARNING] API call failed for /root/autodl-tmp/Show-o/janus-pro-1B/Janus/brushstroke_janus/eval_results/emoart_janus_itfi_layer21_22_23_top100_lam1p0_resumable/t2i_images/01270.png (attempt 1/3): Connection error.
2026-05-03 15:07:59 [WARNING] API call failed for /root/autodl-tmp/Show-o/janus-pro-1B/Janus/brushstroke_janus/eval_results/emoart_janus_itfi_layer21_22_23_top100_lam1p0_resumable/t2i_images/01270.png (attempt 2/3): Connection error.
2026-05-03 15:08:01 [ERROR] API call failed for /root/autodl-tmp/Show-o/janus-pro-1B/Janus/brushstroke_janus/eval_results/emoart_janus_itfi_layer21_22_23_top100_lam1p0_resumable/t2i_images/01270.png after 3 attempts: Connection error.
2026-05-03 15:08:03 [WARNING] API call failed for /root/autodl-tmp/Show-o/janus-pro-1B/Janus/brushstroke_janus/eval_results/emoart_janus_itfi_layer21_22_23_top100_lam1p0_resumable/t2i_images/01271.png (attempt 1/3): Connection error.
2026-05-03 15:08:06 [WARNING] API call failed for /root/autodl-tmp/Show-o/janus-pro-1B/Janus/brushstroke_janus/eval_results/emoart_janus_itfi_layer21_22_23_top100_lam1p0_resumable/t2i_images/01271.png (attempt 2/3): Connection error.
2026-05-03 15:08:08 [ERROR] API call failed for /root/autodl-tmp/Show-o/janus-pro-1B/Janus/brushstroke_janus/eval_results/emoart_janus_itfi_layer21_22_23_top100_lam1p0_resumable/t2i_images/01271.png after 3 attempts: Connection error.
2026-05-03 15:08:11 [WARNING] API call failed for /root/autodl-tmp/Show-o/janus-pro-1B/Janus/brushstroke_janus/eval_results/emoart_janus_itfi_layer21_22_23_top100_lam1p0_resumable/t2i_images/01272.png (attempt 1/3): Connection error.
2026-05-03 15:08:13 [WARNING] API call failed for /root/autodl-tmp/Show-o/janus-pro-1B/Janus/brushstroke_janus/eval_results/emoart_janus_itfi_layer21_22_23_top100_lam1p0_resumable/t2i_images/01272.png (attempt 2/3): Connection error.
2026-05-03 15:08:15 [ERROR] API call failed for /root/autodl-tmp/Show-o/janus-pro-1B/Janus/brushstroke_janus/eval_results/emoart_janus_itfi_layer21_22_23_top100_lam1p0_resumable/t2i_images/01272.png after 3 attempts: Connection error.
2026-05-03 15:08:18 [WARNING] API call failed for /root/autodl-tmp/Show-o/janus-pro-1B/Janus/brushstroke_janus/eval_results/emoart_janus_itfi_layer21_22_23_top100_lam1p0_resumable/t2i_images/01273.png (attempt 1/3): Connection error.
2026-05-03 15:08:20 [WARNING] API call failed for /root/autodl-tmp/Show-o/janus-pro-1B/Janus/brushstroke_janus/eval_results/emoart_janus_itfi_layer21_22_23_top100_lam1p0_resumable/t2i_images/01273.png (attempt 2/3): Connection error.
2026-05-03 15:08:22 [ERROR] API call failed for /root/autodl-tmp/Show-o/janus-pro-1B/Janus/brushstroke_janus/eval_results/emoart_janus_itfi_layer21_22_23_top100_lam1p0_resumable/t2i_images/01273.png after 3 attempts: Connection error.
2026-05-03 15:08:25 [WARNING] API call failed for /root/autodl-tmp/Show-o/janus-pro-1B/Janus/brushstroke_janus/eval_results/emoart_janus_itfi_layer21_22_23_top100_lam1p0_resumable/t2i_images/01274.png (attempt 1/3): Connection error.
2026-05-03 15:08:27 [WARNING] API call failed for /root/autodl-tmp/Show-o/janus-pro-1B/Janus/brushstroke_janus/eval_results/emoart_janus_itfi_layer21_22_23_top100_lam1p0_resumable/t2i_images/01274.png (attempt 2/3): Connection error.
2026-05-03 15:08:29 [ERROR] API call failed for /root/autodl-tmp/Show-o/janus-pro-1B/Janus/brushstroke_janus/eval_results/emoart_janus_itfi_layer21_22_23_top100_lam1p0_resumable/t2i_images/01274.png after 3 attempts: Connection error.
2026-05-03 15:08:32 [WARNING] API call failed for /root/autodl-tmp/Show-o/janus-pro-1B/Janus/brushstroke_janus/eval_results/emoart_janus_itfi_layer21_22_23_top100_lam1p0_resumable/t2i_images/01275.png (attempt 1/3): Connection error.
2026-05-03 15:08:34 [WARNING] API call failed for /root/autodl-tmp/Show-o/janus-pro-1B/Janus/brushstroke_janus/eval_results/emoart_janus_itfi_layer21_22_23_top100_lam1p0_resumable/t2i_images/01275.png (attempt 2/3): Connection error.
2026-05-03 15:08:36 [ERROR] API call failed for /root/autodl-tmp/Show-o/janus-pro-1B/Janus/brushstroke_janus/eval_results/emoart_janus_itfi_layer21_22_23_top100_lam1p0_resumable/t2i_images/01275.png after 3 attempts: Connection error.
2026-05-03 15:08:39 [WARNING] API call failed for /root/autodl-tmp/Show-o/janus-pro-1B/Janus/brushstroke_janus/eval_results/emoart_janus_itfi_layer21_22_23_top100_lam1p0_resumable/t2i_images/01276.png (attempt 1/3): Connection error.
2026-05-03 15:08:41 [WARNING] API call failed for /root/autodl-tmp/Show-o/janus-pro-1B/Janus/brushstroke_janus/eval_results/emoart_janus_itfi_layer21_22_23_top100_lam1p0_resumable/t2i_images/01276.png (attempt 2/3): Connection error.
2026-05-03 15:08:43 [ERROR] API call failed for /root/autodl-tmp/Show-o/janus-pro-1B/Janus/brushstroke_janus/eval_results/emoart_janus_itfi_layer21_22_23_top100_lam1p0_resumable/t2i_images/01276.png after 3 attempts: Connection error.
2026-05-03 15:08:46 [WARNING] API call failed for /root/autodl-tmp/Show-o/janus-pro-1B/Janus/brushstroke_janus/eval_results/emoart_janus_itfi_layer21_22_23_top100_lam1p0_resumable/t2i_images/01277.png (attempt 1/3): Connection error.
2026-05-03 15:08:48 [WARNING] API call failed for /root/autodl-tmp/Show-o/janus-pro-1B/Janus/brushstroke_janus/eval_results/emoart_janus_itfi_layer21_22_23_top100_lam1p0_resumable/t2i_images/01277.png (attempt 2/3): Connection error.
2026-05-03 15:08:51 [ERROR] API call failed for /root/autodl-tmp/Show-o/janus-pro-1B/Janus/brushstroke_janus/eval_results/emoart_janus_itfi_layer21_22_23_top100_lam1p0_resumable/t2i_images/01277.png after 3 attempts: Connection error.
2026-05-03 15:08:53 [WARNING] API call failed for /root/autodl-tmp/Show-o/janus-pro-1B/Janus/brushstroke_janus/eval_results/emoart_janus_itfi_layer21_22_23_top100_lam1p0_resumable/t2i_images/01278.png (attempt 1/3): Connection error.
2026-05-03 15:08:55 [WARNING] API call failed for /root/autodl-tmp/Show-o/janus-pro-1B/Janus/brushstroke_janus/eval_results/emoart_janus_itfi_layer21_22_23_top100_lam1p0_resumable/t2i_images/01278.png (attempt 2/3): Connection error.
2026-05-03 15:08:58 [ERROR] API call failed for /root/autodl-tmp/Show-o/janus-pro-1B/Janus/brushstroke_janus/eval_results/emoart_janus_itfi_layer21_22_23_top100_lam1p0_resumable/t2i_images/01278.png after 3 attempts: Connection error.
2026-05-03 15:09:00 [WARNING] API call failed for /root/autodl-tmp/Show-o/janus-pro-1B/Janus/brushstroke_janus/eval_results/emoart_janus_itfi_layer21_22_23_top100_lam1p0_resumable/t2i_images/01279.png (attempt 1/3): Connection error.
2026-05-03 15:09:02 [WARNING] API call failed for /root/autodl-tmp/Show-o/janus-pro-1B/Janus/brushstroke_janus/eval_results/emoart_janus_itfi_layer21_22_23_top100_lam1p0_resumable/t2i_images/01279.png (attempt 2/3): Connection error.
2026-05-03 15:09:05 [ERROR] API call failed for /root/autodl-tmp/Show-o/janus-pro-1B/Janus/brushstroke_janus/eval_results/emoart_janus_itfi_layer21_22_23_top100_lam1p0_resumable/t2i_images/01279.png after 3 attempts: Connection error.
2026-05-03 15:09:07 [WARNING] API call failed for /root/autodl-tmp/Show-o/janus-pro-1B/Janus/brushstroke_janus/eval_results/emoart_janus_itfi_layer21_22_23_top100_lam1p0_resumable/t2i_images/01280.png (attempt 1/3): Connection error.
2026-05-03 15:09:09 [WARNING] API call failed for /root/autodl-tmp/Show-o/janus-pro-1B/Janus/brushstroke_janus/eval_results/emoart_janus_itfi_layer21_22_23_top100_lam1p0_resumable/t2i_images/01280.png (attempt 2/3): Connection error.
2026-05-03 15:09:12 [ERROR] API call failed for /root/autodl-tmp/Show-o/janus-pro-1B/Janus/brushstroke_janus/eval_results/emoart_janus_itfi_layer21_22_23_top100_lam1p0_resumable/t2i_images/01280.png after 3 attempts: Connection error.
2026-05-03 15:09:14 [WARNING] API call failed for /root/autodl-tmp/Show-o/janus-pro-1B/Janus/brushstroke_janus/eval_results/emoart_janus_itfi_layer21_22_23_top100_lam1p0_resumable/t2i_images/01281.png (attempt 1/3): Connection error.
2026-05-03 15:09:16 [WARNING] API call failed for /root/autodl-tmp/Show-o/janus-pro-1B/Janus/brushstroke_janus/eval_results/emoart_janus_itfi_layer21_22_23_top100_lam1p0_resumable/t2i_images/01281.png (attempt 2/3): Connection error.
2026-05-03 15:09:19 [ERROR] API call failed for /root/autodl-tmp/Show-o/janus-pro-1B/Janus/brushstroke_janus/eval_results/emoart_janus_itfi_layer21_22_23_top100_lam1p0_resumable/t2i_images/01281.png after 3 attempts: Connection error.
2026-05-03 15:09:21 [WARNING] API call failed for /root/autodl-tmp/Show-o/janus-pro-1B/Janus/brushstroke_janus/eval_results/emoart_janus_itfi_layer21_22_23_top100_lam1p0_resumable/t2i_images/01282.png (attempt 1/3): Connection error.
2026-05-03 15:09:23 [WARNING] API call failed for /root/autodl-tmp/Show-o/janus-pro-1B/Janus/brushstroke_janus/eval_results/emoart_janus_itfi_layer21_22_23_top100_lam1p0_resumable/t2i_images/01282.png (attempt 2/3): Connection error.
2026-05-03 15:09:26 [ERROR] API call failed for /root/autodl-tmp/Show-o/janus-pro-1B/Janus/brushstroke_janus/eval_results/emoart_janus_itfi_layer21_22_23_top100_lam1p0_resumable/t2i_images/01282.png after 3 attempts: Connection error.
2026-05-03 15:09:28 [WARNING] API call failed for /root/autodl-tmp/Show-o/janus-pro-1B/Janus/brushstroke_janus/eval_results/emoart_janus_itfi_layer21_22_23_top100_lam1p0_resumable/t2i_images/01283.png (attempt 1/3): Connection error.
2026-05-03 15:09:31 [WARNING] API call failed for /root/autodl-tmp/Show-o/janus-pro-1B/Janus/brushstroke_janus/eval_results/emoart_janus_itfi_layer21_22_23_top100_lam1p0_resumable/t2i_images/01283.png (attempt 2/3): Connection error.
2026-05-03 15:09:33 [ERROR] API call failed for /root/autodl-tmp/Show-o/janus-pro-1B/Janus/brushstroke_janus/eval_results/emoart_janus_itfi_layer21_22_23_top100_lam1p0_resumable/t2i_images/01283.png after 3 attempts: Connection error.
2026-05-03 15:09:35 [WARNING] API call failed for /root/autodl-tmp/Show-o/janus-pro-1B/Janus/brushstroke_janus/eval_results/emoart_janus_itfi_layer21_22_23_top100_lam1p0_resumable/t2i_images/01284.png (attempt 1/3): Connection error.
2026-05-03 15:09:38 [WARNING] API call failed for /root/autodl-tmp/Show-o/janus-pro-1B/Janus/brushstroke_janus/eval_results/emoart_janus_itfi_layer21_22_23_top100_lam1p0_resumable/t2i_images/01284.png (attempt 2/3): Connection error.
2026-05-03 15:09:40 [ERROR] API call failed for /root/autodl-tmp/Show-o/janus-pro-1B/Janus/brushstroke_janus/eval_results/emoart_janus_itfi_layer21_22_23_top100_lam1p0_resumable/t2i_images/01284.png after 3 attempts: Connection error.
2026-05-03 15:09:42 [WARNING] API call failed for /root/autodl-tmp/Show-o/janus-pro-1B/Janus/brushstroke_janus/eval_results/emoart_janus_itfi_layer21_22_23_top100_lam1p0_resumable/t2i_images/01285.png (attempt 1/3): Connection error.
2026-05-03 15:09:45 [WARNING] API call failed for /root/autodl-tmp/Show-o/janus-pro-1B/Janus/brushstroke_janus/eval_results/emoart_janus_itfi_layer21_22_23_top100_lam1p0_resumable/t2i_images/01285.png (attempt 2/3): Connection error.
2026-05-03 15:09:47 [ERROR] API call failed for /root/autodl-tmp/Show-o/janus-pro-1B/Janus/brushstroke_janus/eval_results/emoart_janus_itfi_layer21_22_23_top100_lam1p0_resumable/t2i_images/01285.png after 3 attempts: Connection error.
2026-05-03 15:09:49 [WARNING] API call failed for /root/autodl-tmp/Show-o/janus-pro-1B/Janus/brushstroke_janus/eval_results/emoart_janus_itfi_layer21_22_23_top100_lam1p0_resumable/t2i_images/01286.png (attempt 1/3): Connection error.
2026-05-03 15:09:52 [WARNING] API call failed for /root/autodl-tmp/Show-o/janus-pro-1B/Janus/brushstroke_janus/eval_results/emoart_janus_itfi_layer21_22_23_top100_lam1p0_resumable/t2i_images/01286.png (attempt 2/3): Connection error.
2026-05-03 15:09:54 [ERROR] API call failed for /root/autodl-tmp/Show-o/janus-pro-1B/Janus/brushstroke_janus/eval_results/emoart_janus_itfi_layer21_22_23_top100_lam1p0_resumable/t2i_images/01286.png after 3 attempts: Connection error.
2026-05-03 15:09:56 [WARNING] API call failed for /root/autodl-tmp/Show-o/janus-pro-1B/Janus/brushstroke_janus/eval_results/emoart_janus_itfi_layer21_22_23_top100_lam1p0_resumable/t2i_images/01287.png (attempt 1/3): Connection error.
2026-05-03 15:09:59 [WARNING] API call failed for /root/autodl-tmp/Show-o/janus-pro-1B/Janus/brushstroke_janus/eval_results/emoart_janus_itfi_layer21_22_23_top100_lam1p0_resumable/t2i_images/01287.png (attempt 2/3): Connection error.
2026-05-03 15:10:01 [ERROR] API call failed for /root/autodl-tmp/Show-o/janus-pro-1B/Janus/brushstroke_janus/eval_results/emoart_janus_itfi_layer21_22_23_top100_lam1p0_resumable/t2i_images/01287.png after 3 attempts: Connection error.
2026-05-03 15:10:04 [WARNING] API call failed for /root/autodl-tmp/Show-o/janus-pro-1B/Janus/brushstroke_janus/eval_results/emoart_janus_itfi_layer21_22_23_top100_lam1p0_resumable/t2i_images/01288.png (attempt 1/3): Connection error.
2026-05-03 15:10:06 [WARNING] API call failed for /root/autodl-tmp/Show-o/janus-pro-1B/Janus/brushstroke_janus/eval_results/emoart_janus_itfi_layer21_22_23_top100_lam1p0_resumable/t2i_images/01288.png (attempt 2/3): Connection error.
2026-05-03 15:10:09 [ERROR] API call failed for /root/autodl-tmp/Show-o/janus-pro-1B/Janus/brushstroke_janus/eval_results/emoart_janus_itfi_layer21_22_23_top100_lam1p0_resumable/t2i_images/01288.png after 3 attempts: Connection error.
2026-05-03 15:10:11 [WARNING] API call failed for /root/autodl-tmp/Show-o/janus-pro-1B/Janus/brushstroke_janus/eval_results/emoart_janus_itfi_layer21_22_23_top100_lam1p0_resumable/t2i_images/01289.png (attempt 1/3): Connection error.
2026-05-03 15:10:13 [WARNING] API call failed for /root/autodl-tmp/Show-o/janus-pro-1B/Janus/brushstroke_janus/eval_results/emoart_janus_itfi_layer21_22_23_top100_lam1p0_resumable/t2i_images/01289.png (attempt 2/3): Connection error.
2026-05-03 15:10:16 [ERROR] API call failed for /root/autodl-tmp/Show-o/janus-pro-1B/Janus/brushstroke_janus/eval_results/emoart_janus_itfi_layer21_22_23_top100_lam1p0_resumable/t2i_images/01289.png after 3 attempts: Connection error.
2026-05-03 15:10:18 [WARNING] API call failed for /root/autodl-tmp/Show-o/janus-pro-1B/Janus/brushstroke_janus/eval_results/emoart_janus_itfi_layer21_22_23_top100_lam1p0_resumable/t2i_images/01290.png (attempt 1/3): Connection error.
2026-05-03 15:10:20 [WARNING] API call failed for /root/autodl-tmp/Show-o/janus-pro-1B/Janus/brushstroke_janus/eval_results/emoart_janus_itfi_layer21_22_23_top100_lam1p0_resumable/t2i_images/01290.png (attempt 2/3): Connection error.
2026-05-03 15:10:23 [ERROR] API call failed for /root/autodl-tmp/Show-o/janus-pro-1B/Janus/brushstroke_janus/eval_results/emoart_janus_itfi_layer21_22_23_top100_lam1p0_resumable/t2i_images/01290.png after 3 attempts: Connection error.
2026-05-03 15:10:25 [WARNING] API call failed for /root/autodl-tmp/Show-o/janus-pro-1B/Janus/brushstroke_janus/eval_results/emoart_janus_itfi_layer21_22_23_top100_lam1p0_resumable/t2i_images/01291.png (attempt 1/3): Connection error.
2026-05-03 15:10:27 [WARNING] API call failed for /root/autodl-tmp/Show-o/janus-pro-1B/Janus/brushstroke_janus/eval_results/emoart_janus_itfi_layer21_22_23_top100_lam1p0_resumable/t2i_images/01291.png (attempt 2/3): Connection error.
2026-05-03 15:10:30 [ERROR] API call failed for /root/autodl-tmp/Show-o/janus-pro-1B/Janus/brushstroke_janus/eval_results/emoart_janus_itfi_layer21_22_23_top100_lam1p0_resumable/t2i_images/01291.png after 3 attempts: Connection error.
2026-05-03 15:10:32 [WARNING] API call failed for /root/autodl-tmp/Show-o/janus-pro-1B/Janus/brushstroke_janus/eval_results/emoart_janus_itfi_layer21_22_23_top100_lam1p0_resumable/t2i_images/01292.png (attempt 1/3): Connection error.
2026-05-03 15:10:34 [WARNING] API call failed for /root/autodl-tmp/Show-o/janus-pro-1B/Janus/brushstroke_janus/eval_results/emoart_janus_itfi_layer21_22_23_top100_lam1p0_resumable/t2i_images/01292.png (attempt 2/3): Connection error.
2026-05-03 15:10:37 [ERROR] API call failed for /root/autodl-tmp/Show-o/janus-pro-1B/Janus/brushstroke_janus/eval_results/emoart_janus_itfi_layer21_22_23_top100_lam1p0_resumable/t2i_images/01292.png after 3 attempts: Connection error.
2026-05-03 15:10:39 [WARNING] API call failed for /root/autodl-tmp/Show-o/janus-pro-1B/Janus/brushstroke_janus/eval_results/emoart_janus_itfi_layer21_22_23_top100_lam1p0_resumable/t2i_images/01293.png (attempt 1/3): Connection error.
2026-05-03 15:10:42 [WARNING] API call failed for /root/autodl-tmp/Show-o/janus-pro-1B/Janus/brushstroke_janus/eval_results/emoart_janus_itfi_layer21_22_23_top100_lam1p0_resumable/t2i_images/01293.png (attempt 2/3): Connection error.
2026-05-03 15:10:44 [ERROR] API call failed for /root/autodl-tmp/Show-o/janus-pro-1B/Janus/brushstroke_janus/eval_results/emoart_janus_itfi_layer21_22_23_top100_lam1p0_resumable/t2i_images/01293.png after 3 attempts: Connection error.
2026-05-03 15:10:46 [WARNING] API call failed for /root/autodl-tmp/Show-o/janus-pro-1B/Janus/brushstroke_janus/eval_results/emoart_janus_itfi_layer21_22_23_top100_lam1p0_resumable/t2i_images/01294.png (attempt 1/3): Connection error.
2026-05-03 15:10:49 [WARNING] API call failed for /root/autodl-tmp/Show-o/janus-pro-1B/Janus/brushstroke_janus/eval_results/emoart_janus_itfi_layer21_22_23_top100_lam1p0_resumable/t2i_images/01294.png (attempt 2/3): Connection error.
2026-05-03 15:10:51 [ERROR] API call failed for /root/autodl-tmp/Show-o/janus-pro-1B/Janus/brushstroke_janus/eval_results/emoart_janus_itfi_layer21_22_23_top100_lam1p0_resumable/t2i_images/01294.png after 3 attempts: Connection error.
2026-05-03 15:10:53 [WARNING] API call failed for /root/autodl-tmp/Show-o/janus-pro-1B/Janus/brushstroke_janus/eval_results/emoart_janus_itfi_layer21_22_23_top100_lam1p0_resumable/t2i_images/01295.png (attempt 1/3): Connection error.
2026-05-03 15:10:55 [WARNING] API call failed for /root/autodl-tmp/Show-o/janus-pro-1B/Janus/brushstroke_janus/eval_results/emoart_janus_itfi_layer21_22_23_top100_lam1p0_resumable/t2i_images/01295.png (attempt 2/3): Connection error.
2026-05-03 15:10:58 [ERROR] API call failed for /root/autodl-tmp/Show-o/janus-pro-1B/Janus/brushstroke_janus/eval_results/emoart_janus_itfi_layer21_22_23_top100_lam1p0_resumable/t2i_images/01295.png after 3 attempts: Connection error.
2026-05-03 15:11:00 [WARNING] API call failed for /root/autodl-tmp/Show-o/janus-pro-1B/Janus/brushstroke_janus/eval_results/emoart_janus_itfi_layer21_22_23_top100_lam1p0_resumable/t2i_images/01296.png (attempt 1/3): Connection error.
2026-05-03 15:11:03 [WARNING] API call failed for /root/autodl-tmp/Show-o/janus-pro-1B/Janus/brushstroke_janus/eval_results/emoart_janus_itfi_layer21_22_23_top100_lam1p0_resumable/t2i_images/01296.png (attempt 2/3): Connection error.
2026-05-03 15:11:05 [ERROR] API call failed for /root/autodl-tmp/Show-o/janus-pro-1B/Janus/brushstroke_janus/eval_results/emoart_janus_itfi_layer21_22_23_top100_lam1p0_resumable/t2i_images/01296.png after 3 attempts: Connection error.
2026-05-03 15:11:07 [WARNING] API call failed for /root/autodl-tmp/Show-o/janus-pro-1B/Janus/brushstroke_janus/eval_results/emoart_janus_itfi_layer21_22_23_top100_lam1p0_resumable/t2i_images/01297.png (attempt 1/3): Connection error.
2026-05-03 15:11:10 [WARNING] API call failed for /root/autodl-tmp/Show-o/janus-pro-1B/Janus/brushstroke_janus/eval_results/emoart_janus_itfi_layer21_22_23_top100_lam1p0_resumable/t2i_images/01297.png (attempt 2/3): Connection error.
2026-05-03 15:11:12 [ERROR] API call failed for /root/autodl-tmp/Show-o/janus-pro-1B/Janus/brushstroke_janus/eval_results/emoart_janus_itfi_layer21_22_23_top100_lam1p0_resumable/t2i_images/01297.png after 3 attempts: Connection error.
2026-05-03 15:11:14 [WARNING] API call failed for /root/autodl-tmp/Show-o/janus-pro-1B/Janus/brushstroke_janus/eval_results/emoart_janus_itfi_layer21_22_23_top100_lam1p0_resumable/t2i_images/01298.png (attempt 1/3): Connection error.
2026-05-03 15:11:17 [WARNING] API call failed for /root/autodl-tmp/Show-o/janus-pro-1B/Janus/brushstroke_janus/eval_results/emoart_janus_itfi_layer21_22_23_top100_lam1p0_resumable/t2i_images/01298.png (attempt 2/3): Connection error.
2026-05-03 15:11:19 [ERROR] API call failed for /root/autodl-tmp/Show-o/janus-pro-1B/Janus/brushstroke_janus/eval_results/emoart_janus_itfi_layer21_22_23_top100_lam1p0_resumable/t2i_images/01298.png after 3 attempts: Connection error.
2026-05-03 15:11:21 [WARNING] API call failed for /root/autodl-tmp/Show-o/janus-pro-1B/Janus/brushstroke_janus/eval_results/emoart_janus_itfi_layer21_22_23_top100_lam1p0_resumable/t2i_images/01299.png (attempt 1/3): Connection error.
2026-05-03 15:11:24 [WARNING] API call failed for /root/autodl-tmp/Show-o/janus-pro-1B/Janus/brushstroke_janus/eval_results/emoart_janus_itfi_layer21_22_23_top100_lam1p0_resumable/t2i_images/01299.png (attempt 2/3): Connection error.
2026-05-03 15:11:26 [ERROR] API call failed for /root/autodl-tmp/Show-o/janus-pro-1B/Janus/brushstroke_janus/eval_results/emoart_janus_itfi_layer21_22_23_top100_lam1p0_resumable/t2i_images/01299.png after 3 attempts: Connection error.
2026-05-03 15:11:28 [WARNING] API call failed for /root/autodl-tmp/Show-o/janus-pro-1B/Janus/brushstroke_janus/eval_results/emoart_janus_itfi_layer21_22_23_top100_lam1p0_resumable/t2i_images/01300.png (attempt 1/3): Connection error.
2026-05-03 15:11:31 [WARNING] API call failed for /root/autodl-tmp/Show-o/janus-pro-1B/Janus/brushstroke_janus/eval_results/emoart_janus_itfi_layer21_22_23_top100_lam1p0_resumable/t2i_images/01300.png (attempt 2/3): Connection error.
2026-05-03 15:11:33 [ERROR] API call failed for /root/autodl-tmp/Show-o/janus-pro-1B/Janus/brushstroke_janus/eval_results/emoart_janus_itfi_layer21_22_23_top100_lam1p0_resumable/t2i_images/01300.png after 3 attempts: Connection error.
2026-05-03 15:11:35 [WARNING] API call failed for /root/autodl-tmp/Show-o/janus-pro-1B/Janus/brushstroke_janus/eval_results/emoart_janus_itfi_layer21_22_23_top100_lam1p0_resumable/t2i_images/01301.png (attempt 1/3): Connection error.
2026-05-03 15:11:38 [WARNING] API call failed for /root/autodl-tmp/Show-o/janus-pro-1B/Janus/brushstroke_janus/eval_results/emoart_janus_itfi_layer21_22_23_top100_lam1p0_resumable/t2i_images/01301.png (attempt 2/3): Connection error.
2026-05-03 15:11:40 [ERROR] API call failed for /root/autodl-tmp/Show-o/janus-pro-1B/Janus/brushstroke_janus/eval_results/emoart_janus_itfi_layer21_22_23_top100_lam1p0_resumable/t2i_images/01301.png after 3 attempts: Connection error.
2026-05-03 15:11:43 [WARNING] API call failed for /root/autodl-tmp/Show-o/janus-pro-1B/Janus/brushstroke_janus/eval_results/emoart_janus_itfi_layer21_22_23_top100_lam1p0_resumable/t2i_images/01302.png (attempt 1/3): Connection error.
2026-05-03 15:11:45 [WARNING] API call failed for /root/autodl-tmp/Show-o/janus-pro-1B/Janus/brushstroke_janus/eval_results/emoart_janus_itfi_layer21_22_23_top100_lam1p0_resumable/t2i_images/01302.png (attempt 2/3): Connection error.
2026-05-03 15:11:47 [ERROR] API call failed for /root/autodl-tmp/Show-o/janus-pro-1B/Janus/brushstroke_janus/eval_results/emoart_janus_itfi_layer21_22_23_top100_lam1p0_resumable/t2i_images/01302.png after 3 attempts: Connection error.
2026-05-03 15:11:50 [WARNING] API call failed for /root/autodl-tmp/Show-o/janus-pro-1B/Janus/brushstroke_janus/eval_results/emoart_janus_itfi_layer21_22_23_top100_lam1p0_resumable/t2i_images/01303.png (attempt 1/3): Connection error.
2026-05-03 15:11:52 [WARNING] API call failed for /root/autodl-tmp/Show-o/janus-pro-1B/Janus/brushstroke_janus/eval_results/emoart_janus_itfi_layer21_22_23_top100_lam1p0_resumable/t2i_images/01303.png (attempt 2/3): Connection error.
2026-05-03 15:11:54 [ERROR] API call failed for /root/autodl-tmp/Show-o/janus-pro-1B/Janus/brushstroke_janus/eval_results/emoart_janus_itfi_layer21_22_23_top100_lam1p0_resumable/t2i_images/01303.png after 3 attempts: Connection error.
2026-05-03 15:11:57 [WARNING] API call failed for /root/autodl-tmp/Show-o/janus-pro-1B/Janus/brushstroke_janus/eval_results/emoart_janus_itfi_layer21_22_23_top100_lam1p0_resumable/t2i_images/01304.png (attempt 1/3): Connection error.
2026-05-03 15:11:59 [WARNING] API call failed for /root/autodl-tmp/Show-o/janus-pro-1B/Janus/brushstroke_janus/eval_results/emoart_janus_itfi_layer21_22_23_top100_lam1p0_resumable/t2i_images/01304.png (attempt 2/3): Connection error.
2026-05-03 15:12:02 [ERROR] API call failed for /root/autodl-tmp/Show-o/janus-pro-1B/Janus/brushstroke_janus/eval_results/emoart_janus_itfi_layer21_22_23_top100_lam1p0_resumable/t2i_images/01304.png after 3 attempts: Connection error.
2026-05-03 15:12:04 [WARNING] API call failed for /root/autodl-tmp/Show-o/janus-pro-1B/Janus/brushstroke_janus/eval_results/emoart_janus_itfi_layer21_22_23_top100_lam1p0_resumable/t2i_images/01305.png (attempt 1/3): Connection error.
2026-05-03 15:12:06 [WARNING] API call failed for /root/autodl-tmp/Show-o/janus-pro-1B/Janus/brushstroke_janus/eval_results/emoart_janus_itfi_layer21_22_23_top100_lam1p0_resumable/t2i_images/01305.png (attempt 2/3): Connection error.
2026-05-03 15:12:09 [ERROR] API call failed for /root/autodl-tmp/Show-o/janus-pro-1B/Janus/brushstroke_janus/eval_results/emoart_janus_itfi_layer21_22_23_top100_lam1p0_resumable/t2i_images/01305.png after 3 attempts: Connection error.
2026-05-03 15:12:11 [WARNING] API call failed for /root/autodl-tmp/Show-o/janus-pro-1B/Janus/brushstroke_janus/eval_results/emoart_janus_itfi_layer21_22_23_top100_lam1p0_resumable/t2i_images/01306.png (attempt 1/3): Connection error.
2026-05-03 15:12:13 [WARNING] API call failed for /root/autodl-tmp/Show-o/janus-pro-1B/Janus/brushstroke_janus/eval_results/emoart_janus_itfi_layer21_22_23_top100_lam1p0_resumable/t2i_images/01306.png (attempt 2/3): Connection error.
2026-05-03 15:12:16 [ERROR] API call failed for /root/autodl-tmp/Show-o/janus-pro-1B/Janus/brushstroke_janus/eval_results/emoart_janus_itfi_layer21_22_23_top100_lam1p0_resumable/t2i_images/01306.png after 3 attempts: Connection error.
2026-05-03 15:12:18 [WARNING] API call failed for /root/autodl-tmp/Show-o/janus-pro-1B/Janus/brushstroke_janus/eval_results/emoart_janus_itfi_layer21_22_23_top100_lam1p0_resumable/t2i_images/01307.png (attempt 1/3): Connection error.
2026-05-03 15:12:20 [WARNING] API call failed for /root/autodl-tmp/Show-o/janus-pro-1B/Janus/brushstroke_janus/eval_results/emoart_janus_itfi_layer21_22_23_top100_lam1p0_resumable/t2i_images/01307.png (attempt 2/3): Connection error.
2026-05-03 15:12:23 [ERROR] API call failed for /root/autodl-tmp/Show-o/janus-pro-1B/Janus/brushstroke_janus/eval_results/emoart_janus_itfi_layer21_22_23_top100_lam1p0_resumable/t2i_images/01307.png after 3 attempts: Connection error.
2026-05-03 15:12:25 [WARNING] API call failed for /root/autodl-tmp/Show-o/janus-pro-1B/Janus/brushstroke_janus/eval_results/emoart_janus_itfi_layer21_22_23_top100_lam1p0_resumable/t2i_images/01308.png (attempt 1/3): Connection error.
2026-05-03 15:12:27 [WARNING] API call failed for /root/autodl-tmp/Show-o/janus-pro-1B/Janus/brushstroke_janus/eval_results/emoart_janus_itfi_layer21_22_23_top100_lam1p0_resumable/t2i_images/01308.png (attempt 2/3): Connection error.
2026-05-03 15:12:30 [ERROR] API call failed for /root/autodl-tmp/Show-o/janus-pro-1B/Janus/brushstroke_janus/eval_results/emoart_janus_itfi_layer21_22_23_top100_lam1p0_resumable/t2i_images/01308.png after 3 attempts: Connection error.
2026-05-03 15:12:32 [WARNING] API call failed for /root/autodl-tmp/Show-o/janus-pro-1B/Janus/brushstroke_janus/eval_results/emoart_janus_itfi_layer21_22_23_top100_lam1p0_resumable/t2i_images/01309.png (attempt 1/3): Connection error.
2026-05-03 15:12:35 [WARNING] API call failed for /root/autodl-tmp/Show-o/janus-pro-1B/Janus/brushstroke_janus/eval_results/emoart_janus_itfi_layer21_22_23_top100_lam1p0_resumable/t2i_images/01309.png (attempt 2/3): Connection error.
2026-05-03 15:12:37 [ERROR] API call failed for /root/autodl-tmp/Show-o/janus-pro-1B/Janus/brushstroke_janus/eval_results/emoart_janus_itfi_layer21_22_23_top100_lam1p0_resumable/t2i_images/01309.png after 3 attempts: Connection error.
2026-05-03 15:12:39 [WARNING] API call failed for /root/autodl-tmp/Show-o/janus-pro-1B/Janus/brushstroke_janus/eval_results/emoart_janus_itfi_layer21_22_23_top100_lam1p0_resumable/t2i_images/01310.png (attempt 1/3): Connection error.
2026-05-03 15:12:42 [WARNING] API call failed for /root/autodl-tmp/Show-o/janus-pro-1B/Janus/brushstroke_janus/eval_results/emoart_janus_itfi_layer21_22_23_top100_lam1p0_resumable/t2i_images/01310.png (attempt 2/3): Connection error.
2026-05-03 15:12:44 [ERROR] API call failed for /root/autodl-tmp/Show-o/janus-pro-1B/Janus/brushstroke_janus/eval_results/emoart_janus_itfi_layer21_22_23_top100_lam1p0_resumable/t2i_images/01310.png after 3 attempts: Connection error.
2026-05-03 15:12:47 [WARNING] API call failed for /root/autodl-tmp/Show-o/janus-pro-1B/Janus/brushstroke_janus/eval_results/emoart_janus_itfi_layer21_22_23_top100_lam1p0_resumable/t2i_images/01311.png (attempt 1/3): Connection error.
2026-05-03 15:12:49 [WARNING] API call failed for /root/autodl-tmp/Show-o/janus-pro-1B/Janus/brushstroke_janus/eval_results/emoart_janus_itfi_layer21_22_23_top100_lam1p0_resumable/t2i_images/01311.png (attempt 2/3): Connection error.
2026-05-03 15:12:51 [ERROR] API call failed for /root/autodl-tmp/Show-o/janus-pro-1B/Janus/brushstroke_janus/eval_results/emoart_janus_itfi_layer21_22_23_top100_lam1p0_resumable/t2i_images/01311.png after 3 attempts: Connection error.
2026-05-03 15:12:54 [WARNING] API call failed for /root/autodl-tmp/Show-o/janus-pro-1B/Janus/brushstroke_janus/eval_results/emoart_janus_itfi_layer21_22_23_top100_lam1p0_resumable/t2i_images/01312.png (attempt 1/3): Connection error.
2026-05-03 15:12:56 [WARNING] API call failed for /root/autodl-tmp/Show-o/janus-pro-1B/Janus/brushstroke_janus/eval_results/emoart_janus_itfi_layer21_22_23_top100_lam1p0_resumable/t2i_images/01312.png (attempt 2/3): Connection error.
2026-05-03 15:12:58 [ERROR] API call failed for /root/autodl-tmp/Show-o/janus-pro-1B/Janus/brushstroke_janus/eval_results/emoart_janus_itfi_layer21_22_23_top100_lam1p0_resumable/t2i_images/01312.png after 3 attempts: Connection error.
2026-05-03 15:13:01 [WARNING] API call failed for /root/autodl-tmp/Show-o/janus-pro-1B/Janus/brushstroke_janus/eval_results/emoart_janus_itfi_layer21_22_23_top100_lam1p0_resumable/t2i_images/01313.png (attempt 1/3): Connection error.
2026-05-03 15:13:03 [WARNING] API call failed for /root/autodl-tmp/Show-o/janus-pro-1B/Janus/brushstroke_janus/eval_results/emoart_janus_itfi_layer21_22_23_top100_lam1p0_resumable/t2i_images/01313.png (attempt 2/3): Connection error.
2026-05-03 15:13:05 [ERROR] API call failed for /root/autodl-tmp/Show-o/janus-pro-1B/Janus/brushstroke_janus/eval_results/emoart_janus_itfi_layer21_22_23_top100_lam1p0_resumable/t2i_images/01313.png after 3 attempts: Connection error.
2026-05-03 15:13:08 [WARNING] API call failed for /root/autodl-tmp/Show-o/janus-pro-1B/Janus/brushstroke_janus/eval_results/emoart_janus_itfi_layer21_22_23_top100_lam1p0_resumable/t2i_images/01314.png (attempt 1/3): Connection error.
2026-05-03 15:13:10 [WARNING] API call failed for /root/autodl-tmp/Show-o/janus-pro-1B/Janus/brushstroke_janus/eval_results/emoart_janus_itfi_layer21_22_23_top100_lam1p0_resumable/t2i_images/01314.png (attempt 2/3): Connection error.
2026-05-03 15:13:13 [ERROR] API call failed for /root/autodl-tmp/Show-o/janus-pro-1B/Janus/brushstroke_janus/eval_results/emoart_janus_itfi_layer21_22_23_top100_lam1p0_resumable/t2i_images/01314.png after 3 attempts: Connection error.
2026-05-03 15:13:15 [WARNING] API call failed for /root/autodl-tmp/Show-o/janus-pro-1B/Janus/brushstroke_janus/eval_results/emoart_janus_itfi_layer21_22_23_top100_lam1p0_resumable/t2i_images/01315.png (attempt 1/3): Connection error.
2026-05-03 15:13:17 [WARNING] API call failed for /root/autodl-tmp/Show-o/janus-pro-1B/Janus/brushstroke_janus/eval_results/emoart_janus_itfi_layer21_22_23_top100_lam1p0_resumable/t2i_images/01315.png (attempt 2/3): Connection error.
2026-05-03 15:13:20 [ERROR] API call failed for /root/autodl-tmp/Show-o/janus-pro-1B/Janus/brushstroke_janus/eval_results/emoart_janus_itfi_layer21_22_23_top100_lam1p0_resumable/t2i_images/01315.png after 3 attempts: Connection error.
2026-05-03 15:13:22 [WARNING] API call failed for /root/autodl-tmp/Show-o/janus-pro-1B/Janus/brushstroke_janus/eval_results/emoart_janus_itfi_layer21_22_23_top100_lam1p0_resumable/t2i_images/01316.png (attempt 1/3): Connection error.
2026-05-03 15:13:24 [WARNING] API call failed for /root/autodl-tmp/Show-o/janus-pro-1B/Janus/brushstroke_janus/eval_results/emoart_janus_itfi_layer21_22_23_top100_lam1p0_resumable/t2i_images/01316.png (attempt 2/3): Connection error.
2026-05-03 15:13:27 [ERROR] API call failed for /root/autodl-tmp/Show-o/janus-pro-1B/Janus/brushstroke_janus/eval_results/emoart_janus_itfi_layer21_22_23_top100_lam1p0_resumable/t2i_images/01316.png after 3 attempts: Connection error.
2026-05-03 15:13:29 [WARNING] API call failed for /root/autodl-tmp/Show-o/janus-pro-1B/Janus/brushstroke_janus/eval_results/emoart_janus_itfi_layer21_22_23_top100_lam1p0_resumable/t2i_images/01317.png (attempt 1/3): Connection error.
2026-05-03 15:13:31 [WARNING] API call failed for /root/autodl-tmp/Show-o/janus-pro-1B/Janus/brushstroke_janus/eval_results/emoart_janus_itfi_layer21_22_23_top100_lam1p0_resumable/t2i_images/01317.png (attempt 2/3): Connection error.
2026-05-03 15:13:34 [ERROR] API call failed for /root/autodl-tmp/Show-o/janus-pro-1B/Janus/brushstroke_janus/eval_results/emoart_janus_itfi_layer21_22_23_top100_lam1p0_resumable/t2i_images/01317.png after 3 attempts: Connection error.
2026-05-03 15:13:36 [WARNING] API call failed for /root/autodl-tmp/Show-o/janus-pro-1B/Janus/brushstroke_janus/eval_results/emoart_janus_itfi_layer21_22_23_top100_lam1p0_resumable/t2i_images/01318.png (attempt 1/3): Connection error.
2026-05-03 15:13:38 [WARNING] API call failed for /root/autodl-tmp/Show-o/janus-pro-1B/Janus/brushstroke_janus/eval_results/emoart_janus_itfi_layer21_22_23_top100_lam1p0_resumable/t2i_images/01318.png (attempt 2/3): Connection error.
2026-05-03 15:13:41 [ERROR] API call failed for /root/autodl-tmp/Show-o/janus-pro-1B/Janus/brushstroke_janus/eval_results/emoart_janus_itfi_layer21_22_23_top100_lam1p0_resumable/t2i_images/01318.png after 3 attempts: Connection error.
2026-05-03 15:13:43 [WARNING] API call failed for /root/autodl-tmp/Show-o/janus-pro-1B/Janus/brushstroke_janus/eval_results/emoart_janus_itfi_layer21_22_23_top100_lam1p0_resumable/t2i_images/01319.png (attempt 1/3): Connection error.
2026-05-03 15:13:45 [WARNING] API call failed for /root/autodl-tmp/Show-o/janus-pro-1B/Janus/brushstroke_janus/eval_results/emoart_janus_itfi_layer21_22_23_top100_lam1p0_resumable/t2i_images/01319.png (attempt 2/3): Connection error.
2026-05-03 15:13:48 [ERROR] API call failed for /root/autodl-tmp/Show-o/janus-pro-1B/Janus/brushstroke_janus/eval_results/emoart_janus_itfi_layer21_22_23_top100_lam1p0_resumable/t2i_images/01319.png after 3 attempts: Connection error.
2026-05-03 15:13:50 [WARNING] API call failed for /root/autodl-tmp/Show-o/janus-pro-1B/Janus/brushstroke_janus/eval_results/emoart_janus_itfi_layer21_22_23_top100_lam1p0_resumable/t2i_images/01320.png (attempt 1/3): Connection error.
2026-05-03 15:13:52 [WARNING] API call failed for /root/autodl-tmp/Show-o/janus-pro-1B/Janus/brushstroke_janus/eval_results/emoart_janus_itfi_layer21_22_23_top100_lam1p0_resumable/t2i_images/01320.png (attempt 2/3): Connection error.
2026-05-03 15:13:55 [ERROR] API call failed for /root/autodl-tmp/Show-o/janus-pro-1B/Janus/brushstroke_janus/eval_results/emoart_janus_itfi_layer21_22_23_top100_lam1p0_resumable/t2i_images/01320.png after 3 attempts: Connection error.
2026-05-03 15:13:57 [WARNING] API call failed for /root/autodl-tmp/Show-o/janus-pro-1B/Janus/brushstroke_janus/eval_results/emoart_janus_itfi_layer21_22_23_top100_lam1p0_resumable/t2i_images/01321.png (attempt 1/3): Connection error.
2026-05-03 15:13:59 [WARNING] API call failed for /root/autodl-tmp/Show-o/janus-pro-1B/Janus/brushstroke_janus/eval_results/emoart_janus_itfi_layer21_22_23_top100_lam1p0_resumable/t2i_images/01321.png (attempt 2/3): Connection error.
2026-05-03 15:14:01 [ERROR] API call failed for /root/autodl-tmp/Show-o/janus-pro-1B/Janus/brushstroke_janus/eval_results/emoart_janus_itfi_layer21_22_23_top100_lam1p0_resumable/t2i_images/01321.png after 3 attempts: Connection error.
2026-05-03 15:14:04 [WARNING] API call failed for /root/autodl-tmp/Show-o/janus-pro-1B/Janus/brushstroke_janus/eval_results/emoart_janus_itfi_layer21_22_23_top100_lam1p0_resumable/t2i_images/01322.png (attempt 1/3): Connection error.
2026-05-03 15:14:06 [WARNING] API call failed for /root/autodl-tmp/Show-o/janus-pro-1B/Janus/brushstroke_janus/eval_results/emoart_janus_itfi_layer21_22_23_top100_lam1p0_resumable/t2i_images/01322.png (attempt 2/3): Connection error.
2026-05-03 15:14:08 [ERROR] API call failed for /root/autodl-tmp/Show-o/janus-pro-1B/Janus/brushstroke_janus/eval_results/emoart_janus_itfi_layer21_22_23_top100_lam1p0_resumable/t2i_images/01322.png after 3 attempts: Connection error.
2026-05-03 15:14:11 [WARNING] API call failed for /root/autodl-tmp/Show-o/janus-pro-1B/Janus/brushstroke_janus/eval_results/emoart_janus_itfi_layer21_22_23_top100_lam1p0_resumable/t2i_images/01323.png (attempt 1/3): Connection error.
2026-05-03 15:14:13 [WARNING] API call failed for /root/autodl-tmp/Show-o/janus-pro-1B/Janus/brushstroke_janus/eval_results/emoart_janus_itfi_layer21_22_23_top100_lam1p0_resumable/t2i_images/01323.png (attempt 2/3): Connection error.
2026-05-03 15:14:15 [ERROR] API call failed for /root/autodl-tmp/Show-o/janus-pro-1B/Janus/brushstroke_janus/eval_results/emoart_janus_itfi_layer21_22_23_top100_lam1p0_resumable/t2i_images/01323.png after 3 attempts: Connection error.
2026-05-03 15:14:18 [WARNING] API call failed for /root/autodl-tmp/Show-o/janus-pro-1B/Janus/brushstroke_janus/eval_results/emoart_janus_itfi_layer21_22_23_top100_lam1p0_resumable/t2i_images/01324.png (attempt 1/3): Connection error.
2026-05-03 15:14:20 [WARNING] API call failed for /root/autodl-tmp/Show-o/janus-pro-1B/Janus/brushstroke_janus/eval_results/emoart_janus_itfi_layer21_22_23_top100_lam1p0_resumable/t2i_images/01324.png (attempt 2/3): Connection error.
2026-05-03 15:14:22 [ERROR] API call failed for /root/autodl-tmp/Show-o/janus-pro-1B/Janus/brushstroke_janus/eval_results/emoart_janus_itfi_layer21_22_23_top100_lam1p0_resumable/t2i_images/01324.png after 3 attempts: Connection error.
2026-05-03 15:14:25 [WARNING] API call failed for /root/autodl-tmp/Show-o/janus-pro-1B/Janus/brushstroke_janus/eval_results/emoart_janus_itfi_layer21_22_23_top100_lam1p0_resumable/t2i_images/01325.png (attempt 1/3): Connection error.
2026-05-03 15:14:27 [WARNING] API call failed for /root/autodl-tmp/Show-o/janus-pro-1B/Janus/brushstroke_janus/eval_results/emoart_janus_itfi_layer21_22_23_top100_lam1p0_resumable/t2i_images/01325.png (attempt 2/3): Connection error.
2026-05-03 15:14:29 [ERROR] API call failed for /root/autodl-tmp/Show-o/janus-pro-1B/Janus/brushstroke_janus/eval_results/emoart_janus_itfi_layer21_22_23_top100_lam1p0_resumable/t2i_images/01325.png after 3 attempts: Connection error.
2026-05-03 15:14:32 [WARNING] API call failed for /root/autodl-tmp/Show-o/janus-pro-1B/Janus/brushstroke_janus/eval_results/emoart_janus_itfi_layer21_22_23_top100_lam1p0_resumable/t2i_images/01326.png (attempt 1/3): Connection error.
2026-05-03 15:14:34 [WARNING] API call failed for /root/autodl-tmp/Show-o/janus-pro-1B/Janus/brushstroke_janus/eval_results/emoart_janus_itfi_layer21_22_23_top100_lam1p0_resumable/t2i_images/01326.png (attempt 2/3): Connection error.
2026-05-03 15:14:36 [ERROR] API call failed for /root/autodl-tmp/Show-o/janus-pro-1B/Janus/brushstroke_janus/eval_results/emoart_janus_itfi_layer21_22_23_top100_lam1p0_resumable/t2i_images/01326.png after 3 attempts: Connection error.
2026-05-03 15:14:39 [WARNING] API call failed for /root/autodl-tmp/Show-o/janus-pro-1B/Janus/brushstroke_janus/eval_results/emoart_janus_itfi_layer21_22_23_top100_lam1p0_resumable/t2i_images/01327.png (attempt 1/3): Connection error.
2026-05-03 15:14:41 [WARNING] API call failed for /root/autodl-tmp/Show-o/janus-pro-1B/Janus/brushstroke_janus/eval_results/emoart_janus_itfi_layer21_22_23_top100_lam1p0_resumable/t2i_images/01327.png (attempt 2/3): Connection error.
2026-05-03 15:14:43 [ERROR] API call failed for /root/autodl-tmp/Show-o/janus-pro-1B/Janus/brushstroke_janus/eval_results/emoart_janus_itfi_layer21_22_23_top100_lam1p0_resumable/t2i_images/01327.png after 3 attempts: Connection error.
2026-05-03 15:14:46 [WARNING] API call failed for /root/autodl-tmp/Show-o/janus-pro-1B/Janus/brushstroke_janus/eval_results/emoart_janus_itfi_layer21_22_23_top100_lam1p0_resumable/t2i_images/01328.png (attempt 1/3): Connection error.
2026-05-03 15:14:48 [WARNING] API call failed for /root/autodl-tmp/Show-o/janus-pro-1B/Janus/brushstroke_janus/eval_results/emoart_janus_itfi_layer21_22_23_top100_lam1p0_resumable/t2i_images/01328.png (attempt 2/3): Connection error.
2026-05-03 15:14:50 [ERROR] API call failed for /root/autodl-tmp/Show-o/janus-pro-1B/Janus/brushstroke_janus/eval_results/emoart_janus_itfi_layer21_22_23_top100_lam1p0_resumable/t2i_images/01328.png after 3 attempts: Connection error.
2026-05-03 15:14:53 [WARNING] API call failed for /root/autodl-tmp/Show-o/janus-pro-1B/Janus/brushstroke_janus/eval_results/emoart_janus_itfi_layer21_22_23_top100_lam1p0_resumable/t2i_images/01329.png (attempt 1/3): Connection error.
2026-05-03 15:14:55 [WARNING] API call failed for /root/autodl-tmp/Show-o/janus-pro-1B/Janus/brushstroke_janus/eval_results/emoart_janus_itfi_layer21_22_23_top100_lam1p0_resumable/t2i_images/01329.png (attempt 2/3): Connection error.
2026-05-03 15:14:57 [ERROR] API call failed for /root/autodl-tmp/Show-o/janus-pro-1B/Janus/brushstroke_janus/eval_results/emoart_janus_itfi_layer21_22_23_top100_lam1p0_resumable/t2i_images/01329.png after 3 attempts: Connection error.
2026-05-03 15:15:00 [WARNING] API call failed for /root/autodl-tmp/Show-o/janus-pro-1B/Janus/brushstroke_janus/eval_results/emoart_janus_itfi_layer21_22_23_top100_lam1p0_resumable/t2i_images/01330.png (attempt 1/3): Connection error.
2026-05-03 15:15:02 [WARNING] API call failed for /root/autodl-tmp/Show-o/janus-pro-1B/Janus/brushstroke_janus/eval_results/emoart_janus_itfi_layer21_22_23_top100_lam1p0_resumable/t2i_images/01330.png (attempt 2/3): Connection error.
2026-05-03 15:15:04 [ERROR] API call failed for /root/autodl-tmp/Show-o/janus-pro-1B/Janus/brushstroke_janus/eval_results/emoart_janus_itfi_layer21_22_23_top100_lam1p0_resumable/t2i_images/01330.png after 3 attempts: Connection error.
2026-05-03 15:15:07 [WARNING] API call failed for /root/autodl-tmp/Show-o/janus-pro-1B/Janus/brushstroke_janus/eval_results/emoart_janus_itfi_layer21_22_23_top100_lam1p0_resumable/t2i_images/01331.png (attempt 1/3): Connection error.
2026-05-03 15:15:09 [WARNING] API call failed for /root/autodl-tmp/Show-o/janus-pro-1B/Janus/brushstroke_janus/eval_results/emoart_janus_itfi_layer21_22_23_top100_lam1p0_resumable/t2i_images/01331.png (attempt 2/3): Connection error.
2026-05-03 15:15:11 [ERROR] API call failed for /root/autodl-tmp/Show-o/janus-pro-1B/Janus/brushstroke_janus/eval_results/emoart_janus_itfi_layer21_22_23_top100_lam1p0_resumable/t2i_images/01331.png after 3 attempts: Connection error.
2026-05-03 15:15:14 [WARNING] API call failed for /root/autodl-tmp/Show-o/janus-pro-1B/Janus/brushstroke_janus/eval_results/emoart_janus_itfi_layer21_22_23_top100_lam1p0_resumable/t2i_images/01332.png (attempt 1/3): Connection error.
2026-05-03 15:15:16 [WARNING] API call failed for /root/autodl-tmp/Show-o/janus-pro-1B/Janus/brushstroke_janus/eval_results/emoart_janus_itfi_layer21_22_23_top100_lam1p0_resumable/t2i_images/01332.png (attempt 2/3): Connection error.
2026-05-03 15:15:18 [ERROR] API call failed for /root/autodl-tmp/Show-o/janus-pro-1B/Janus/brushstroke_janus/eval_results/emoart_janus_itfi_layer21_22_23_top100_lam1p0_resumable/t2i_images/01332.png after 3 attempts: Connection error.
2026-05-03 15:15:21 [WARNING] API call failed for /root/autodl-tmp/Show-o/janus-pro-1B/Janus/brushstroke_janus/eval_results/emoart_janus_itfi_layer21_22_23_top100_lam1p0_resumable/t2i_images/01333.png (attempt 1/3): Connection error.
2026-05-03 15:15:23 [WARNING] API call failed for /root/autodl-tmp/Show-o/janus-pro-1B/Janus/brushstroke_janus/eval_results/emoart_janus_itfi_layer21_22_23_top100_lam1p0_resumable/t2i_images/01333.png (attempt 2/3): Connection error.
2026-05-03 15:15:25 [ERROR] API call failed for /root/autodl-tmp/Show-o/janus-pro-1B/Janus/brushstroke_janus/eval_results/emoart_janus_itfi_layer21_22_23_top100_lam1p0_resumable/t2i_images/01333.png after 3 attempts: Connection error.
2026-05-03 15:15:27 [WARNING] API call failed for /root/autodl-tmp/Show-o/janus-pro-1B/Janus/brushstroke_janus/eval_results/emoart_janus_itfi_layer21_22_23_top100_lam1p0_resumable/t2i_images/01334.png (attempt 1/3): Connection error.
2026-05-03 15:15:30 [WARNING] API call failed for /root/autodl-tmp/Show-o/janus-pro-1B/Janus/brushstroke_janus/eval_results/emoart_janus_itfi_layer21_22_23_top100_lam1p0_resumable/t2i_images/01334.png (attempt 2/3): Connection error.
2026-05-03 15:15:32 [ERROR] API call failed for /root/autodl-tmp/Show-o/janus-pro-1B/Janus/brushstroke_janus/eval_results/emoart_janus_itfi_layer21_22_23_top100_lam1p0_resumable/t2i_images/01334.png after 3 attempts: Connection error.
2026-05-03 15:15:34 [WARNING] API call failed for /root/autodl-tmp/Show-o/janus-pro-1B/Janus/brushstroke_janus/eval_results/emoart_janus_itfi_layer21_22_23_top100_lam1p0_resumable/t2i_images/01335.png (attempt 1/3): Connection error.
2026-05-03 15:15:37 [WARNING] API call failed for /root/autodl-tmp/Show-o/janus-pro-1B/Janus/brushstroke_janus/eval_results/emoart_janus_itfi_layer21_22_23_top100_lam1p0_resumable/t2i_images/01335.png (attempt 2/3): Connection error.
2026-05-03 15:15:39 [ERROR] API call failed for /root/autodl-tmp/Show-o/janus-pro-1B/Janus/brushstroke_janus/eval_results/emoart_janus_itfi_layer21_22_23_top100_lam1p0_resumable/t2i_images/01335.png after 3 attempts: Connection error.
2026-05-03 15:15:42 [WARNING] API call failed for /root/autodl-tmp/Show-o/janus-pro-1B/Janus/brushstroke_janus/eval_results/emoart_janus_itfi_layer21_22_23_top100_lam1p0_resumable/t2i_images/01336.png (attempt 1/3): Connection error.
2026-05-03 15:15:44 [WARNING] API call failed for /root/autodl-tmp/Show-o/janus-pro-1B/Janus/brushstroke_janus/eval_results/emoart_janus_itfi_layer21_22_23_top100_lam1p0_resumable/t2i_images/01336.png (attempt 2/3): Connection error.
2026-05-03 15:15:46 [ERROR] API call failed for /root/autodl-tmp/Show-o/janus-pro-1B/Janus/brushstroke_janus/eval_results/emoart_janus_itfi_layer21_22_23_top100_lam1p0_resumable/t2i_images/01336.png after 3 attempts: Connection error.
2026-05-03 15:15:48 [WARNING] API call failed for /root/autodl-tmp/Show-o/janus-pro-1B/Janus/brushstroke_janus/eval_results/emoart_janus_itfi_layer21_22_23_top100_lam1p0_resumable/t2i_images/01337.png (attempt 1/3): Connection error.
2026-05-03 15:15:51 [WARNING] API call failed for /root/autodl-tmp/Show-o/janus-pro-1B/Janus/brushstroke_janus/eval_results/emoart_janus_itfi_layer21_22_23_top100_lam1p0_resumable/t2i_images/01337.png (attempt 2/3): Connection error.
2026-05-03 15:15:53 [ERROR] API call failed for /root/autodl-tmp/Show-o/janus-pro-1B/Janus/brushstroke_janus/eval_results/emoart_janus_itfi_layer21_22_23_top100_lam1p0_resumable/t2i_images/01337.png after 3 attempts: Connection error.
2026-05-03 15:15:55 [WARNING] API call failed for /root/autodl-tmp/Show-o/janus-pro-1B/Janus/brushstroke_janus/eval_results/emoart_janus_itfi_layer21_22_23_top100_lam1p0_resumable/t2i_images/01338.png (attempt 1/3): Connection error.
2026-05-03 15:15:58 [WARNING] API call failed for /root/autodl-tmp/Show-o/janus-pro-1B/Janus/brushstroke_janus/eval_results/emoart_janus_itfi_layer21_22_23_top100_lam1p0_resumable/t2i_images/01338.png (attempt 2/3): Connection error.
2026-05-03 15:16:00 [ERROR] API call failed for /root/autodl-tmp/Show-o/janus-pro-1B/Janus/brushstroke_janus/eval_results/emoart_janus_itfi_layer21_22_23_top100_lam1p0_resumable/t2i_images/01338.png after 3 attempts: Connection error.
2026-05-03 15:16:02 [WARNING] API call failed for /root/autodl-tmp/Show-o/janus-pro-1B/Janus/brushstroke_janus/eval_results/emoart_janus_itfi_layer21_22_23_top100_lam1p0_resumable/t2i_images/01339.png (attempt 1/3): Connection error.
2026-05-03 15:16:05 [WARNING] API call failed for /root/autodl-tmp/Show-o/janus-pro-1B/Janus/brushstroke_janus/eval_results/emoart_janus_itfi_layer21_22_23_top100_lam1p0_resumable/t2i_images/01339.png (attempt 2/3): Connection error.
2026-05-03 15:16:07 [ERROR] API call failed for /root/autodl-tmp/Show-o/janus-pro-1B/Janus/brushstroke_janus/eval_results/emoart_janus_itfi_layer21_22_23_top100_lam1p0_resumable/t2i_images/01339.png after 3 attempts: Connection error.
2026-05-03 15:16:09 [WARNING] API call failed for /root/autodl-tmp/Show-o/janus-pro-1B/Janus/brushstroke_janus/eval_results/emoart_janus_itfi_layer21_22_23_top100_lam1p0_resumable/t2i_images/01340.png (attempt 1/3): Connection error.
2026-05-03 15:16:11 [WARNING] API call failed for /root/autodl-tmp/Show-o/janus-pro-1B/Janus/brushstroke_janus/eval_results/emoart_janus_itfi_layer21_22_23_top100_lam1p0_resumable/t2i_images/01340.png (attempt 2/3): Connection error.
2026-05-03 15:16:14 [ERROR] API call failed for /root/autodl-tmp/Show-o/janus-pro-1B/Janus/brushstroke_janus/eval_results/emoart_janus_itfi_layer21_22_23_top100_lam1p0_resumable/t2i_images/01340.png after 3 attempts: Connection error.
2026-05-03 15:16:16 [WARNING] API call failed for /root/autodl-tmp/Show-o/janus-pro-1B/Janus/brushstroke_janus/eval_results/emoart_janus_itfi_layer21_22_23_top100_lam1p0_resumable/t2i_images/01341.png (attempt 1/3): Connection error.
2026-05-03 15:16:18 [WARNING] API call failed for /root/autodl-tmp/Show-o/janus-pro-1B/Janus/brushstroke_janus/eval_results/emoart_janus_itfi_layer21_22_23_top100_lam1p0_resumable/t2i_images/01341.png (attempt 2/3): Connection error.
2026-05-03 15:16:21 [ERROR] API call failed for /root/autodl-tmp/Show-o/janus-pro-1B/Janus/brushstroke_janus/eval_results/emoart_janus_itfi_layer21_22_23_top100_lam1p0_resumable/t2i_images/01341.png after 3 attempts: Connection error.
2026-05-03 15:16:23 [WARNING] API call failed for /root/autodl-tmp/Show-o/janus-pro-1B/Janus/brushstroke_janus/eval_results/emoart_janus_itfi_layer21_22_23_top100_lam1p0_resumable/t2i_images/01342.png (attempt 1/3): Connection error.
2026-05-03 15:16:25 [WARNING] API call failed for /root/autodl-tmp/Show-o/janus-pro-1B/Janus/brushstroke_janus/eval_results/emoart_janus_itfi_layer21_22_23_top100_lam1p0_resumable/t2i_images/01342.png (attempt 2/3): Connection error.
2026-05-03 15:16:28 [ERROR] API call failed for /root/autodl-tmp/Show-o/janus-pro-1B/Janus/brushstroke_janus/eval_results/emoart_janus_itfi_layer21_22_23_top100_lam1p0_resumable/t2i_images/01342.png after 3 attempts: Connection error.
2026-05-03 15:16:30 [WARNING] API call failed for /root/autodl-tmp/Show-o/janus-pro-1B/Janus/brushstroke_janus/eval_results/emoart_janus_itfi_layer21_22_23_top100_lam1p0_resumable/t2i_images/01343.png (attempt 1/3): Connection error.
2026-05-03 15:16:33 [WARNING] API call failed for /root/autodl-tmp/Show-o/janus-pro-1B/Janus/brushstroke_janus/eval_results/emoart_janus_itfi_layer21_22_23_top100_lam1p0_resumable/t2i_images/01343.png (attempt 2/3): Connection error.
2026-05-03 15:16:35 [ERROR] API call failed for /root/autodl-tmp/Show-o/janus-pro-1B/Janus/brushstroke_janus/eval_results/emoart_janus_itfi_layer21_22_23_top100_lam1p0_resumable/t2i_images/01343.png after 3 attempts: Connection error.
2026-05-03 15:16:37 [WARNING] API call failed for /root/autodl-tmp/Show-o/janus-pro-1B/Janus/brushstroke_janus/eval_results/emoart_janus_itfi_layer21_22_23_top100_lam1p0_resumable/t2i_images/01344.png (attempt 1/3): Connection error.
2026-05-03 15:16:40 [WARNING] API call failed for /root/autodl-tmp/Show-o/janus-pro-1B/Janus/brushstroke_janus/eval_results/emoart_janus_itfi_layer21_22_23_top100_lam1p0_resumable/t2i_images/01344.png (attempt 2/3): Connection error.
2026-05-03 15:16:42 [ERROR] API call failed for /root/autodl-tmp/Show-o/janus-pro-1B/Janus/brushstroke_janus/eval_results/emoart_janus_itfi_layer21_22_23_top100_lam1p0_resumable/t2i_images/01344.png after 3 attempts: Connection error.
2026-05-03 15:16:44 [WARNING] API call failed for /root/autodl-tmp/Show-o/janus-pro-1B/Janus/brushstroke_janus/eval_results/emoart_janus_itfi_layer21_22_23_top100_lam1p0_resumable/t2i_images/01345.png (attempt 1/3): Connection error.
2026-05-03 15:16:47 [WARNING] API call failed for /root/autodl-tmp/Show-o/janus-pro-1B/Janus/brushstroke_janus/eval_results/emoart_janus_itfi_layer21_22_23_top100_lam1p0_resumable/t2i_images/01345.png (attempt 2/3): Connection error.
2026-05-03 15:16:49 [ERROR] API call failed for /root/autodl-tmp/Show-o/janus-pro-1B/Janus/brushstroke_janus/eval_results/emoart_janus_itfi_layer21_22_23_top100_lam1p0_resumable/t2i_images/01345.png after 3 attempts: Connection error.
2026-05-03 15:16:51 [WARNING] API call failed for /root/autodl-tmp/Show-o/janus-pro-1B/Janus/brushstroke_janus/eval_results/emoart_janus_itfi_layer21_22_23_top100_lam1p0_resumable/t2i_images/01346.png (attempt 1/3): Connection error.
2026-05-03 15:16:54 [WARNING] API call failed for /root/autodl-tmp/Show-o/janus-pro-1B/Janus/brushstroke_janus/eval_results/emoart_janus_itfi_layer21_22_23_top100_lam1p0_resumable/t2i_images/01346.png (attempt 2/3): Connection error.
2026-05-03 15:16:56 [ERROR] API call failed for /root/autodl-tmp/Show-o/janus-pro-1B/Janus/brushstroke_janus/eval_results/emoart_janus_itfi_layer21_22_23_top100_lam1p0_resumable/t2i_images/01346.png after 3 attempts: Connection error.
2026-05-03 15:16:58 [WARNING] API call failed for /root/autodl-tmp/Show-o/janus-pro-1B/Janus/brushstroke_janus/eval_results/emoart_janus_itfi_layer21_22_23_top100_lam1p0_resumable/t2i_images/01347.png (attempt 1/3): Connection error.
2026-05-03 15:17:00 [WARNING] API call failed for /root/autodl-tmp/Show-o/janus-pro-1B/Janus/brushstroke_janus/eval_results/emoart_janus_itfi_layer21_22_23_top100_lam1p0_resumable/t2i_images/01347.png (attempt 2/3): Connection error.
2026-05-03 15:17:03 [ERROR] API call failed for /root/autodl-tmp/Show-o/janus-pro-1B/Janus/brushstroke_janus/eval_results/emoart_janus_itfi_layer21_22_23_top100_lam1p0_resumable/t2i_images/01347.png after 3 attempts: Connection error.
2026-05-03 15:17:05 [WARNING] API call failed for /root/autodl-tmp/Show-o/janus-pro-1B/Janus/brushstroke_janus/eval_results/emoart_janus_itfi_layer21_22_23_top100_lam1p0_resumable/t2i_images/01348.png (attempt 1/3): Connection error.
2026-05-03 15:17:07 [WARNING] API call failed for /root/autodl-tmp/Show-o/janus-pro-1B/Janus/brushstroke_janus/eval_results/emoart_janus_itfi_layer21_22_23_top100_lam1p0_resumable/t2i_images/01348.png (attempt 2/3): Connection error.
2026-05-03 15:17:10 [ERROR] API call failed for /root/autodl-tmp/Show-o/janus-pro-1B/Janus/brushstroke_janus/eval_results/emoart_janus_itfi_layer21_22_23_top100_lam1p0_resumable/t2i_images/01348.png after 3 attempts: Connection error.
2026-05-03 15:17:12 [WARNING] API call failed for /root/autodl-tmp/Show-o/janus-pro-1B/Janus/brushstroke_janus/eval_results/emoart_janus_itfi_layer21_22_23_top100_lam1p0_resumable/t2i_images/01349.png (attempt 1/3): Connection error.
2026-05-03 15:17:14 [WARNING] API call failed for /root/autodl-tmp/Show-o/janus-pro-1B/Janus/brushstroke_janus/eval_results/emoart_janus_itfi_layer21_22_23_top100_lam1p0_resumable/t2i_images/01349.png (attempt 2/3): Connection error.
2026-05-03 15:17:17 [ERROR] API call failed for /root/autodl-tmp/Show-o/janus-pro-1B/Janus/brushstroke_janus/eval_results/emoart_janus_itfi_layer21_22_23_top100_lam1p0_resumable/t2i_images/01349.png after 3 attempts: Connection error.
2026-05-03 15:17:19 [WARNING] API call failed for /root/autodl-tmp/Show-o/janus-pro-1B/Janus/brushstroke_janus/eval_results/emoart_janus_itfi_layer21_22_23_top100_lam1p0_resumable/t2i_images/01350.png (attempt 1/3): Connection error.
2026-05-03 15:17:21 [WARNING] API call failed for /root/autodl-tmp/Show-o/janus-pro-1B/Janus/brushstroke_janus/eval_results/emoart_janus_itfi_layer21_22_23_top100_lam1p0_resumable/t2i_images/01350.png (attempt 2/3): Connection error.
2026-05-03 15:17:24 [ERROR] API call failed for /root/autodl-tmp/Show-o/janus-pro-1B/Janus/brushstroke_janus/eval_results/emoart_janus_itfi_layer21_22_23_top100_lam1p0_resumable/t2i_images/01350.png after 3 attempts: Connection error.
2026-05-03 15:17:26 [WARNING] API call failed for /root/autodl-tmp/Show-o/janus-pro-1B/Janus/brushstroke_janus/eval_results/emoart_janus_itfi_layer21_22_23_top100_lam1p0_resumable/t2i_images/01351.png (attempt 1/3): Connection error.
2026-05-03 15:17:28 [WARNING] API call failed for /root/autodl-tmp/Show-o/janus-pro-1B/Janus/brushstroke_janus/eval_results/emoart_janus_itfi_layer21_22_23_top100_lam1p0_resumable/t2i_images/01351.png (attempt 2/3): Connection error.
2026-05-03 15:17:31 [ERROR] API call failed for /root/autodl-tmp/Show-o/janus-pro-1B/Janus/brushstroke_janus/eval_results/emoart_janus_itfi_layer21_22_23_top100_lam1p0_resumable/t2i_images/01351.png after 3 attempts: Connection error.
2026-05-03 15:17:33 [WARNING] API call failed for /root/autodl-tmp/Show-o/janus-pro-1B/Janus/brushstroke_janus/eval_results/emoart_janus_itfi_layer21_22_23_top100_lam1p0_resumable/t2i_images/01352.png (attempt 1/3): Connection error.
2026-05-03 15:17:35 [WARNING] API call failed for /root/autodl-tmp/Show-o/janus-pro-1B/Janus/brushstroke_janus/eval_results/emoart_janus_itfi_layer21_22_23_top100_lam1p0_resumable/t2i_images/01352.png (attempt 2/3): Connection error.
2026-05-03 15:17:38 [ERROR] API call failed for /root/autodl-tmp/Show-o/janus-pro-1B/Janus/brushstroke_janus/eval_results/emoart_janus_itfi_layer21_22_23_top100_lam1p0_resumable/t2i_images/01352.png after 3 attempts: Connection error.
2026-05-03 15:17:40 [WARNING] API call failed for /root/autodl-tmp/Show-o/janus-pro-1B/Janus/brushstroke_janus/eval_results/emoart_janus_itfi_layer21_22_23_top100_lam1p0_resumable/t2i_images/01353.png (attempt 1/3): Connection error.
2026-05-03 15:17:42 [WARNING] API call failed for /root/autodl-tmp/Show-o/janus-pro-1B/Janus/brushstroke_janus/eval_results/emoart_janus_itfi_layer21_22_23_top100_lam1p0_resumable/t2i_images/01353.png (attempt 2/3): Connection error.
2026-05-03 15:17:45 [ERROR] API call failed for /root/autodl-tmp/Show-o/janus-pro-1B/Janus/brushstroke_janus/eval_results/emoart_janus_itfi_layer21_22_23_top100_lam1p0_resumable/t2i_images/01353.png after 3 attempts: Connection error.
2026-05-03 15:17:47 [WARNING] API call failed for /root/autodl-tmp/Show-o/janus-pro-1B/Janus/brushstroke_janus/eval_results/emoart_janus_itfi_layer21_22_23_top100_lam1p0_resumable/t2i_images/01354.png (attempt 1/3): Connection error.
2026-05-03 15:17:50 [WARNING] API call failed for /root/autodl-tmp/Show-o/janus-pro-1B/Janus/brushstroke_janus/eval_results/emoart_janus_itfi_layer21_22_23_top100_lam1p0_resumable/t2i_images/01354.png (attempt 2/3): Connection error.
2026-05-03 15:17:52 [ERROR] API call failed for /root/autodl-tmp/Show-o/janus-pro-1B/Janus/brushstroke_janus/eval_results/emoart_janus_itfi_layer21_22_23_top100_lam1p0_resumable/t2i_images/01354.png after 3 attempts: Connection error.
2026-05-03 15:17:54 [WARNING] API call failed for /root/autodl-tmp/Show-o/janus-pro-1B/Janus/brushstroke_janus/eval_results/emoart_janus_itfi_layer21_22_23_top100_lam1p0_resumable/t2i_images/01355.png (attempt 1/3): Connection error.
2026-05-03 15:17:57 [WARNING] API call failed for /root/autodl-tmp/Show-o/janus-pro-1B/Janus/brushstroke_janus/eval_results/emoart_janus_itfi_layer21_22_23_top100_lam1p0_resumable/t2i_images/01355.png (attempt 2/3): Connection error.
2026-05-03 15:17:59 [ERROR] API call failed for /root/autodl-tmp/Show-o/janus-pro-1B/Janus/brushstroke_janus/eval_results/emoart_janus_itfi_layer21_22_23_top100_lam1p0_resumable/t2i_images/01355.png after 3 attempts: Connection error.
2026-05-03 15:18:01 [WARNING] API call failed for /root/autodl-tmp/Show-o/janus-pro-1B/Janus/brushstroke_janus/eval_results/emoart_janus_itfi_layer21_22_23_top100_lam1p0_resumable/t2i_images/01356.png (attempt 1/3): Connection error.
2026-05-03 15:18:04 [WARNING] API call failed for /root/autodl-tmp/Show-o/janus-pro-1B/Janus/brushstroke_janus/eval_results/emoart_janus_itfi_layer21_22_23_top100_lam1p0_resumable/t2i_images/01356.png (attempt 2/3): Connection error.
2026-05-03 15:18:06 [ERROR] API call failed for /root/autodl-tmp/Show-o/janus-pro-1B/Janus/brushstroke_janus/eval_results/emoart_janus_itfi_layer21_22_23_top100_lam1p0_resumable/t2i_images/01356.png after 3 attempts: Connection error.
2026-05-03 15:18:08 [WARNING] API call failed for /root/autodl-tmp/Show-o/janus-pro-1B/Janus/brushstroke_janus/eval_results/emoart_janus_itfi_layer21_22_23_top100_lam1p0_resumable/t2i_images/01357.png (attempt 1/3): Connection error.
2026-05-03 15:18:11 [WARNING] API call failed for /root/autodl-tmp/Show-o/janus-pro-1B/Janus/brushstroke_janus/eval_results/emoart_janus_itfi_layer21_22_23_top100_lam1p0_resumable/t2i_images/01357.png (attempt 2/3): Connection error.
2026-05-03 15:18:13 [ERROR] API call failed for /root/autodl-tmp/Show-o/janus-pro-1B/Janus/brushstroke_janus/eval_results/emoart_janus_itfi_layer21_22_23_top100_lam1p0_resumable/t2i_images/01357.png after 3 attempts: Connection error.
2026-05-03 15:18:16 [WARNING] API call failed for /root/autodl-tmp/Show-o/janus-pro-1B/Janus/brushstroke_janus/eval_results/emoart_janus_itfi_layer21_22_23_top100_lam1p0_resumable/t2i_images/01358.png (attempt 1/3): Connection error.
2026-05-03 15:18:18 [WARNING] API call failed for /root/autodl-tmp/Show-o/janus-pro-1B/Janus/brushstroke_janus/eval_results/emoart_janus_itfi_layer21_22_23_top100_lam1p0_resumable/t2i_images/01358.png (attempt 2/3): Connection error.
2026-05-03 15:18:20 [ERROR] API call failed for /root/autodl-tmp/Show-o/janus-pro-1B/Janus/brushstroke_janus/eval_results/emoart_janus_itfi_layer21_22_23_top100_lam1p0_resumable/t2i_images/01358.png after 3 attempts: Connection error.
2026-05-03 15:18:23 [WARNING] API call failed for /root/autodl-tmp/Show-o/janus-pro-1B/Janus/brushstroke_janus/eval_results/emoart_janus_itfi_layer21_22_23_top100_lam1p0_resumable/t2i_images/01359.png (attempt 1/3): Connection error.
2026-05-03 15:18:25 [WARNING] API call failed for /root/autodl-tmp/Show-o/janus-pro-1B/Janus/brushstroke_janus/eval_results/emoart_janus_itfi_layer21_22_23_top100_lam1p0_resumable/t2i_images/01359.png (attempt 2/3): Connection error.
2026-05-03 15:18:28 [ERROR] API call failed for /root/autodl-tmp/Show-o/janus-pro-1B/Janus/brushstroke_janus/eval_results/emoart_janus_itfi_layer21_22_23_top100_lam1p0_resumable/t2i_images/01359.png after 3 attempts: Connection error.
2026-05-03 15:18:30 [WARNING] API call failed for /root/autodl-tmp/Show-o/janus-pro-1B/Janus/brushstroke_janus/eval_results/emoart_janus_itfi_layer21_22_23_top100_lam1p0_resumable/t2i_images/01360.png (attempt 1/3): Connection error.
2026-05-03 15:18:32 [WARNING] API call failed for /root/autodl-tmp/Show-o/janus-pro-1B/Janus/brushstroke_janus/eval_results/emoart_janus_itfi_layer21_22_23_top100_lam1p0_resumable/t2i_images/01360.png (attempt 2/3): Connection error.
2026-05-03 15:18:35 [ERROR] API call failed for /root/autodl-tmp/Show-o/janus-pro-1B/Janus/brushstroke_janus/eval_results/emoart_janus_itfi_layer21_22_23_top100_lam1p0_resumable/t2i_images/01360.png after 3 attempts: Connection error.
2026-05-03 15:18:37 [WARNING] API call failed for /root/autodl-tmp/Show-o/janus-pro-1B/Janus/brushstroke_janus/eval_results/emoart_janus_itfi_layer21_22_23_top100_lam1p0_resumable/t2i_images/01361.png (attempt 1/3): Connection error.
2026-05-03 15:18:40 [WARNING] API call failed for /root/autodl-tmp/Show-o/janus-pro-1B/Janus/brushstroke_janus/eval_results/emoart_janus_itfi_layer21_22_23_top100_lam1p0_resumable/t2i_images/01361.png (attempt 2/3): Connection error.
2026-05-03 15:18:42 [ERROR] API call failed for /root/autodl-tmp/Show-o/janus-pro-1B/Janus/brushstroke_janus/eval_results/emoart_janus_itfi_layer21_22_23_top100_lam1p0_resumable/t2i_images/01361.png after 3 attempts: Connection error.
2026-05-03 15:18:44 [WARNING] API call failed for /root/autodl-tmp/Show-o/janus-pro-1B/Janus/brushstroke_janus/eval_results/emoart_janus_itfi_layer21_22_23_top100_lam1p0_resumable/t2i_images/01362.png (attempt 1/3): Connection error.
2026-05-03 15:18:46 [WARNING] API call failed for /root/autodl-tmp/Show-o/janus-pro-1B/Janus/brushstroke_janus/eval_results/emoart_janus_itfi_layer21_22_23_top100_lam1p0_resumable/t2i_images/01362.png (attempt 2/3): Connection error.
2026-05-03 15:18:49 [ERROR] API call failed for /root/autodl-tmp/Show-o/janus-pro-1B/Janus/brushstroke_janus/eval_results/emoart_janus_itfi_layer21_22_23_top100_lam1p0_resumable/t2i_images/01362.png after 3 attempts: Connection error.
2026-05-03 15:18:51 [WARNING] API call failed for /root/autodl-tmp/Show-o/janus-pro-1B/Janus/brushstroke_janus/eval_results/emoart_janus_itfi_layer21_22_23_top100_lam1p0_resumable/t2i_images/01363.png (attempt 1/3): Connection error.
2026-05-03 15:18:53 [WARNING] API call failed for /root/autodl-tmp/Show-o/janus-pro-1B/Janus/brushstroke_janus/eval_results/emoart_janus_itfi_layer21_22_23_top100_lam1p0_resumable/t2i_images/01363.png (attempt 2/3): Connection error.
2026-05-03 15:18:56 [ERROR] API call failed for /root/autodl-tmp/Show-o/janus-pro-1B/Janus/brushstroke_janus/eval_results/emoart_janus_itfi_layer21_22_23_top100_lam1p0_resumable/t2i_images/01363.png after 3 attempts: Connection error.
2026-05-03 15:18:58 [WARNING] API call failed for /root/autodl-tmp/Show-o/janus-pro-1B/Janus/brushstroke_janus/eval_results/emoart_janus_itfi_layer21_22_23_top100_lam1p0_resumable/t2i_images/01364.png (attempt 1/3): Connection error.
2026-05-03 15:19:01 [WARNING] API call failed for /root/autodl-tmp/Show-o/janus-pro-1B/Janus/brushstroke_janus/eval_results/emoart_janus_itfi_layer21_22_23_top100_lam1p0_resumable/t2i_images/01364.png (attempt 2/3): Connection error.
2026-05-03 15:19:03 [ERROR] API call failed for /root/autodl-tmp/Show-o/janus-pro-1B/Janus/brushstroke_janus/eval_results/emoart_janus_itfi_layer21_22_23_top100_lam1p0_resumable/t2i_images/01364.png after 3 attempts: Connection error.
2026-05-03 15:19:05 [WARNING] API call failed for /root/autodl-tmp/Show-o/janus-pro-1B/Janus/brushstroke_janus/eval_results/emoart_janus_itfi_layer21_22_23_top100_lam1p0_resumable/t2i_images/01365.png (attempt 1/3): Connection error.
2026-05-03 15:19:08 [WARNING] API call failed for /root/autodl-tmp/Show-o/janus-pro-1B/Janus/brushstroke_janus/eval_results/emoart_janus_itfi_layer21_22_23_top100_lam1p0_resumable/t2i_images/01365.png (attempt 2/3): Connection error.
2026-05-03 15:19:10 [ERROR] API call failed for /root/autodl-tmp/Show-o/janus-pro-1B/Janus/brushstroke_janus/eval_results/emoart_janus_itfi_layer21_22_23_top100_lam1p0_resumable/t2i_images/01365.png after 3 attempts: Connection error.
2026-05-03 15:19:13 [WARNING] API call failed for /root/autodl-tmp/Show-o/janus-pro-1B/Janus/brushstroke_janus/eval_results/emoart_janus_itfi_layer21_22_23_top100_lam1p0_resumable/t2i_images/01366.png (attempt 1/3): Connection error.
2026-05-03 15:19:15 [WARNING] API call failed for /root/autodl-tmp/Show-o/janus-pro-1B/Janus/brushstroke_janus/eval_results/emoart_janus_itfi_layer21_22_23_top100_lam1p0_resumable/t2i_images/01366.png (attempt 2/3): Connection error.
2026-05-03 15:19:17 [ERROR] API call failed for /root/autodl-tmp/Show-o/janus-pro-1B/Janus/brushstroke_janus/eval_results/emoart_janus_itfi_layer21_22_23_top100_lam1p0_resumable/t2i_images/01366.png after 3 attempts: Connection error.
2026-05-03 15:19:20 [WARNING] API call failed for /root/autodl-tmp/Show-o/janus-pro-1B/Janus/brushstroke_janus/eval_results/emoart_janus_itfi_layer21_22_23_top100_lam1p0_resumable/t2i_images/01367.png (attempt 1/3): Connection error.
2026-05-03 15:19:22 [WARNING] API call failed for /root/autodl-tmp/Show-o/janus-pro-1B/Janus/brushstroke_janus/eval_results/emoart_janus_itfi_layer21_22_23_top100_lam1p0_resumable/t2i_images/01367.png (attempt 2/3): Connection error.
2026-05-03 15:19:24 [ERROR] API call failed for /root/autodl-tmp/Show-o/janus-pro-1B/Janus/brushstroke_janus/eval_results/emoart_janus_itfi_layer21_22_23_top100_lam1p0_resumable/t2i_images/01367.png after 3 attempts: Connection error.
2026-05-03 15:19:27 [WARNING] API call failed for /root/autodl-tmp/Show-o/janus-pro-1B/Janus/brushstroke_janus/eval_results/emoart_janus_itfi_layer21_22_23_top100_lam1p0_resumable/t2i_images/01368.png (attempt 1/3): Connection error.
2026-05-03 15:19:29 [WARNING] API call failed for /root/autodl-tmp/Show-o/janus-pro-1B/Janus/brushstroke_janus/eval_results/emoart_janus_itfi_layer21_22_23_top100_lam1p0_resumable/t2i_images/01368.png (attempt 2/3): Connection error.
2026-05-03 15:19:31 [ERROR] API call failed for /root/autodl-tmp/Show-o/janus-pro-1B/Janus/brushstroke_janus/eval_results/emoart_janus_itfi_layer21_22_23_top100_lam1p0_resumable/t2i_images/01368.png after 3 attempts: Connection error.
2026-05-03 15:19:34 [WARNING] API call failed for /root/autodl-tmp/Show-o/janus-pro-1B/Janus/brushstroke_janus/eval_results/emoart_janus_itfi_layer21_22_23_top100_lam1p0_resumable/t2i_images/01369.png (attempt 1/3): Connection error.
2026-05-03 15:19:36 [WARNING] API call failed for /root/autodl-tmp/Show-o/janus-pro-1B/Janus/brushstroke_janus/eval_results/emoart_janus_itfi_layer21_22_23_top100_lam1p0_resumable/t2i_images/01369.png (attempt 2/3): Connection error.
2026-05-03 15:19:38 [ERROR] API call failed for /root/autodl-tmp/Show-o/janus-pro-1B/Janus/brushstroke_janus/eval_results/emoart_janus_itfi_layer21_22_23_top100_lam1p0_resumable/t2i_images/01369.png after 3 attempts: Connection error.
2026-05-03 15:19:41 [WARNING] API call failed for /root/autodl-tmp/Show-o/janus-pro-1B/Janus/brushstroke_janus/eval_results/emoart_janus_itfi_layer21_22_23_top100_lam1p0_resumable/t2i_images/01370.png (attempt 1/3): Connection error.
2026-05-03 15:19:43 [WARNING] API call failed for /root/autodl-tmp/Show-o/janus-pro-1B/Janus/brushstroke_janus/eval_results/emoart_janus_itfi_layer21_22_23_top100_lam1p0_resumable/t2i_images/01370.png (attempt 2/3): Connection error.
2026-05-03 15:19:46 [ERROR] API call failed for /root/autodl-tmp/Show-o/janus-pro-1B/Janus/brushstroke_janus/eval_results/emoart_janus_itfi_layer21_22_23_top100_lam1p0_resumable/t2i_images/01370.png after 3 attempts: Connection error.
2026-05-03 15:19:48 [WARNING] API call failed for /root/autodl-tmp/Show-o/janus-pro-1B/Janus/brushstroke_janus/eval_results/emoart_janus_itfi_layer21_22_23_top100_lam1p0_resumable/t2i_images/01371.png (attempt 1/3): Connection error.
2026-05-03 15:19:50 [WARNING] API call failed for /root/autodl-tmp/Show-o/janus-pro-1B/Janus/brushstroke_janus/eval_results/emoart_janus_itfi_layer21_22_23_top100_lam1p0_resumable/t2i_images/01371.png (attempt 2/3): Connection error.
2026-05-03 15:19:53 [ERROR] API call failed for /root/autodl-tmp/Show-o/janus-pro-1B/Janus/brushstroke_janus/eval_results/emoart_janus_itfi_layer21_22_23_top100_lam1p0_resumable/t2i_images/01371.png after 3 attempts: Connection error.
2026-05-03 15:19:55 [WARNING] API call failed for /root/autodl-tmp/Show-o/janus-pro-1B/Janus/brushstroke_janus/eval_results/emoart_janus_itfi_layer21_22_23_top100_lam1p0_resumable/t2i_images/01372.png (attempt 1/3): Connection error.
2026-05-03 15:19:57 [WARNING] API call failed for /root/autodl-tmp/Show-o/janus-pro-1B/Janus/brushstroke_janus/eval_results/emoart_janus_itfi_layer21_22_23_top100_lam1p0_resumable/t2i_images/01372.png (attempt 2/3): Connection error.
2026-05-03 15:20:00 [ERROR] API call failed for /root/autodl-tmp/Show-o/janus-pro-1B/Janus/brushstroke_janus/eval_results/emoart_janus_itfi_layer21_22_23_top100_lam1p0_resumable/t2i_images/01372.png after 3 attempts: Connection error.
2026-05-03 15:20:02 [WARNING] API call failed for /root/autodl-tmp/Show-o/janus-pro-1B/Janus/brushstroke_janus/eval_results/emoart_janus_itfi_layer21_22_23_top100_lam1p0_resumable/t2i_images/01373.png (attempt 1/3): Connection error.
2026-05-03 15:20:04 [WARNING] API call failed for /root/autodl-tmp/Show-o/janus-pro-1B/Janus/brushstroke_janus/eval_results/emoart_janus_itfi_layer21_22_23_top100_lam1p0_resumable/t2i_images/01373.png (attempt 2/3): Connection error.
2026-05-03 15:20:07 [ERROR] API call failed for /root/autodl-tmp/Show-o/janus-pro-1B/Janus/brushstroke_janus/eval_results/emoart_janus_itfi_layer21_22_23_top100_lam1p0_resumable/t2i_images/01373.png after 3 attempts: Connection error.
2026-05-03 15:20:09 [WARNING] API call failed for /root/autodl-tmp/Show-o/janus-pro-1B/Janus/brushstroke_janus/eval_results/emoart_janus_itfi_layer21_22_23_top100_lam1p0_resumable/t2i_images/01374.png (attempt 1/3): Connection error.
2026-05-03 15:20:11 [WARNING] API call failed for /root/autodl-tmp/Show-o/janus-pro-1B/Janus/brushstroke_janus/eval_results/emoart_janus_itfi_layer21_22_23_top100_lam1p0_resumable/t2i_images/01374.png (attempt 2/3): Connection error.
2026-05-03 15:20:14 [ERROR] API call failed for /root/autodl-tmp/Show-o/janus-pro-1B/Janus/brushstroke_janus/eval_results/emoart_janus_itfi_layer21_22_23_top100_lam1p0_resumable/t2i_images/01374.png after 3 attempts: Connection error.
2026-05-03 15:20:16 [WARNING] API call failed for /root/autodl-tmp/Show-o/janus-pro-1B/Janus/brushstroke_janus/eval_results/emoart_janus_itfi_layer21_22_23_top100_lam1p0_resumable/t2i_images/01375.png (attempt 1/3): Connection error.
2026-05-03 15:20:18 [WARNING] API call failed for /root/autodl-tmp/Show-o/janus-pro-1B/Janus/brushstroke_janus/eval_results/emoart_janus_itfi_layer21_22_23_top100_lam1p0_resumable/t2i_images/01375.png (attempt 2/3): Connection error.
2026-05-03 15:20:21 [ERROR] API call failed for /root/autodl-tmp/Show-o/janus-pro-1B/Janus/brushstroke_janus/eval_results/emoart_janus_itfi_layer21_22_23_top100_lam1p0_resumable/t2i_images/01375.png after 3 attempts: Connection error.
2026-05-03 15:20:23 [WARNING] API call failed for /root/autodl-tmp/Show-o/janus-pro-1B/Janus/brushstroke_janus/eval_results/emoart_janus_itfi_layer21_22_23_top100_lam1p0_resumable/t2i_images/01376.png (attempt 1/3): Connection error.
2026-05-03 15:20:25 [WARNING] API call failed for /root/autodl-tmp/Show-o/janus-pro-1B/Janus/brushstroke_janus/eval_results/emoart_janus_itfi_layer21_22_23_top100_lam1p0_resumable/t2i_images/01376.png (attempt 2/3): Connection error.
2026-05-03 15:20:28 [ERROR] API call failed for /root/autodl-tmp/Show-o/janus-pro-1B/Janus/brushstroke_janus/eval_results/emoart_janus_itfi_layer21_22_23_top100_lam1p0_resumable/t2i_images/01376.png after 3 attempts: Connection error.
2026-05-03 15:20:30 [WARNING] API call failed for /root/autodl-tmp/Show-o/janus-pro-1B/Janus/brushstroke_janus/eval_results/emoart_janus_itfi_layer21_22_23_top100_lam1p0_resumable/t2i_images/01377.png (attempt 1/3): Connection error.
2026-05-03 15:20:32 [WARNING] API call failed for /root/autodl-tmp/Show-o/janus-pro-1B/Janus/brushstroke_janus/eval_results/emoart_janus_itfi_layer21_22_23_top100_lam1p0_resumable/t2i_images/01377.png (attempt 2/3): Connection error.
2026-05-03 15:20:35 [ERROR] API call failed for /root/autodl-tmp/Show-o/janus-pro-1B/Janus/brushstroke_janus/eval_results/emoart_janus_itfi_layer21_22_23_top100_lam1p0_resumable/t2i_images/01377.png after 3 attempts: Connection error.
2026-05-03 15:20:37 [WARNING] API call failed for /root/autodl-tmp/Show-o/janus-pro-1B/Janus/brushstroke_janus/eval_results/emoart_janus_itfi_layer21_22_23_top100_lam1p0_resumable/t2i_images/01378.png (attempt 1/3): Connection error.
2026-05-03 15:20:40 [WARNING] API call failed for /root/autodl-tmp/Show-o/janus-pro-1B/Janus/brushstroke_janus/eval_results/emoart_janus_itfi_layer21_22_23_top100_lam1p0_resumable/t2i_images/01378.png (attempt 2/3): Connection error.
2026-05-03 15:20:42 [ERROR] API call failed for /root/autodl-tmp/Show-o/janus-pro-1B/Janus/brushstroke_janus/eval_results/emoart_janus_itfi_layer21_22_23_top100_lam1p0_resumable/t2i_images/01378.png after 3 attempts: Connection error.
2026-05-03 15:20:44 [WARNING] API call failed for /root/autodl-tmp/Show-o/janus-pro-1B/Janus/brushstroke_janus/eval_results/emoart_janus_itfi_layer21_22_23_top100_lam1p0_resumable/t2i_images/01379.png (attempt 1/3): Connection error.
2026-05-03 15:20:47 [WARNING] API call failed for /root/autodl-tmp/Show-o/janus-pro-1B/Janus/brushstroke_janus/eval_results/emoart_janus_itfi_layer21_22_23_top100_lam1p0_resumable/t2i_images/01379.png (attempt 2/3): Connection error.
2026-05-03 15:20:49 [ERROR] API call failed for /root/autodl-tmp/Show-o/janus-pro-1B/Janus/brushstroke_janus/eval_results/emoart_janus_itfi_layer21_22_23_top100_lam1p0_resumable/t2i_images/01379.png after 3 attempts: Connection error.
2026-05-03 15:20:51 [WARNING] API call failed for /root/autodl-tmp/Show-o/janus-pro-1B/Janus/brushstroke_janus/eval_results/emoart_janus_itfi_layer21_22_23_top100_lam1p0_resumable/t2i_images/01380.png (attempt 1/3): Connection error.
2026-05-03 15:20:54 [WARNING] API call failed for /root/autodl-tmp/Show-o/janus-pro-1B/Janus/brushstroke_janus/eval_results/emoart_janus_itfi_layer21_22_23_top100_lam1p0_resumable/t2i_images/01380.png (attempt 2/3): Connection error.
2026-05-03 15:20:56 [ERROR] API call failed for /root/autodl-tmp/Show-o/janus-pro-1B/Janus/brushstroke_janus/eval_results/emoart_janus_itfi_layer21_22_23_top100_lam1p0_resumable/t2i_images/01380.png after 3 attempts: Connection error.
2026-05-03 15:20:58 [WARNING] API call failed for /root/autodl-tmp/Show-o/janus-pro-1B/Janus/brushstroke_janus/eval_results/emoart_janus_itfi_layer21_22_23_top100_lam1p0_resumable/t2i_images/01381.png (attempt 1/3): Connection error.
2026-05-03 15:21:01 [WARNING] API call failed for /root/autodl-tmp/Show-o/janus-pro-1B/Janus/brushstroke_janus/eval_results/emoart_janus_itfi_layer21_22_23_top100_lam1p0_resumable/t2i_images/01381.png (attempt 2/3): Connection error.
2026-05-03 15:21:03 [ERROR] API call failed for /root/autodl-tmp/Show-o/janus-pro-1B/Janus/brushstroke_janus/eval_results/emoart_janus_itfi_layer21_22_23_top100_lam1p0_resumable/t2i_images/01381.png after 3 attempts: Connection error.
2026-05-03 15:21:05 [WARNING] API call failed for /root/autodl-tmp/Show-o/janus-pro-1B/Janus/brushstroke_janus/eval_results/emoart_janus_itfi_layer21_22_23_top100_lam1p0_resumable/t2i_images/01382.png (attempt 1/3): Connection error.
2026-05-03 15:21:08 [WARNING] API call failed for /root/autodl-tmp/Show-o/janus-pro-1B/Janus/brushstroke_janus/eval_results/emoart_janus_itfi_layer21_22_23_top100_lam1p0_resumable/t2i_images/01382.png (attempt 2/3): Connection error.
2026-05-03 15:21:10 [ERROR] API call failed for /root/autodl-tmp/Show-o/janus-pro-1B/Janus/brushstroke_janus/eval_results/emoart_janus_itfi_layer21_22_23_top100_lam1p0_resumable/t2i_images/01382.png after 3 attempts: Connection error.
2026-05-03 15:21:12 [WARNING] API call failed for /root/autodl-tmp/Show-o/janus-pro-1B/Janus/brushstroke_janus/eval_results/emoart_janus_itfi_layer21_22_23_top100_lam1p0_resumable/t2i_images/01383.png (attempt 1/3): Connection error.
2026-05-03 15:21:15 [WARNING] API call failed for /root/autodl-tmp/Show-o/janus-pro-1B/Janus/brushstroke_janus/eval_results/emoart_janus_itfi_layer21_22_23_top100_lam1p0_resumable/t2i_images/01383.png (attempt 2/3): Connection error.
2026-05-03 15:21:17 [ERROR] API call failed for /root/autodl-tmp/Show-o/janus-pro-1B/Janus/brushstroke_janus/eval_results/emoart_janus_itfi_layer21_22_23_top100_lam1p0_resumable/t2i_images/01383.png after 3 attempts: Connection error.
2026-05-03 15:21:19 [WARNING] API call failed for /root/autodl-tmp/Show-o/janus-pro-1B/Janus/brushstroke_janus/eval_results/emoart_janus_itfi_layer21_22_23_top100_lam1p0_resumable/t2i_images/01384.png (attempt 1/3): Connection error.
2026-05-03 15:21:21 [WARNING] API call failed for /root/autodl-tmp/Show-o/janus-pro-1B/Janus/brushstroke_janus/eval_results/emoart_janus_itfi_layer21_22_23_top100_lam1p0_resumable/t2i_images/01384.png (attempt 2/3): Connection error.
2026-05-03 15:21:24 [ERROR] API call failed for /root/autodl-tmp/Show-o/janus-pro-1B/Janus/brushstroke_janus/eval_results/emoart_janus_itfi_layer21_22_23_top100_lam1p0_resumable/t2i_images/01384.png after 3 attempts: Connection error.
2026-05-03 15:21:26 [WARNING] API call failed for /root/autodl-tmp/Show-o/janus-pro-1B/Janus/brushstroke_janus/eval_results/emoart_janus_itfi_layer21_22_23_top100_lam1p0_resumable/t2i_images/01385.png (attempt 1/3): Connection error.
2026-05-03 15:21:28 [WARNING] API call failed for /root/autodl-tmp/Show-o/janus-pro-1B/Janus/brushstroke_janus/eval_results/emoart_janus_itfi_layer21_22_23_top100_lam1p0_resumable/t2i_images/01385.png (attempt 2/3): Connection error.
2026-05-03 15:21:30 [ERROR] API call failed for /root/autodl-tmp/Show-o/janus-pro-1B/Janus/brushstroke_janus/eval_results/emoart_janus_itfi_layer21_22_23_top100_lam1p0_resumable/t2i_images/01385.png after 3 attempts: Connection error.
2026-05-03 15:21:33 [WARNING] API call failed for /root/autodl-tmp/Show-o/janus-pro-1B/Janus/brushstroke_janus/eval_results/emoart_janus_itfi_layer21_22_23_top100_lam1p0_resumable/t2i_images/01386.png (attempt 1/3): Connection error.
2026-05-03 15:21:35 [WARNING] API call failed for /root/autodl-tmp/Show-o/janus-pro-1B/Janus/brushstroke_janus/eval_results/emoart_janus_itfi_layer21_22_23_top100_lam1p0_resumable/t2i_images/01386.png (attempt 2/3): Connection error.
2026-05-03 15:21:37 [ERROR] API call failed for /root/autodl-tmp/Show-o/janus-pro-1B/Janus/brushstroke_janus/eval_results/emoart_janus_itfi_layer21_22_23_top100_lam1p0_resumable/t2i_images/01386.png after 3 attempts: Connection error.
2026-05-03 15:21:40 [WARNING] API call failed for /root/autodl-tmp/Show-o/janus-pro-1B/Janus/brushstroke_janus/eval_results/emoart_janus_itfi_layer21_22_23_top100_lam1p0_resumable/t2i_images/01387.png (attempt 1/3): Connection error.
2026-05-03 15:21:42 [WARNING] API call failed for /root/autodl-tmp/Show-o/janus-pro-1B/Janus/brushstroke_janus/eval_results/emoart_janus_itfi_layer21_22_23_top100_lam1p0_resumable/t2i_images/01387.png (attempt 2/3): Connection error.
2026-05-03 15:21:44 [ERROR] API call failed for /root/autodl-tmp/Show-o/janus-pro-1B/Janus/brushstroke_janus/eval_results/emoart_janus_itfi_layer21_22_23_top100_lam1p0_resumable/t2i_images/01387.png after 3 attempts: Connection error.
2026-05-03 15:21:47 [WARNING] API call failed for /root/autodl-tmp/Show-o/janus-pro-1B/Janus/brushstroke_janus/eval_results/emoart_janus_itfi_layer21_22_23_top100_lam1p0_resumable/t2i_images/01388.png (attempt 1/3): Connection error.
2026-05-03 15:21:49 [WARNING] API call failed for /root/autodl-tmp/Show-o/janus-pro-1B/Janus/brushstroke_janus/eval_results/emoart_janus_itfi_layer21_22_23_top100_lam1p0_resumable/t2i_images/01388.png (attempt 2/3): Connection error.
2026-05-03 15:21:51 [ERROR] API call failed for /root/autodl-tmp/Show-o/janus-pro-1B/Janus/brushstroke_janus/eval_results/emoart_janus_itfi_layer21_22_23_top100_lam1p0_resumable/t2i_images/01388.png after 3 attempts: Connection error.
2026-05-03 15:21:54 [WARNING] API call failed for /root/autodl-tmp/Show-o/janus-pro-1B/Janus/brushstroke_janus/eval_results/emoart_janus_itfi_layer21_22_23_top100_lam1p0_resumable/t2i_images/01389.png (attempt 1/3): Connection error.
2026-05-03 15:21:56 [WARNING] API call failed for /root/autodl-tmp/Show-o/janus-pro-1B/Janus/brushstroke_janus/eval_results/emoart_janus_itfi_layer21_22_23_top100_lam1p0_resumable/t2i_images/01389.png (attempt 2/3): Connection error.
2026-05-03 15:21:58 [ERROR] API call failed for /root/autodl-tmp/Show-o/janus-pro-1B/Janus/brushstroke_janus/eval_results/emoart_janus_itfi_layer21_22_23_top100_lam1p0_resumable/t2i_images/01389.png after 3 attempts: Connection error.
2026-05-03 15:22:01 [WARNING] API call failed for /root/autodl-tmp/Show-o/janus-pro-1B/Janus/brushstroke_janus/eval_results/emoart_janus_itfi_layer21_22_23_top100_lam1p0_resumable/t2i_images/01390.png (attempt 1/3): Connection error.
2026-05-03 15:22:03 [WARNING] API call failed for /root/autodl-tmp/Show-o/janus-pro-1B/Janus/brushstroke_janus/eval_results/emoart_janus_itfi_layer21_22_23_top100_lam1p0_resumable/t2i_images/01390.png (attempt 2/3): Connection error.
2026-05-03 15:22:05 [ERROR] API call failed for /root/autodl-tmp/Show-o/janus-pro-1B/Janus/brushstroke_janus/eval_results/emoart_janus_itfi_layer21_22_23_top100_lam1p0_resumable/t2i_images/01390.png after 3 attempts: Connection error.
2026-05-03 15:22:08 [WARNING] API call failed for /root/autodl-tmp/Show-o/janus-pro-1B/Janus/brushstroke_janus/eval_results/emoart_janus_itfi_layer21_22_23_top100_lam1p0_resumable/t2i_images/01391.png (attempt 1/3): Connection error.
2026-05-03 15:22:10 [WARNING] API call failed for /root/autodl-tmp/Show-o/janus-pro-1B/Janus/brushstroke_janus/eval_results/emoart_janus_itfi_layer21_22_23_top100_lam1p0_resumable/t2i_images/01391.png (attempt 2/3): Connection error.
2026-05-03 15:22:12 [ERROR] API call failed for /root/autodl-tmp/Show-o/janus-pro-1B/Janus/brushstroke_janus/eval_results/emoart_janus_itfi_layer21_22_23_top100_lam1p0_resumable/t2i_images/01391.png after 3 attempts: Connection error.
2026-05-03 15:22:15 [WARNING] API call failed for /root/autodl-tmp/Show-o/janus-pro-1B/Janus/brushstroke_janus/eval_results/emoart_janus_itfi_layer21_22_23_top100_lam1p0_resumable/t2i_images/01392.png (attempt 1/3): Connection error.
2026-05-03 15:22:17 [WARNING] API call failed for /root/autodl-tmp/Show-o/janus-pro-1B/Janus/brushstroke_janus/eval_results/emoart_janus_itfi_layer21_22_23_top100_lam1p0_resumable/t2i_images/01392.png (attempt 2/3): Connection error.
2026-05-03 15:22:19 [ERROR] API call failed for /root/autodl-tmp/Show-o/janus-pro-1B/Janus/brushstroke_janus/eval_results/emoart_janus_itfi_layer21_22_23_top100_lam1p0_resumable/t2i_images/01392.png after 3 attempts: Connection error.
2026-05-03 15:22:22 [WARNING] API call failed for /root/autodl-tmp/Show-o/janus-pro-1B/Janus/brushstroke_janus/eval_results/emoart_janus_itfi_layer21_22_23_top100_lam1p0_resumable/t2i_images/01393.png (attempt 1/3): Connection error.
2026-05-03 15:22:24 [WARNING] API call failed for /root/autodl-tmp/Show-o/janus-pro-1B/Janus/brushstroke_janus/eval_results/emoart_janus_itfi_layer21_22_23_top100_lam1p0_resumable/t2i_images/01393.png (attempt 2/3): Connection error.
2026-05-03 15:22:26 [ERROR] API call failed for /root/autodl-tmp/Show-o/janus-pro-1B/Janus/brushstroke_janus/eval_results/emoart_janus_itfi_layer21_22_23_top100_lam1p0_resumable/t2i_images/01393.png after 3 attempts: Connection error.
2026-05-03 15:22:29 [WARNING] API call failed for /root/autodl-tmp/Show-o/janus-pro-1B/Janus/brushstroke_janus/eval_results/emoart_janus_itfi_layer21_22_23_top100_lam1p0_resumable/t2i_images/01394.png (attempt 1/3): Connection error.
2026-05-03 15:22:31 [WARNING] API call failed for /root/autodl-tmp/Show-o/janus-pro-1B/Janus/brushstroke_janus/eval_results/emoart_janus_itfi_layer21_22_23_top100_lam1p0_resumable/t2i_images/01394.png (attempt 2/3): Connection error.
2026-05-03 15:22:34 [ERROR] API call failed for /root/autodl-tmp/Show-o/janus-pro-1B/Janus/brushstroke_janus/eval_results/emoart_janus_itfi_layer21_22_23_top100_lam1p0_resumable/t2i_images/01394.png after 3 attempts: Connection error.
2026-05-03 15:22:36 [WARNING] API call failed for /root/autodl-tmp/Show-o/janus-pro-1B/Janus/brushstroke_janus/eval_results/emoart_janus_itfi_layer21_22_23_top100_lam1p0_resumable/t2i_images/01395.png (attempt 1/3): Connection error.
2026-05-03 15:22:38 [WARNING] API call failed for /root/autodl-tmp/Show-o/janus-pro-1B/Janus/brushstroke_janus/eval_results/emoart_janus_itfi_layer21_22_23_top100_lam1p0_resumable/t2i_images/01395.png (attempt 2/3): Connection error.
2026-05-03 15:22:41 [ERROR] API call failed for /root/autodl-tmp/Show-o/janus-pro-1B/Janus/brushstroke_janus/eval_results/emoart_janus_itfi_layer21_22_23_top100_lam1p0_resumable/t2i_images/01395.png after 3 attempts: Connection error.
2026-05-03 15:22:43 [WARNING] API call failed for /root/autodl-tmp/Show-o/janus-pro-1B/Janus/brushstroke_janus/eval_results/emoart_janus_itfi_layer21_22_23_top100_lam1p0_resumable/t2i_images/01396.png (attempt 1/3): Connection error.
2026-05-03 15:22:45 [WARNING] API call failed for /root/autodl-tmp/Show-o/janus-pro-1B/Janus/brushstroke_janus/eval_results/emoart_janus_itfi_layer21_22_23_top100_lam1p0_resumable/t2i_images/01396.png (attempt 2/3): Connection error.
2026-05-03 15:22:47 [ERROR] API call failed for /root/autodl-tmp/Show-o/janus-pro-1B/Janus/brushstroke_janus/eval_results/emoart_janus_itfi_layer21_22_23_top100_lam1p0_resumable/t2i_images/01396.png after 3 attempts: Connection error.
2026-05-03 15:22:50 [WARNING] API call failed for /root/autodl-tmp/Show-o/janus-pro-1B/Janus/brushstroke_janus/eval_results/emoart_janus_itfi_layer21_22_23_top100_lam1p0_resumable/t2i_images/01397.png (attempt 1/3): Connection error.
2026-05-03 15:22:52 [WARNING] API call failed for /root/autodl-tmp/Show-o/janus-pro-1B/Janus/brushstroke_janus/eval_results/emoart_janus_itfi_layer21_22_23_top100_lam1p0_resumable/t2i_images/01397.png (attempt 2/3): Connection error.
2026-05-03 15:22:55 [ERROR] API call failed for /root/autodl-tmp/Show-o/janus-pro-1B/Janus/brushstroke_janus/eval_results/emoart_janus_itfi_layer21_22_23_top100_lam1p0_resumable/t2i_images/01397.png after 3 attempts: Connection error.
2026-05-03 15:22:57 [WARNING] API call failed for /root/autodl-tmp/Show-o/janus-pro-1B/Janus/brushstroke_janus/eval_results/emoart_janus_itfi_layer21_22_23_top100_lam1p0_resumable/t2i_images/01398.png (attempt 1/3): Connection error.
2026-05-03 15:22:59 [WARNING] API call failed for /root/autodl-tmp/Show-o/janus-pro-1B/Janus/brushstroke_janus/eval_results/emoart_janus_itfi_layer21_22_23_top100_lam1p0_resumable/t2i_images/01398.png (attempt 2/3): Connection error.
2026-05-03 15:23:02 [ERROR] API call failed for /root/autodl-tmp/Show-o/janus-pro-1B/Janus/brushstroke_janus/eval_results/emoart_janus_itfi_layer21_22_23_top100_lam1p0_resumable/t2i_images/01398.png after 3 attempts: Connection error.
2026-05-03 15:23:04 [WARNING] API call failed for /root/autodl-tmp/Show-o/janus-pro-1B/Janus/brushstroke_janus/eval_results/emoart_janus_itfi_layer21_22_23_top100_lam1p0_resumable/t2i_images/01399.png (attempt 1/3): Connection error.
2026-05-03 15:23:06 [WARNING] API call failed for /root/autodl-tmp/Show-o/janus-pro-1B/Janus/brushstroke_janus/eval_results/emoart_janus_itfi_layer21_22_23_top100_lam1p0_resumable/t2i_images/01399.png (attempt 2/3): Connection error.
2026-05-03 15:23:08 [ERROR] API call failed for /root/autodl-tmp/Show-o/janus-pro-1B/Janus/brushstroke_janus/eval_results/emoart_janus_itfi_layer21_22_23_top100_lam1p0_resumable/t2i_images/01399.png after 3 attempts: Connection error.
2026-05-03 15:23:11 [WARNING] API call failed for /root/autodl-tmp/Show-o/janus-pro-1B/Janus/brushstroke_janus/eval_results/emoart_janus_itfi_layer21_22_23_top100_lam1p0_resumable/t2i_images/01400.png (attempt 1/3): Connection error.
2026-05-03 15:23:13 [WARNING] API call failed for /root/autodl-tmp/Show-o/janus-pro-1B/Janus/brushstroke_janus/eval_results/emoart_janus_itfi_layer21_22_23_top100_lam1p0_resumable/t2i_images/01400.png (attempt 2/3): Connection error.
2026-05-03 15:23:15 [ERROR] API call failed for /root/autodl-tmp/Show-o/janus-pro-1B/Janus/brushstroke_janus/eval_results/emoart_janus_itfi_layer21_22_23_top100_lam1p0_resumable/t2i_images/01400.png after 3 attempts: Connection error.
2026-05-03 15:23:18 [WARNING] API call failed for /root/autodl-tmp/Show-o/janus-pro-1B/Janus/brushstroke_janus/eval_results/emoart_janus_itfi_layer21_22_23_top100_lam1p0_resumable/t2i_images/01401.png (attempt 1/3): Connection error.
2026-05-03 15:23:20 [WARNING] API call failed for /root/autodl-tmp/Show-o/janus-pro-1B/Janus/brushstroke_janus/eval_results/emoart_janus_itfi_layer21_22_23_top100_lam1p0_resumable/t2i_images/01401.png (attempt 2/3): Connection error.
2026-05-03 15:23:22 [ERROR] API call failed for /root/autodl-tmp/Show-o/janus-pro-1B/Janus/brushstroke_janus/eval_results/emoart_janus_itfi_layer21_22_23_top100_lam1p0_resumable/t2i_images/01401.png after 3 attempts: Connection error.
2026-05-03 15:23:24 [WARNING] API call failed for /root/autodl-tmp/Show-o/janus-pro-1B/Janus/brushstroke_janus/eval_results/emoart_janus_itfi_layer21_22_23_top100_lam1p0_resumable/t2i_images/01402.png (attempt 1/3): Connection error.
2026-05-03 15:23:27 [WARNING] API call failed for /root/autodl-tmp/Show-o/janus-pro-1B/Janus/brushstroke_janus/eval_results/emoart_janus_itfi_layer21_22_23_top100_lam1p0_resumable/t2i_images/01402.png (attempt 2/3): Connection error.
2026-05-03 15:23:29 [ERROR] API call failed for /root/autodl-tmp/Show-o/janus-pro-1B/Janus/brushstroke_janus/eval_results/emoart_janus_itfi_layer21_22_23_top100_lam1p0_resumable/t2i_images/01402.png after 3 attempts: Connection error.
2026-05-03 15:23:31 [WARNING] API call failed for /root/autodl-tmp/Show-o/janus-pro-1B/Janus/brushstroke_janus/eval_results/emoart_janus_itfi_layer21_22_23_top100_lam1p0_resumable/t2i_images/01403.png (attempt 1/3): Connection error.
2026-05-03 15:23:34 [WARNING] API call failed for /root/autodl-tmp/Show-o/janus-pro-1B/Janus/brushstroke_janus/eval_results/emoart_janus_itfi_layer21_22_23_top100_lam1p0_resumable/t2i_images/01403.png (attempt 2/3): Connection error.
2026-05-03 15:23:36 [ERROR] API call failed for /root/autodl-tmp/Show-o/janus-pro-1B/Janus/brushstroke_janus/eval_results/emoart_janus_itfi_layer21_22_23_top100_lam1p0_resumable/t2i_images/01403.png after 3 attempts: Connection error.
2026-05-03 15:23:39 [WARNING] API call failed for /root/autodl-tmp/Show-o/janus-pro-1B/Janus/brushstroke_janus/eval_results/emoart_janus_itfi_layer21_22_23_top100_lam1p0_resumable/t2i_images/01404.png (attempt 1/3): Connection error.
2026-05-03 15:23:41 [WARNING] API call failed for /root/autodl-tmp/Show-o/janus-pro-1B/Janus/brushstroke_janus/eval_results/emoart_janus_itfi_layer21_22_23_top100_lam1p0_resumable/t2i_images/01404.png (attempt 2/3): Connection error.
2026-05-03 15:23:43 [ERROR] API call failed for /root/autodl-tmp/Show-o/janus-pro-1B/Janus/brushstroke_janus/eval_results/emoart_janus_itfi_layer21_22_23_top100_lam1p0_resumable/t2i_images/01404.png after 3 attempts: Connection error.
2026-05-03 15:23:45 [WARNING] API call failed for /root/autodl-tmp/Show-o/janus-pro-1B/Janus/brushstroke_janus/eval_results/emoart_janus_itfi_layer21_22_23_top100_lam1p0_resumable/t2i_images/01405.png (attempt 1/3): Connection error.
2026-05-03 15:23:48 [WARNING] API call failed for /root/autodl-tmp/Show-o/janus-pro-1B/Janus/brushstroke_janus/eval_results/emoart_janus_itfi_layer21_22_23_top100_lam1p0_resumable/t2i_images/01405.png (attempt 2/3): Connection error.
2026-05-03 15:23:50 [ERROR] API call failed for /root/autodl-tmp/Show-o/janus-pro-1B/Janus/brushstroke_janus/eval_results/emoart_janus_itfi_layer21_22_23_top100_lam1p0_resumable/t2i_images/01405.png after 3 attempts: Connection error.
2026-05-03 15:23:53 [WARNING] API call failed for /root/autodl-tmp/Show-o/janus-pro-1B/Janus/brushstroke_janus/eval_results/emoart_janus_itfi_layer21_22_23_top100_lam1p0_resumable/t2i_images/01406.png (attempt 1/3): Connection error.
2026-05-03 15:23:55 [WARNING] API call failed for /root/autodl-tmp/Show-o/janus-pro-1B/Janus/brushstroke_janus/eval_results/emoart_janus_itfi_layer21_22_23_top100_lam1p0_resumable/t2i_images/01406.png (attempt 2/3): Connection error.
2026-05-03 15:23:57 [ERROR] API call failed for /root/autodl-tmp/Show-o/janus-pro-1B/Janus/brushstroke_janus/eval_results/emoart_janus_itfi_layer21_22_23_top100_lam1p0_resumable/t2i_images/01406.png after 3 attempts: Connection error.
2026-05-03 15:24:00 [WARNING] API call failed for /root/autodl-tmp/Show-o/janus-pro-1B/Janus/brushstroke_janus/eval_results/emoart_janus_itfi_layer21_22_23_top100_lam1p0_resumable/t2i_images/01407.png (attempt 1/3): Connection error.
2026-05-03 15:24:02 [WARNING] API call failed for /root/autodl-tmp/Show-o/janus-pro-1B/Janus/brushstroke_janus/eval_results/emoart_janus_itfi_layer21_22_23_top100_lam1p0_resumable/t2i_images/01407.png (attempt 2/3): Connection error.
2026-05-03 15:24:04 [ERROR] API call failed for /root/autodl-tmp/Show-o/janus-pro-1B/Janus/brushstroke_janus/eval_results/emoart_janus_itfi_layer21_22_23_top100_lam1p0_resumable/t2i_images/01407.png after 3 attempts: Connection error.
2026-05-03 15:24:07 [WARNING] API call failed for /root/autodl-tmp/Show-o/janus-pro-1B/Janus/brushstroke_janus/eval_results/emoart_janus_itfi_layer21_22_23_top100_lam1p0_resumable/t2i_images/01408.png (attempt 1/3): Connection error.
2026-05-03 15:24:09 [WARNING] API call failed for /root/autodl-tmp/Show-o/janus-pro-1B/Janus/brushstroke_janus/eval_results/emoart_janus_itfi_layer21_22_23_top100_lam1p0_resumable/t2i_images/01408.png (attempt 2/3): Connection error.
2026-05-03 15:24:11 [ERROR] API call failed for /root/autodl-tmp/Show-o/janus-pro-1B/Janus/brushstroke_janus/eval_results/emoart_janus_itfi_layer21_22_23_top100_lam1p0_resumable/t2i_images/01408.png after 3 attempts: Connection error.
2026-05-03 15:24:14 [WARNING] API call failed for /root/autodl-tmp/Show-o/janus-pro-1B/Janus/brushstroke_janus/eval_results/emoart_janus_itfi_layer21_22_23_top100_lam1p0_resumable/t2i_images/01409.png (attempt 1/3): Connection error.
2026-05-03 15:24:16 [WARNING] API call failed for /root/autodl-tmp/Show-o/janus-pro-1B/Janus/brushstroke_janus/eval_results/emoart_janus_itfi_layer21_22_23_top100_lam1p0_resumable/t2i_images/01409.png (attempt 2/3): Connection error.
2026-05-03 15:24:19 [ERROR] API call failed for /root/autodl-tmp/Show-o/janus-pro-1B/Janus/brushstroke_janus/eval_results/emoart_janus_itfi_layer21_22_23_top100_lam1p0_resumable/t2i_images/01409.png after 3 attempts: Connection error.
2026-05-03 15:24:21 [WARNING] API call failed for /root/autodl-tmp/Show-o/janus-pro-1B/Janus/brushstroke_janus/eval_results/emoart_janus_itfi_layer21_22_23_top100_lam1p0_resumable/t2i_images/01410.png (attempt 1/3): Connection error.
2026-05-03 15:24:23 [WARNING] API call failed for /root/autodl-tmp/Show-o/janus-pro-1B/Janus/brushstroke_janus/eval_results/emoart_janus_itfi_layer21_22_23_top100_lam1p0_resumable/t2i_images/01410.png (attempt 2/3): Connection error.
2026-05-03 15:24:25 [ERROR] API call failed for /root/autodl-tmp/Show-o/janus-pro-1B/Janus/brushstroke_janus/eval_results/emoart_janus_itfi_layer21_22_23_top100_lam1p0_resumable/t2i_images/01410.png after 3 attempts: Connection error.
Processing image 211/674... 01196.png
Processing image 212/674... 01197.png
Processing image 213/674... 01198.png
Processing image 214/674... 01199.png
Processing image 215/674... 01200.png
Processing image 216/674... 01201.png
Processing image 217/674... 01202.png
Processing image 218/674... 01203.png
Processing image 219/674... 01204.png
Processing image 220/674... 01205.png
Processing image 221/674... 01206.png
Processing image 222/674... 01207.png
Processing image 223/674... 01208.png
Processing image 224/674... 01209.png
Processing image 225/674... 01210.png
Processing image 226/674... 01211.png
Processing image 227/674... 01212.png
Processing image 228/674... 01213.png
Processing image 229/674... 01214.png
Processing image 230/674... 01215.png
Processing image 231/674... 01216.png
Processing image 232/674... 01217.png
Processing image 233/674... 01218.png
Processing image 234/674... 01219.png
Processing image 235/674... 01220.png
Processing image 236/674... 01221.png
Processing image 237/674... 01222.png
Processing image 238/674... 01223.png
Processing image 239/674... 01224.png
Processing image 240/674... 01225.png
Processing image 241/674... 01226.png
Processing image 242/674... 01227.png
Processing image 243/674... 01228.png
Processing image 244/674... 01229.png
Processing image 245/674... 01230.png
Processing image 246/674... 01231.png
Processing image 247/674... 01232.png
Processing image 248/674... 01233.png
Processing image 249/674... 01234.png
Processing image 250/674... 01235.png
Processing image 251/674... 01236.png
Processing image 252/674... 01237.png
Processing image 253/674... 01238.png
Processing image 254/674... 01239.png
Processing image 255/674... 01240.png
Processing image 256/674... 01241.png
Processing image 257/674... 01242.png
Processing image 258/674... 01243.png
Processing image 259/674... 01244.png
Processing image 260/674... 01245.png
Processing image 261/674... 01246.png
Processing image 262/674... 01247.png
Processing image 263/674... 01248.png
Processing image 264/674... 01249.png
Processing image 265/674... 01250.png
Processing image 266/674... 01251.png
Processing image 267/674... 01252.png
Processing image 268/674... 01253.png
Processing image 269/674... 01254.png
Processing image 270/674... 01255.png
Processing image 271/674... 01256.png
Processing image 272/674... 01257.png
Processing image 273/674... 01258.png
Processing image 274/674... 01259.png
Processing image 275/674... 01260.png
Processing image 276/674... 01261.png
Processing image 277/674... 01262.png
Processing image 278/674... 01263.png
Processing image 279/674... 01264.png
Processing image 280/674... 01265.png
Processing image 281/674... 01266.png
Processing image 282/674... 01267.png
Processing image 283/674... 01268.png
Processing image 284/674... 01269.png
Processing image 285/674... 01270.png
Processing image 286/674... 01271.png
Processing image 287/674... 01272.png
Processing image 288/674... 01273.png
Processing image 289/674... 01274.png
Processing image 290/674... 01275.png
Processing image 291/674... 01276.png
Processing image 292/674... 01277.png
Processing image 293/674... 01278.png
Processing image 294/674... 01279.png
Processing image 295/674... 01280.png
Processing image 296/674... 01281.png
Processing image 297/674... 01282.png
Processing image 298/674... 01283.png
Processing image 299/674... 01284.png
Processing image 300/674... 01285.png
Processing image 301/674... 01286.png
Processing image 302/674... 01287.png
Processing image 303/674... 01288.png
Processing image 304/674... 01289.png
Processing image 305/674... 01290.png
Processing image 306/674... 01291.png
Processing image 307/674... 01292.png
Processing image 308/674... 01293.png
Processing image 309/674... 01294.png
Processing image 310/674... 01295.png
Processing image 311/674... 01296.png
Processing image 312/674... 01297.png
Processing image 313/674... 01298.png
Processing image 314/674... 01299.png
Processing image 315/674... 01300.png
Processing image 316/674... 01301.png
Processing image 317/674... 01302.png
Processing image 318/674... 01303.png
Processing image 319/674... 01304.png
Processing image 320/674... 01305.png
Processing image 321/674... 01306.png
Processing image 322/674... 01307.png
Processing image 323/674... 01308.png
Processing image 324/674... 01309.png
Processing image 325/674... 01310.png
Processing image 326/674... 01311.png
Processing image 327/674... 01312.png
Processing image 328/674... 01313.png
Processing image 329/674... 01314.png
Processing image 330/674... 01315.png
Processing image 331/674... 01316.png
Processing image 332/674... 01317.png
Processing image 333/674... 01318.png
Processing image 334/674... 01319.png
Processing image 335/674... 01320.png
Processing image 336/674... 01321.png
Processing image 337/674... 01322.png
Processing image 338/674... 01323.png
Processing image 339/674... 01324.png
Processing image 340/674... 01325.png
Processing image 341/674... 01326.png
Processing image 342/674... 01327.png
Processing image 343/674... 01328.png
Processing image 344/674... 01329.png
Processing image 345/674... 01330.png
Processing image 346/674... 01331.png
Processing image 347/674... 01332.png
Processing image 348/674... 01333.png
Processing image 349/674... 01334.png
Processing image 350/674... 01335.png
Processing image 351/674... 01336.png
Processing image 352/674... 01337.png
Processing image 353/674... 01338.png
Processing image 354/674... 01339.png
Processing image 355/674... 01340.png
Processing image 356/674... 01341.png
Processing image 357/674... 01342.png
Processing image 358/674... 01343.png
Processing image 359/674... 01344.png
Processing image 360/674... 01345.png
Processing image 361/674... 01346.png
Processing image 362/674... 01347.png
Processing image 363/674... 01348.png
Processing image 364/674... 01349.png
Processing image 365/674... 01350.png
Processing image 366/674... 01351.png
Processing image 367/674... 01352.png
Processing image 368/674... 01353.png
Processing image 369/674... 01354.png
Processing image 370/674... 01355.png
Processing image 371/674... 01356.png
Processing image 372/674... 01357.png
Processing image 373/674... 01358.png
Processing image 374/674... 01359.png
Processing image 375/674... 01360.png
Processing image 376/674... 01361.png
Processing image 377/674... 01362.png
Processing image 378/674... 01363.png
Processing image 379/674... 01364.png
Processing image 380/674... 01365.png
Processing image 381/674... 01366.png
Processing image 382/674... 01367.png
Processing image 383/674... 01368.png
Processing image 384/674... 01369.png
Processing image 385/674... 01370.png
Processing image 386/674... 01371.png
Processing image 387/674... 01372.png
Processing image 388/674... 01373.png
Processing image 389/674... 01374.png
Processing image 390/674... 01375.png
Processing image 391/674... 01376.png
Processing image 392/674... 01377.png
Processing image 393/674... 01378.png
Processing image 394/674... 01379.png
Processing image 395/674... 01380.png
Processing image 396/674... 01381.png
Processing image 397/674... 01382.png
Processing image 398/674... 01383.png
Processing image 399/674... 01384.png
Processing image 400/674... 01385.png
Processing image 401/674... 01386.png
Processing image 402/674... 01387.png
Processing image 403/674... 01388.png
Processing image 404/674... 01389.png
Processing image 405/674... 01390.png
Processing image 406/674... 01391.png
Processing image 407/674... 01392.png
Processing image 408/674... 01393.png
Processing image 409/674... 01394.png
Processing image 410/674... 01395.png
Processing image 411/674... 01396.png
Processing image 412/674... 01397.png
Processing image 413/674... 01398.png
Processing image 414/674... 01399.png
Processing image 415/674... 01400.png
Processing image 416/674... 01401.png
Processing image 417/674... 01402.png
Processing image 418/674... 01403.png
Processing image 419/674... 01404.png
Processing image 420/674... 01405.png
Processing image 421/674... 01406.png
Processing image 422/674... 01407.png
Processing image 423/674... 01408.png
Processing image 424/674... 01409.png
Processing image 425/674... 01410.png
2026-05-03 15:24:28 [WARNING] API call failed for /root/autodl-tmp/Show-o/janus-pro-1B/Janus/brushstroke_janus/eval_results/emoart_janus_itfi_layer21_22_23_top100_lam1p0_resumable/t2i_images/01411.png (attempt 1/3): Connection error.
2026-05-03 15:24:30 [WARNING] API call failed for /root/autodl-tmp/Show-o/janus-pro-1B/Janus/brushstroke_janus/eval_results/emoart_janus_itfi_layer21_22_23_top100_lam1p0_resumable/t2i_images/01411.png (attempt 2/3): Connection error.
2026-05-03 15:24:32 [ERROR] API call failed for /root/autodl-tmp/Show-o/janus-pro-1B/Janus/brushstroke_janus/eval_results/emoart_janus_itfi_layer21_22_23_top100_lam1p0_resumable/t2i_images/01411.png after 3 attempts: Connection error.
2026-05-03 15:24:34 [WARNING] API call failed for /root/autodl-tmp/Show-o/janus-pro-1B/Janus/brushstroke_janus/eval_results/emoart_janus_itfi_layer21_22_23_top100_lam1p0_resumable/t2i_images/01412.png (attempt 1/3): Connection error.
2026-05-03 15:24:37 [WARNING] API call failed for /root/autodl-tmp/Show-o/janus-pro-1B/Janus/brushstroke_janus/eval_results/emoart_janus_itfi_layer21_22_23_top100_lam1p0_resumable/t2i_images/01412.png (attempt 2/3): Connection error.
2026-05-03 15:24:39 [ERROR] API call failed for /root/autodl-tmp/Show-o/janus-pro-1B/Janus/brushstroke_janus/eval_results/emoart_janus_itfi_layer21_22_23_top100_lam1p0_resumable/t2i_images/01412.png after 3 attempts: Connection error.
2026-05-03 15:24:41 [WARNING] API call failed for /root/autodl-tmp/Show-o/janus-pro-1B/Janus/brushstroke_janus/eval_results/emoart_janus_itfi_layer21_22_23_top100_lam1p0_resumable/t2i_images/01413.png (attempt 1/3): Connection error.
2026-05-03 15:24:44 [WARNING] API call failed for /root/autodl-tmp/Show-o/janus-pro-1B/Janus/brushstroke_janus/eval_results/emoart_janus_itfi_layer21_22_23_top100_lam1p0_resumable/t2i_images/01413.png (attempt 2/3): Connection error.
2026-05-03 15:24:46 [ERROR] API call failed for /root/autodl-tmp/Show-o/janus-pro-1B/Janus/brushstroke_janus/eval_results/emoart_janus_itfi_layer21_22_23_top100_lam1p0_resumable/t2i_images/01413.png after 3 attempts: Connection error.
2026-05-03 15:24:48 [WARNING] API call failed for /root/autodl-tmp/Show-o/janus-pro-1B/Janus/brushstroke_janus/eval_results/emoart_janus_itfi_layer21_22_23_top100_lam1p0_resumable/t2i_images/01414.png (attempt 1/3): Connection error.
2026-05-03 15:24:51 [WARNING] API call failed for /root/autodl-tmp/Show-o/janus-pro-1B/Janus/brushstroke_janus/eval_results/emoart_janus_itfi_layer21_22_23_top100_lam1p0_resumable/t2i_images/01414.png (attempt 2/3): Connection error.
2026-05-03 15:24:53 [ERROR] API call failed for /root/autodl-tmp/Show-o/janus-pro-1B/Janus/brushstroke_janus/eval_results/emoart_janus_itfi_layer21_22_23_top100_lam1p0_resumable/t2i_images/01414.png after 3 attempts: Connection error.
2026-05-03 15:24:55 [WARNING] API call failed for /root/autodl-tmp/Show-o/janus-pro-1B/Janus/brushstroke_janus/eval_results/emoart_janus_itfi_layer21_22_23_top100_lam1p0_resumable/t2i_images/01415.png (attempt 1/3): Connection error.
2026-05-03 15:24:58 [WARNING] API call failed for /root/autodl-tmp/Show-o/janus-pro-1B/Janus/brushstroke_janus/eval_results/emoart_janus_itfi_layer21_22_23_top100_lam1p0_resumable/t2i_images/01415.png (attempt 2/3): Connection error.
2026-05-03 15:25:00 [ERROR] API call failed for /root/autodl-tmp/Show-o/janus-pro-1B/Janus/brushstroke_janus/eval_results/emoart_janus_itfi_layer21_22_23_top100_lam1p0_resumable/t2i_images/01415.png after 3 attempts: Connection error.
2026-05-03 15:25:02 [WARNING] API call failed for /root/autodl-tmp/Show-o/janus-pro-1B/Janus/brushstroke_janus/eval_results/emoart_janus_itfi_layer21_22_23_top100_lam1p0_resumable/t2i_images/01416.png (attempt 1/3): Connection error.
2026-05-03 15:25:05 [WARNING] API call failed for /root/autodl-tmp/Show-o/janus-pro-1B/Janus/brushstroke_janus/eval_results/emoart_janus_itfi_layer21_22_23_top100_lam1p0_resumable/t2i_images/01416.png (attempt 2/3): Connection error.
2026-05-03 15:25:07 [ERROR] API call failed for /root/autodl-tmp/Show-o/janus-pro-1B/Janus/brushstroke_janus/eval_results/emoart_janus_itfi_layer21_22_23_top100_lam1p0_resumable/t2i_images/01416.png after 3 attempts: Connection error.
2026-05-03 15:25:09 [WARNING] API call failed for /root/autodl-tmp/Show-o/janus-pro-1B/Janus/brushstroke_janus/eval_results/emoart_janus_itfi_layer21_22_23_top100_lam1p0_resumable/t2i_images/01417.png (attempt 1/3): Connection error.
2026-05-03 15:25:12 [WARNING] API call failed for /root/autodl-tmp/Show-o/janus-pro-1B/Janus/brushstroke_janus/eval_results/emoart_janus_itfi_layer21_22_23_top100_lam1p0_resumable/t2i_images/01417.png (attempt 2/3): Connection error.
2026-05-03 15:25:14 [ERROR] API call failed for /root/autodl-tmp/Show-o/janus-pro-1B/Janus/brushstroke_janus/eval_results/emoart_janus_itfi_layer21_22_23_top100_lam1p0_resumable/t2i_images/01417.png after 3 attempts: Connection error.
2026-05-03 15:25:17 [WARNING] API call failed for /root/autodl-tmp/Show-o/janus-pro-1B/Janus/brushstroke_janus/eval_results/emoart_janus_itfi_layer21_22_23_top100_lam1p0_resumable/t2i_images/01418.png (attempt 1/3): Connection error.
2026-05-03 15:25:19 [WARNING] API call failed for /root/autodl-tmp/Show-o/janus-pro-1B/Janus/brushstroke_janus/eval_results/emoart_janus_itfi_layer21_22_23_top100_lam1p0_resumable/t2i_images/01418.png (attempt 2/3): Connection error.
2026-05-03 15:25:21 [ERROR] API call failed for /root/autodl-tmp/Show-o/janus-pro-1B/Janus/brushstroke_janus/eval_results/emoart_janus_itfi_layer21_22_23_top100_lam1p0_resumable/t2i_images/01418.png after 3 attempts: Connection error.
2026-05-03 15:25:23 [WARNING] API call failed for /root/autodl-tmp/Show-o/janus-pro-1B/Janus/brushstroke_janus/eval_results/emoart_janus_itfi_layer21_22_23_top100_lam1p0_resumable/t2i_images/01419.png (attempt 1/3): Connection error.
2026-05-03 15:25:26 [WARNING] API call failed for /root/autodl-tmp/Show-o/janus-pro-1B/Janus/brushstroke_janus/eval_results/emoart_janus_itfi_layer21_22_23_top100_lam1p0_resumable/t2i_images/01419.png (attempt 2/3): Connection error.
2026-05-03 15:25:28 [ERROR] API call failed for /root/autodl-tmp/Show-o/janus-pro-1B/Janus/brushstroke_janus/eval_results/emoart_janus_itfi_layer21_22_23_top100_lam1p0_resumable/t2i_images/01419.png after 3 attempts: Connection error.
2026-05-03 15:25:30 [WARNING] API call failed for /root/autodl-tmp/Show-o/janus-pro-1B/Janus/brushstroke_janus/eval_results/emoart_janus_itfi_layer21_22_23_top100_lam1p0_resumable/t2i_images/01420.png (attempt 1/3): Connection error.
2026-05-03 15:25:33 [WARNING] API call failed for /root/autodl-tmp/Show-o/janus-pro-1B/Janus/brushstroke_janus/eval_results/emoart_janus_itfi_layer21_22_23_top100_lam1p0_resumable/t2i_images/01420.png (attempt 2/3): Connection error.
2026-05-03 15:25:35 [ERROR] API call failed for /root/autodl-tmp/Show-o/janus-pro-1B/Janus/brushstroke_janus/eval_results/emoart_janus_itfi_layer21_22_23_top100_lam1p0_resumable/t2i_images/01420.png after 3 attempts: Connection error.
2026-05-03 15:25:38 [WARNING] API call failed for /root/autodl-tmp/Show-o/janus-pro-1B/Janus/brushstroke_janus/eval_results/emoart_janus_itfi_layer21_22_23_top100_lam1p0_resumable/t2i_images/01421.png (attempt 1/3): Connection error.
2026-05-03 15:25:40 [WARNING] API call failed for /root/autodl-tmp/Show-o/janus-pro-1B/Janus/brushstroke_janus/eval_results/emoart_janus_itfi_layer21_22_23_top100_lam1p0_resumable/t2i_images/01421.png (attempt 2/3): Connection error.
2026-05-03 15:25:42 [ERROR] API call failed for /root/autodl-tmp/Show-o/janus-pro-1B/Janus/brushstroke_janus/eval_results/emoart_janus_itfi_layer21_22_23_top100_lam1p0_resumable/t2i_images/01421.png after 3 attempts: Connection error.
2026-05-03 15:25:45 [WARNING] API call failed for /root/autodl-tmp/Show-o/janus-pro-1B/Janus/brushstroke_janus/eval_results/emoart_janus_itfi_layer21_22_23_top100_lam1p0_resumable/t2i_images/01422.png (attempt 1/3): Connection error.
2026-05-03 15:25:47 [WARNING] API call failed for /root/autodl-tmp/Show-o/janus-pro-1B/Janus/brushstroke_janus/eval_results/emoart_janus_itfi_layer21_22_23_top100_lam1p0_resumable/t2i_images/01422.png (attempt 2/3): Connection error.
2026-05-03 15:25:49 [ERROR] API call failed for /root/autodl-tmp/Show-o/janus-pro-1B/Janus/brushstroke_janus/eval_results/emoart_janus_itfi_layer21_22_23_top100_lam1p0_resumable/t2i_images/01422.png after 3 attempts: Connection error.
2026-05-03 15:25:52 [WARNING] API call failed for /root/autodl-tmp/Show-o/janus-pro-1B/Janus/brushstroke_janus/eval_results/emoart_janus_itfi_layer21_22_23_top100_lam1p0_resumable/t2i_images/01423.png (attempt 1/3): Connection error.
2026-05-03 15:25:54 [WARNING] API call failed for /root/autodl-tmp/Show-o/janus-pro-1B/Janus/brushstroke_janus/eval_results/emoart_janus_itfi_layer21_22_23_top100_lam1p0_resumable/t2i_images/01423.png (attempt 2/3): Connection error.
2026-05-03 15:25:56 [ERROR] API call failed for /root/autodl-tmp/Show-o/janus-pro-1B/Janus/brushstroke_janus/eval_results/emoart_janus_itfi_layer21_22_23_top100_lam1p0_resumable/t2i_images/01423.png after 3 attempts: Connection error.
2026-05-03 15:25:59 [WARNING] API call failed for /root/autodl-tmp/Show-o/janus-pro-1B/Janus/brushstroke_janus/eval_results/emoart_janus_itfi_layer21_22_23_top100_lam1p0_resumable/t2i_images/01424.png (attempt 1/3): Connection error.
2026-05-03 15:26:01 [WARNING] API call failed for /root/autodl-tmp/Show-o/janus-pro-1B/Janus/brushstroke_janus/eval_results/emoart_janus_itfi_layer21_22_23_top100_lam1p0_resumable/t2i_images/01424.png (attempt 2/3): Connection error.
2026-05-03 15:26:03 [ERROR] API call failed for /root/autodl-tmp/Show-o/janus-pro-1B/Janus/brushstroke_janus/eval_results/emoart_janus_itfi_layer21_22_23_top100_lam1p0_resumable/t2i_images/01424.png after 3 attempts: Connection error.
2026-05-03 15:26:05 [WARNING] API call failed for /root/autodl-tmp/Show-o/janus-pro-1B/Janus/brushstroke_janus/eval_results/emoart_janus_itfi_layer21_22_23_top100_lam1p0_resumable/t2i_images/01425.png (attempt 1/3): Connection error.
2026-05-03 15:26:08 [WARNING] API call failed for /root/autodl-tmp/Show-o/janus-pro-1B/Janus/brushstroke_janus/eval_results/emoart_janus_itfi_layer21_22_23_top100_lam1p0_resumable/t2i_images/01425.png (attempt 2/3): Connection error.
2026-05-03 15:26:10 [ERROR] API call failed for /root/autodl-tmp/Show-o/janus-pro-1B/Janus/brushstroke_janus/eval_results/emoart_janus_itfi_layer21_22_23_top100_lam1p0_resumable/t2i_images/01425.png after 3 attempts: Connection error.
2026-05-03 15:26:13 [WARNING] API call failed for /root/autodl-tmp/Show-o/janus-pro-1B/Janus/brushstroke_janus/eval_results/emoart_janus_itfi_layer21_22_23_top100_lam1p0_resumable/t2i_images/01426.png (attempt 1/3): Connection error.
2026-05-03 15:26:15 [WARNING] API call failed for /root/autodl-tmp/Show-o/janus-pro-1B/Janus/brushstroke_janus/eval_results/emoart_janus_itfi_layer21_22_23_top100_lam1p0_resumable/t2i_images/01426.png (attempt 2/3): Connection error.
2026-05-03 15:26:17 [ERROR] API call failed for /root/autodl-tmp/Show-o/janus-pro-1B/Janus/brushstroke_janus/eval_results/emoart_janus_itfi_layer21_22_23_top100_lam1p0_resumable/t2i_images/01426.png after 3 attempts: Connection error.
2026-05-03 15:26:20 [WARNING] API call failed for /root/autodl-tmp/Show-o/janus-pro-1B/Janus/brushstroke_janus/eval_results/emoart_janus_itfi_layer21_22_23_top100_lam1p0_resumable/t2i_images/01427.png (attempt 1/3): Connection error.
2026-05-03 15:26:22 [WARNING] API call failed for /root/autodl-tmp/Show-o/janus-pro-1B/Janus/brushstroke_janus/eval_results/emoart_janus_itfi_layer21_22_23_top100_lam1p0_resumable/t2i_images/01427.png (attempt 2/3): Connection error.
2026-05-03 15:26:24 [ERROR] API call failed for /root/autodl-tmp/Show-o/janus-pro-1B/Janus/brushstroke_janus/eval_results/emoart_janus_itfi_layer21_22_23_top100_lam1p0_resumable/t2i_images/01427.png after 3 attempts: Connection error.
2026-05-03 15:26:27 [WARNING] API call failed for /root/autodl-tmp/Show-o/janus-pro-1B/Janus/brushstroke_janus/eval_results/emoart_janus_itfi_layer21_22_23_top100_lam1p0_resumable/t2i_images/01428.png (attempt 1/3): Connection error.
2026-05-03 15:26:29 [WARNING] API call failed for /root/autodl-tmp/Show-o/janus-pro-1B/Janus/brushstroke_janus/eval_results/emoart_janus_itfi_layer21_22_23_top100_lam1p0_resumable/t2i_images/01428.png (attempt 2/3): Connection error.
2026-05-03 15:26:31 [ERROR] API call failed for /root/autodl-tmp/Show-o/janus-pro-1B/Janus/brushstroke_janus/eval_results/emoart_janus_itfi_layer21_22_23_top100_lam1p0_resumable/t2i_images/01428.png after 3 attempts: Connection error.
2026-05-03 15:26:34 [WARNING] API call failed for /root/autodl-tmp/Show-o/janus-pro-1B/Janus/brushstroke_janus/eval_results/emoart_janus_itfi_layer21_22_23_top100_lam1p0_resumable/t2i_images/01429.png (attempt 1/3): Connection error.
2026-05-03 15:26:36 [WARNING] API call failed for /root/autodl-tmp/Show-o/janus-pro-1B/Janus/brushstroke_janus/eval_results/emoart_janus_itfi_layer21_22_23_top100_lam1p0_resumable/t2i_images/01429.png (attempt 2/3): Connection error.
2026-05-03 15:26:39 [ERROR] API call failed for /root/autodl-tmp/Show-o/janus-pro-1B/Janus/brushstroke_janus/eval_results/emoart_janus_itfi_layer21_22_23_top100_lam1p0_resumable/t2i_images/01429.png after 3 attempts: Connection error.
2026-05-03 15:26:41 [WARNING] API call failed for /root/autodl-tmp/Show-o/janus-pro-1B/Janus/brushstroke_janus/eval_results/emoart_janus_itfi_layer21_22_23_top100_lam1p0_resumable/t2i_images/01430.png (attempt 1/3): Connection error.
2026-05-03 15:26:43 [WARNING] API call failed for /root/autodl-tmp/Show-o/janus-pro-1B/Janus/brushstroke_janus/eval_results/emoart_janus_itfi_layer21_22_23_top100_lam1p0_resumable/t2i_images/01430.png (attempt 2/3): Connection error.
2026-05-03 15:26:46 [ERROR] API call failed for /root/autodl-tmp/Show-o/janus-pro-1B/Janus/brushstroke_janus/eval_results/emoart_janus_itfi_layer21_22_23_top100_lam1p0_resumable/t2i_images/01430.png after 3 attempts: Connection error.
2026-05-03 15:26:48 [WARNING] API call failed for /root/autodl-tmp/Show-o/janus-pro-1B/Janus/brushstroke_janus/eval_results/emoart_janus_itfi_layer21_22_23_top100_lam1p0_resumable/t2i_images/01431.png (attempt 1/3): Connection error.
2026-05-03 15:26:50 [WARNING] API call failed for /root/autodl-tmp/Show-o/janus-pro-1B/Janus/brushstroke_janus/eval_results/emoart_janus_itfi_layer21_22_23_top100_lam1p0_resumable/t2i_images/01431.png (attempt 2/3): Connection error.
2026-05-03 15:26:53 [ERROR] API call failed for /root/autodl-tmp/Show-o/janus-pro-1B/Janus/brushstroke_janus/eval_results/emoart_janus_itfi_layer21_22_23_top100_lam1p0_resumable/t2i_images/01431.png after 3 attempts: Connection error.
2026-05-03 15:26:55 [WARNING] API call failed for /root/autodl-tmp/Show-o/janus-pro-1B/Janus/brushstroke_janus/eval_results/emoart_janus_itfi_layer21_22_23_top100_lam1p0_resumable/t2i_images/01432.png (attempt 1/3): Connection error.
2026-05-03 15:26:57 [WARNING] API call failed for /root/autodl-tmp/Show-o/janus-pro-1B/Janus/brushstroke_janus/eval_results/emoart_janus_itfi_layer21_22_23_top100_lam1p0_resumable/t2i_images/01432.png (attempt 2/3): Connection error.
2026-05-03 15:27:00 [ERROR] API call failed for /root/autodl-tmp/Show-o/janus-pro-1B/Janus/brushstroke_janus/eval_results/emoart_janus_itfi_layer21_22_23_top100_lam1p0_resumable/t2i_images/01432.png after 3 attempts: Connection error.
2026-05-03 15:27:02 [WARNING] API call failed for /root/autodl-tmp/Show-o/janus-pro-1B/Janus/brushstroke_janus/eval_results/emoart_janus_itfi_layer21_22_23_top100_lam1p0_resumable/t2i_images/01433.png (attempt 1/3): Connection error.
2026-05-03 15:27:04 [WARNING] API call failed for /root/autodl-tmp/Show-o/janus-pro-1B/Janus/brushstroke_janus/eval_results/emoart_janus_itfi_layer21_22_23_top100_lam1p0_resumable/t2i_images/01433.png (attempt 2/3): Connection error.
2026-05-03 15:27:07 [ERROR] API call failed for /root/autodl-tmp/Show-o/janus-pro-1B/Janus/brushstroke_janus/eval_results/emoart_janus_itfi_layer21_22_23_top100_lam1p0_resumable/t2i_images/01433.png after 3 attempts: Connection error.
2026-05-03 15:27:09 [WARNING] API call failed for /root/autodl-tmp/Show-o/janus-pro-1B/Janus/brushstroke_janus/eval_results/emoart_janus_itfi_layer21_22_23_top100_lam1p0_resumable/t2i_images/01434.png (attempt 1/3): Connection error.
2026-05-03 15:27:11 [WARNING] API call failed for /root/autodl-tmp/Show-o/janus-pro-1B/Janus/brushstroke_janus/eval_results/emoart_janus_itfi_layer21_22_23_top100_lam1p0_resumable/t2i_images/01434.png (attempt 2/3): Connection error.
2026-05-03 15:27:14 [ERROR] API call failed for /root/autodl-tmp/Show-o/janus-pro-1B/Janus/brushstroke_janus/eval_results/emoart_janus_itfi_layer21_22_23_top100_lam1p0_resumable/t2i_images/01434.png after 3 attempts: Connection error.
2026-05-03 15:27:16 [WARNING] API call failed for /root/autodl-tmp/Show-o/janus-pro-1B/Janus/brushstroke_janus/eval_results/emoart_janus_itfi_layer21_22_23_top100_lam1p0_resumable/t2i_images/01435.png (attempt 1/3): Connection error.
2026-05-03 15:27:18 [WARNING] API call failed for /root/autodl-tmp/Show-o/janus-pro-1B/Janus/brushstroke_janus/eval_results/emoart_janus_itfi_layer21_22_23_top100_lam1p0_resumable/t2i_images/01435.png (attempt 2/3): Connection error.
2026-05-03 15:27:21 [ERROR] API call failed for /root/autodl-tmp/Show-o/janus-pro-1B/Janus/brushstroke_janus/eval_results/emoart_janus_itfi_layer21_22_23_top100_lam1p0_resumable/t2i_images/01435.png after 3 attempts: Connection error.
2026-05-03 15:27:23 [WARNING] API call failed for /root/autodl-tmp/Show-o/janus-pro-1B/Janus/brushstroke_janus/eval_results/emoart_janus_itfi_layer21_22_23_top100_lam1p0_resumable/t2i_images/01436.png (attempt 1/3): Connection error.
2026-05-03 15:27:26 [WARNING] API call failed for /root/autodl-tmp/Show-o/janus-pro-1B/Janus/brushstroke_janus/eval_results/emoart_janus_itfi_layer21_22_23_top100_lam1p0_resumable/t2i_images/01436.png (attempt 2/3): Connection error.
2026-05-03 15:27:28 [ERROR] API call failed for /root/autodl-tmp/Show-o/janus-pro-1B/Janus/brushstroke_janus/eval_results/emoart_janus_itfi_layer21_22_23_top100_lam1p0_resumable/t2i_images/01436.png after 3 attempts: Connection error.
2026-05-03 15:27:30 [WARNING] API call failed for /root/autodl-tmp/Show-o/janus-pro-1B/Janus/brushstroke_janus/eval_results/emoart_janus_itfi_layer21_22_23_top100_lam1p0_resumable/t2i_images/01437.png (attempt 1/3): Connection error.
2026-05-03 15:27:33 [WARNING] API call failed for /root/autodl-tmp/Show-o/janus-pro-1B/Janus/brushstroke_janus/eval_results/emoart_janus_itfi_layer21_22_23_top100_lam1p0_resumable/t2i_images/01437.png (attempt 2/3): Connection error.
2026-05-03 15:27:35 [ERROR] API call failed for /root/autodl-tmp/Show-o/janus-pro-1B/Janus/brushstroke_janus/eval_results/emoart_janus_itfi_layer21_22_23_top100_lam1p0_resumable/t2i_images/01437.png after 3 attempts: Connection error.
2026-05-03 15:27:38 [WARNING] API call failed for /root/autodl-tmp/Show-o/janus-pro-1B/Janus/brushstroke_janus/eval_results/emoart_janus_itfi_layer21_22_23_top100_lam1p0_resumable/t2i_images/01438.png (attempt 1/3): Connection error.
2026-05-03 15:27:40 [WARNING] API call failed for /root/autodl-tmp/Show-o/janus-pro-1B/Janus/brushstroke_janus/eval_results/emoart_janus_itfi_layer21_22_23_top100_lam1p0_resumable/t2i_images/01438.png (attempt 2/3): Connection error.
2026-05-03 15:27:43 [ERROR] API call failed for /root/autodl-tmp/Show-o/janus-pro-1B/Janus/brushstroke_janus/eval_results/emoart_janus_itfi_layer21_22_23_top100_lam1p0_resumable/t2i_images/01438.png after 3 attempts: Connection error.
2026-05-03 15:27:45 [WARNING] API call failed for /root/autodl-tmp/Show-o/janus-pro-1B/Janus/brushstroke_janus/eval_results/emoart_janus_itfi_layer21_22_23_top100_lam1p0_resumable/t2i_images/01439.png (attempt 1/3): Connection error.
2026-05-03 15:27:47 [WARNING] API call failed for /root/autodl-tmp/Show-o/janus-pro-1B/Janus/brushstroke_janus/eval_results/emoart_janus_itfi_layer21_22_23_top100_lam1p0_resumable/t2i_images/01439.png (attempt 2/3): Connection error.
2026-05-03 15:27:49 [ERROR] API call failed for /root/autodl-tmp/Show-o/janus-pro-1B/Janus/brushstroke_janus/eval_results/emoart_janus_itfi_layer21_22_23_top100_lam1p0_resumable/t2i_images/01439.png after 3 attempts: Connection error.
2026-05-03 15:27:52 [WARNING] API call failed for /root/autodl-tmp/Show-o/janus-pro-1B/Janus/brushstroke_janus/eval_results/emoart_janus_itfi_layer21_22_23_top100_lam1p0_resumable/t2i_images/01440.png (attempt 1/3): Connection error.
2026-05-03 15:27:54 [WARNING] API call failed for /root/autodl-tmp/Show-o/janus-pro-1B/Janus/brushstroke_janus/eval_results/emoart_janus_itfi_layer21_22_23_top100_lam1p0_resumable/t2i_images/01440.png (attempt 2/3): Connection error.
2026-05-03 15:27:56 [ERROR] API call failed for /root/autodl-tmp/Show-o/janus-pro-1B/Janus/brushstroke_janus/eval_results/emoart_janus_itfi_layer21_22_23_top100_lam1p0_resumable/t2i_images/01440.png after 3 attempts: Connection error.
2026-05-03 15:27:59 [WARNING] API call failed for /root/autodl-tmp/Show-o/janus-pro-1B/Janus/brushstroke_janus/eval_results/emoart_janus_itfi_layer21_22_23_top100_lam1p0_resumable/t2i_images/01441.png (attempt 1/3): Connection error.
2026-05-03 15:28:01 [WARNING] API call failed for /root/autodl-tmp/Show-o/janus-pro-1B/Janus/brushstroke_janus/eval_results/emoart_janus_itfi_layer21_22_23_top100_lam1p0_resumable/t2i_images/01441.png (attempt 2/3): Connection error.
2026-05-03 15:28:03 [ERROR] API call failed for /root/autodl-tmp/Show-o/janus-pro-1B/Janus/brushstroke_janus/eval_results/emoart_janus_itfi_layer21_22_23_top100_lam1p0_resumable/t2i_images/01441.png after 3 attempts: Connection error.
2026-05-03 15:28:06 [WARNING] API call failed for /root/autodl-tmp/Show-o/janus-pro-1B/Janus/brushstroke_janus/eval_results/emoart_janus_itfi_layer21_22_23_top100_lam1p0_resumable/t2i_images/01442.png (attempt 1/3): Connection error.
2026-05-03 15:28:08 [WARNING] API call failed for /root/autodl-tmp/Show-o/janus-pro-1B/Janus/brushstroke_janus/eval_results/emoart_janus_itfi_layer21_22_23_top100_lam1p0_resumable/t2i_images/01442.png (attempt 2/3): Connection error.
2026-05-03 15:28:11 [ERROR] API call failed for /root/autodl-tmp/Show-o/janus-pro-1B/Janus/brushstroke_janus/eval_results/emoart_janus_itfi_layer21_22_23_top100_lam1p0_resumable/t2i_images/01442.png after 3 attempts: Connection error.
2026-05-03 15:28:13 [WARNING] API call failed for /root/autodl-tmp/Show-o/janus-pro-1B/Janus/brushstroke_janus/eval_results/emoart_janus_itfi_layer21_22_23_top100_lam1p0_resumable/t2i_images/01443.png (attempt 1/3): Connection error.
2026-05-03 15:28:15 [WARNING] API call failed for /root/autodl-tmp/Show-o/janus-pro-1B/Janus/brushstroke_janus/eval_results/emoart_janus_itfi_layer21_22_23_top100_lam1p0_resumable/t2i_images/01443.png (attempt 2/3): Connection error.
2026-05-03 15:28:17 [ERROR] API call failed for /root/autodl-tmp/Show-o/janus-pro-1B/Janus/brushstroke_janus/eval_results/emoart_janus_itfi_layer21_22_23_top100_lam1p0_resumable/t2i_images/01443.png after 3 attempts: Connection error.
2026-05-03 15:28:20 [WARNING] API call failed for /root/autodl-tmp/Show-o/janus-pro-1B/Janus/brushstroke_janus/eval_results/emoart_janus_itfi_layer21_22_23_top100_lam1p0_resumable/t2i_images/01444.png (attempt 1/3): Connection error.
2026-05-03 15:28:22 [WARNING] API call failed for /root/autodl-tmp/Show-o/janus-pro-1B/Janus/brushstroke_janus/eval_results/emoart_janus_itfi_layer21_22_23_top100_lam1p0_resumable/t2i_images/01444.png (attempt 2/3): Connection error.
2026-05-03 15:28:25 [ERROR] API call failed for /root/autodl-tmp/Show-o/janus-pro-1B/Janus/brushstroke_janus/eval_results/emoart_janus_itfi_layer21_22_23_top100_lam1p0_resumable/t2i_images/01444.png after 3 attempts: Connection error.
2026-05-03 15:28:27 [WARNING] API call failed for /root/autodl-tmp/Show-o/janus-pro-1B/Janus/brushstroke_janus/eval_results/emoart_janus_itfi_layer21_22_23_top100_lam1p0_resumable/t2i_images/01445.png (attempt 1/3): Connection error.
2026-05-03 15:28:29 [WARNING] API call failed for /root/autodl-tmp/Show-o/janus-pro-1B/Janus/brushstroke_janus/eval_results/emoart_janus_itfi_layer21_22_23_top100_lam1p0_resumable/t2i_images/01445.png (attempt 2/3): Connection error.
2026-05-03 15:28:32 [ERROR] API call failed for /root/autodl-tmp/Show-o/janus-pro-1B/Janus/brushstroke_janus/eval_results/emoart_janus_itfi_layer21_22_23_top100_lam1p0_resumable/t2i_images/01445.png after 3 attempts: Connection error.
2026-05-03 15:28:34 [WARNING] API call failed for /root/autodl-tmp/Show-o/janus-pro-1B/Janus/brushstroke_janus/eval_results/emoart_janus_itfi_layer21_22_23_top100_lam1p0_resumable/t2i_images/01446.png (attempt 1/3): Connection error.
2026-05-03 15:28:36 [WARNING] API call failed for /root/autodl-tmp/Show-o/janus-pro-1B/Janus/brushstroke_janus/eval_results/emoart_janus_itfi_layer21_22_23_top100_lam1p0_resumable/t2i_images/01446.png (attempt 2/3): Connection error.
2026-05-03 15:28:38 [ERROR] API call failed for /root/autodl-tmp/Show-o/janus-pro-1B/Janus/brushstroke_janus/eval_results/emoart_janus_itfi_layer21_22_23_top100_lam1p0_resumable/t2i_images/01446.png after 3 attempts: Connection error.
2026-05-03 15:28:41 [WARNING] API call failed for /root/autodl-tmp/Show-o/janus-pro-1B/Janus/brushstroke_janus/eval_results/emoart_janus_itfi_layer21_22_23_top100_lam1p0_resumable/t2i_images/01447.png (attempt 1/3): Connection error.
2026-05-03 15:28:43 [WARNING] API call failed for /root/autodl-tmp/Show-o/janus-pro-1B/Janus/brushstroke_janus/eval_results/emoart_janus_itfi_layer21_22_23_top100_lam1p0_resumable/t2i_images/01447.png (attempt 2/3): Connection error.
2026-05-03 15:28:46 [ERROR] API call failed for /root/autodl-tmp/Show-o/janus-pro-1B/Janus/brushstroke_janus/eval_results/emoart_janus_itfi_layer21_22_23_top100_lam1p0_resumable/t2i_images/01447.png after 3 attempts: Connection error.
2026-05-03 15:28:48 [WARNING] API call failed for /root/autodl-tmp/Show-o/janus-pro-1B/Janus/brushstroke_janus/eval_results/emoart_janus_itfi_layer21_22_23_top100_lam1p0_resumable/t2i_images/01448.png (attempt 1/3): Connection error.
2026-05-03 15:28:50 [WARNING] API call failed for /root/autodl-tmp/Show-o/janus-pro-1B/Janus/brushstroke_janus/eval_results/emoart_janus_itfi_layer21_22_23_top100_lam1p0_resumable/t2i_images/01448.png (attempt 2/3): Connection error.
2026-05-03 15:28:53 [ERROR] API call failed for /root/autodl-tmp/Show-o/janus-pro-1B/Janus/brushstroke_janus/eval_results/emoart_janus_itfi_layer21_22_23_top100_lam1p0_resumable/t2i_images/01448.png after 3 attempts: Connection error.
2026-05-03 15:28:55 [WARNING] API call failed for /root/autodl-tmp/Show-o/janus-pro-1B/Janus/brushstroke_janus/eval_results/emoart_janus_itfi_layer21_22_23_top100_lam1p0_resumable/t2i_images/01449.png (attempt 1/3): Connection error.
2026-05-03 15:28:57 [WARNING] API call failed for /root/autodl-tmp/Show-o/janus-pro-1B/Janus/brushstroke_janus/eval_results/emoart_janus_itfi_layer21_22_23_top100_lam1p0_resumable/t2i_images/01449.png (attempt 2/3): Connection error.
2026-05-03 15:28:59 [ERROR] API call failed for /root/autodl-tmp/Show-o/janus-pro-1B/Janus/brushstroke_janus/eval_results/emoart_janus_itfi_layer21_22_23_top100_lam1p0_resumable/t2i_images/01449.png after 3 attempts: Connection error.
2026-05-03 15:29:02 [WARNING] API call failed for /root/autodl-tmp/Show-o/janus-pro-1B/Janus/brushstroke_janus/eval_results/emoart_janus_itfi_layer21_22_23_top100_lam1p0_resumable/t2i_images/01450.png (attempt 1/3): Connection error.
2026-05-03 15:29:04 [WARNING] API call failed for /root/autodl-tmp/Show-o/janus-pro-1B/Janus/brushstroke_janus/eval_results/emoart_janus_itfi_layer21_22_23_top100_lam1p0_resumable/t2i_images/01450.png (attempt 2/3): Connection error.
2026-05-03 15:29:07 [ERROR] API call failed for /root/autodl-tmp/Show-o/janus-pro-1B/Janus/brushstroke_janus/eval_results/emoart_janus_itfi_layer21_22_23_top100_lam1p0_resumable/t2i_images/01450.png after 3 attempts: Connection error.
2026-05-03 15:29:09 [WARNING] API call failed for /root/autodl-tmp/Show-o/janus-pro-1B/Janus/brushstroke_janus/eval_results/emoart_janus_itfi_layer21_22_23_top100_lam1p0_resumable/t2i_images/01451.png (attempt 1/3): Connection error.
2026-05-03 15:29:11 [WARNING] API call failed for /root/autodl-tmp/Show-o/janus-pro-1B/Janus/brushstroke_janus/eval_results/emoart_janus_itfi_layer21_22_23_top100_lam1p0_resumable/t2i_images/01451.png (attempt 2/3): Connection error.
2026-05-03 15:29:13 [ERROR] API call failed for /root/autodl-tmp/Show-o/janus-pro-1B/Janus/brushstroke_janus/eval_results/emoart_janus_itfi_layer21_22_23_top100_lam1p0_resumable/t2i_images/01451.png after 3 attempts: Connection error.
2026-05-03 15:29:16 [WARNING] API call failed for /root/autodl-tmp/Show-o/janus-pro-1B/Janus/brushstroke_janus/eval_results/emoart_janus_itfi_layer21_22_23_top100_lam1p0_resumable/t2i_images/01452.png (attempt 1/3): Connection error.
2026-05-03 15:29:18 [WARNING] API call failed for /root/autodl-tmp/Show-o/janus-pro-1B/Janus/brushstroke_janus/eval_results/emoart_janus_itfi_layer21_22_23_top100_lam1p0_resumable/t2i_images/01452.png (attempt 2/3): Connection error.
2026-05-03 15:29:20 [ERROR] API call failed for /root/autodl-tmp/Show-o/janus-pro-1B/Janus/brushstroke_janus/eval_results/emoart_janus_itfi_layer21_22_23_top100_lam1p0_resumable/t2i_images/01452.png after 3 attempts: Connection error.
2026-05-03 15:29:23 [WARNING] API call failed for /root/autodl-tmp/Show-o/janus-pro-1B/Janus/brushstroke_janus/eval_results/emoart_janus_itfi_layer21_22_23_top100_lam1p0_resumable/t2i_images/01453.png (attempt 1/3): Connection error.
2026-05-03 15:29:25 [WARNING] API call failed for /root/autodl-tmp/Show-o/janus-pro-1B/Janus/brushstroke_janus/eval_results/emoart_janus_itfi_layer21_22_23_top100_lam1p0_resumable/t2i_images/01453.png (attempt 2/3): Connection error.
2026-05-03 15:29:28 [ERROR] API call failed for /root/autodl-tmp/Show-o/janus-pro-1B/Janus/brushstroke_janus/eval_results/emoart_janus_itfi_layer21_22_23_top100_lam1p0_resumable/t2i_images/01453.png after 3 attempts: Connection error.
2026-05-03 15:29:30 [WARNING] API call failed for /root/autodl-tmp/Show-o/janus-pro-1B/Janus/brushstroke_janus/eval_results/emoart_janus_itfi_layer21_22_23_top100_lam1p0_resumable/t2i_images/01454.png (attempt 1/3): Connection error.
2026-05-03 15:29:32 [WARNING] API call failed for /root/autodl-tmp/Show-o/janus-pro-1B/Janus/brushstroke_janus/eval_results/emoart_janus_itfi_layer21_22_23_top100_lam1p0_resumable/t2i_images/01454.png (attempt 2/3): Connection error.
2026-05-03 15:29:34 [ERROR] API call failed for /root/autodl-tmp/Show-o/janus-pro-1B/Janus/brushstroke_janus/eval_results/emoart_janus_itfi_layer21_22_23_top100_lam1p0_resumable/t2i_images/01454.png after 3 attempts: Connection error.
2026-05-03 15:29:37 [WARNING] API call failed for /root/autodl-tmp/Show-o/janus-pro-1B/Janus/brushstroke_janus/eval_results/emoart_janus_itfi_layer21_22_23_top100_lam1p0_resumable/t2i_images/01455.png (attempt 1/3): Connection error.
2026-05-03 15:29:39 [WARNING] API call failed for /root/autodl-tmp/Show-o/janus-pro-1B/Janus/brushstroke_janus/eval_results/emoart_janus_itfi_layer21_22_23_top100_lam1p0_resumable/t2i_images/01455.png (attempt 2/3): Connection error.
2026-05-03 15:29:41 [ERROR] API call failed for /root/autodl-tmp/Show-o/janus-pro-1B/Janus/brushstroke_janus/eval_results/emoart_janus_itfi_layer21_22_23_top100_lam1p0_resumable/t2i_images/01455.png after 3 attempts: Connection error.
2026-05-03 15:29:44 [WARNING] API call failed for /root/autodl-tmp/Show-o/janus-pro-1B/Janus/brushstroke_janus/eval_results/emoart_janus_itfi_layer21_22_23_top100_lam1p0_resumable/t2i_images/01456.png (attempt 1/3): Connection error.
2026-05-03 15:29:46 [WARNING] API call failed for /root/autodl-tmp/Show-o/janus-pro-1B/Janus/brushstroke_janus/eval_results/emoart_janus_itfi_layer21_22_23_top100_lam1p0_resumable/t2i_images/01456.png (attempt 2/3): Connection error.
2026-05-03 15:29:48 [ERROR] API call failed for /root/autodl-tmp/Show-o/janus-pro-1B/Janus/brushstroke_janus/eval_results/emoart_janus_itfi_layer21_22_23_top100_lam1p0_resumable/t2i_images/01456.png after 3 attempts: Connection error.
2026-05-03 15:29:51 [WARNING] API call failed for /root/autodl-tmp/Show-o/janus-pro-1B/Janus/brushstroke_janus/eval_results/emoart_janus_itfi_layer21_22_23_top100_lam1p0_resumable/t2i_images/01457.png (attempt 1/3): Connection error.
2026-05-03 15:29:53 [WARNING] API call failed for /root/autodl-tmp/Show-o/janus-pro-1B/Janus/brushstroke_janus/eval_results/emoart_janus_itfi_layer21_22_23_top100_lam1p0_resumable/t2i_images/01457.png (attempt 2/3): Connection error.
2026-05-03 15:29:56 [ERROR] API call failed for /root/autodl-tmp/Show-o/janus-pro-1B/Janus/brushstroke_janus/eval_results/emoart_janus_itfi_layer21_22_23_top100_lam1p0_resumable/t2i_images/01457.png after 3 attempts: Connection error.
2026-05-03 15:29:58 [WARNING] API call failed for /root/autodl-tmp/Show-o/janus-pro-1B/Janus/brushstroke_janus/eval_results/emoart_janus_itfi_layer21_22_23_top100_lam1p0_resumable/t2i_images/01458.png (attempt 1/3): Connection error.
2026-05-03 15:30:00 [WARNING] API call failed for /root/autodl-tmp/Show-o/janus-pro-1B/Janus/brushstroke_janus/eval_results/emoart_janus_itfi_layer21_22_23_top100_lam1p0_resumable/t2i_images/01458.png (attempt 2/3): Connection error.
2026-05-03 15:30:03 [ERROR] API call failed for /root/autodl-tmp/Show-o/janus-pro-1B/Janus/brushstroke_janus/eval_results/emoart_janus_itfi_layer21_22_23_top100_lam1p0_resumable/t2i_images/01458.png after 3 attempts: Connection error.
2026-05-03 15:30:05 [WARNING] API call failed for /root/autodl-tmp/Show-o/janus-pro-1B/Janus/brushstroke_janus/eval_results/emoart_janus_itfi_layer21_22_23_top100_lam1p0_resumable/t2i_images/01459.png (attempt 1/3): Connection error.
2026-05-03 15:30:07 [WARNING] API call failed for /root/autodl-tmp/Show-o/janus-pro-1B/Janus/brushstroke_janus/eval_results/emoart_janus_itfi_layer21_22_23_top100_lam1p0_resumable/t2i_images/01459.png (attempt 2/3): Connection error.
2026-05-03 15:30:10 [ERROR] API call failed for /root/autodl-tmp/Show-o/janus-pro-1B/Janus/brushstroke_janus/eval_results/emoart_janus_itfi_layer21_22_23_top100_lam1p0_resumable/t2i_images/01459.png after 3 attempts: Connection error.
2026-05-03 15:30:12 [WARNING] API call failed for /root/autodl-tmp/Show-o/janus-pro-1B/Janus/brushstroke_janus/eval_results/emoart_janus_itfi_layer21_22_23_top100_lam1p0_resumable/t2i_images/01460.png (attempt 1/3): Connection error.
2026-05-03 15:30:14 [WARNING] API call failed for /root/autodl-tmp/Show-o/janus-pro-1B/Janus/brushstroke_janus/eval_results/emoart_janus_itfi_layer21_22_23_top100_lam1p0_resumable/t2i_images/01460.png (attempt 2/3): Connection error.
2026-05-03 15:30:16 [ERROR] API call failed for /root/autodl-tmp/Show-o/janus-pro-1B/Janus/brushstroke_janus/eval_results/emoart_janus_itfi_layer21_22_23_top100_lam1p0_resumable/t2i_images/01460.png after 3 attempts: Connection error.
2026-05-03 15:30:19 [WARNING] API call failed for /root/autodl-tmp/Show-o/janus-pro-1B/Janus/brushstroke_janus/eval_results/emoart_janus_itfi_layer21_22_23_top100_lam1p0_resumable/t2i_images/01461.png (attempt 1/3): Connection error.
2026-05-03 15:30:21 [WARNING] API call failed for /root/autodl-tmp/Show-o/janus-pro-1B/Janus/brushstroke_janus/eval_results/emoart_janus_itfi_layer21_22_23_top100_lam1p0_resumable/t2i_images/01461.png (attempt 2/3): Connection error.
2026-05-03 15:30:23 [ERROR] API call failed for /root/autodl-tmp/Show-o/janus-pro-1B/Janus/brushstroke_janus/eval_results/emoart_janus_itfi_layer21_22_23_top100_lam1p0_resumable/t2i_images/01461.png after 3 attempts: Connection error.
2026-05-03 15:30:26 [WARNING] API call failed for /root/autodl-tmp/Show-o/janus-pro-1B/Janus/brushstroke_janus/eval_results/emoart_janus_itfi_layer21_22_23_top100_lam1p0_resumable/t2i_images/01462.png (attempt 1/3): Connection error.
2026-05-03 15:30:28 [WARNING] API call failed for /root/autodl-tmp/Show-o/janus-pro-1B/Janus/brushstroke_janus/eval_results/emoart_janus_itfi_layer21_22_23_top100_lam1p0_resumable/t2i_images/01462.png (attempt 2/3): Connection error.
2026-05-03 15:30:31 [ERROR] API call failed for /root/autodl-tmp/Show-o/janus-pro-1B/Janus/brushstroke_janus/eval_results/emoart_janus_itfi_layer21_22_23_top100_lam1p0_resumable/t2i_images/01462.png after 3 attempts: Connection error.
2026-05-03 15:30:33 [WARNING] API call failed for /root/autodl-tmp/Show-o/janus-pro-1B/Janus/brushstroke_janus/eval_results/emoart_janus_itfi_layer21_22_23_top100_lam1p0_resumable/t2i_images/01463.png (attempt 1/3): Connection error.
2026-05-03 15:30:35 [WARNING] API call failed for /root/autodl-tmp/Show-o/janus-pro-1B/Janus/brushstroke_janus/eval_results/emoart_janus_itfi_layer21_22_23_top100_lam1p0_resumable/t2i_images/01463.png (attempt 2/3): Connection error.
2026-05-03 15:30:37 [ERROR] API call failed for /root/autodl-tmp/Show-o/janus-pro-1B/Janus/brushstroke_janus/eval_results/emoart_janus_itfi_layer21_22_23_top100_lam1p0_resumable/t2i_images/01463.png after 3 attempts: Connection error.
2026-05-03 15:30:40 [WARNING] API call failed for /root/autodl-tmp/Show-o/janus-pro-1B/Janus/brushstroke_janus/eval_results/emoart_janus_itfi_layer21_22_23_top100_lam1p0_resumable/t2i_images/01464.png (attempt 1/3): Connection error.
2026-05-03 15:30:42 [WARNING] API call failed for /root/autodl-tmp/Show-o/janus-pro-1B/Janus/brushstroke_janus/eval_results/emoart_janus_itfi_layer21_22_23_top100_lam1p0_resumable/t2i_images/01464.png (attempt 2/3): Connection error.
2026-05-03 15:30:44 [ERROR] API call failed for /root/autodl-tmp/Show-o/janus-pro-1B/Janus/brushstroke_janus/eval_results/emoart_janus_itfi_layer21_22_23_top100_lam1p0_resumable/t2i_images/01464.png after 3 attempts: Connection error.
2026-05-03 15:30:47 [WARNING] API call failed for /root/autodl-tmp/Show-o/janus-pro-1B/Janus/brushstroke_janus/eval_results/emoart_janus_itfi_layer21_22_23_top100_lam1p0_resumable/t2i_images/01465.png (attempt 1/3): Connection error.
2026-05-03 15:30:49 [WARNING] API call failed for /root/autodl-tmp/Show-o/janus-pro-1B/Janus/brushstroke_janus/eval_results/emoart_janus_itfi_layer21_22_23_top100_lam1p0_resumable/t2i_images/01465.png (attempt 2/3): Connection error.
2026-05-03 15:30:51 [ERROR] API call failed for /root/autodl-tmp/Show-o/janus-pro-1B/Janus/brushstroke_janus/eval_results/emoart_janus_itfi_layer21_22_23_top100_lam1p0_resumable/t2i_images/01465.png after 3 attempts: Connection error.
2026-05-03 15:30:54 [WARNING] API call failed for /root/autodl-tmp/Show-o/janus-pro-1B/Janus/brushstroke_janus/eval_results/emoart_janus_itfi_layer21_22_23_top100_lam1p0_resumable/t2i_images/01466.png (attempt 1/3): Connection error.
2026-05-03 15:30:56 [WARNING] API call failed for /root/autodl-tmp/Show-o/janus-pro-1B/Janus/brushstroke_janus/eval_results/emoart_janus_itfi_layer21_22_23_top100_lam1p0_resumable/t2i_images/01466.png (attempt 2/3): Connection error.
2026-05-03 15:30:58 [ERROR] API call failed for /root/autodl-tmp/Show-o/janus-pro-1B/Janus/brushstroke_janus/eval_results/emoart_janus_itfi_layer21_22_23_top100_lam1p0_resumable/t2i_images/01466.png after 3 attempts: Connection error.
2026-05-03 15:31:01 [WARNING] API call failed for /root/autodl-tmp/Show-o/janus-pro-1B/Janus/brushstroke_janus/eval_results/emoart_janus_itfi_layer21_22_23_top100_lam1p0_resumable/t2i_images/01467.png (attempt 1/3): Connection error.
2026-05-03 15:31:03 [WARNING] API call failed for /root/autodl-tmp/Show-o/janus-pro-1B/Janus/brushstroke_janus/eval_results/emoart_janus_itfi_layer21_22_23_top100_lam1p0_resumable/t2i_images/01467.png (attempt 2/3): Connection error.
2026-05-03 15:31:05 [ERROR] API call failed for /root/autodl-tmp/Show-o/janus-pro-1B/Janus/brushstroke_janus/eval_results/emoart_janus_itfi_layer21_22_23_top100_lam1p0_resumable/t2i_images/01467.png after 3 attempts: Connection error.
2026-05-03 15:31:08 [WARNING] API call failed for /root/autodl-tmp/Show-o/janus-pro-1B/Janus/brushstroke_janus/eval_results/emoart_janus_itfi_layer21_22_23_top100_lam1p0_resumable/t2i_images/01468.png (attempt 1/3): Connection error.
2026-05-03 15:31:10 [WARNING] API call failed for /root/autodl-tmp/Show-o/janus-pro-1B/Janus/brushstroke_janus/eval_results/emoart_janus_itfi_layer21_22_23_top100_lam1p0_resumable/t2i_images/01468.png (attempt 2/3): Connection error.
2026-05-03 15:31:12 [ERROR] API call failed for /root/autodl-tmp/Show-o/janus-pro-1B/Janus/brushstroke_janus/eval_results/emoart_janus_itfi_layer21_22_23_top100_lam1p0_resumable/t2i_images/01468.png after 3 attempts: Connection error.
2026-05-03 15:31:15 [WARNING] API call failed for /root/autodl-tmp/Show-o/janus-pro-1B/Janus/brushstroke_janus/eval_results/emoart_janus_itfi_layer21_22_23_top100_lam1p0_resumable/t2i_images/01469.png (attempt 1/3): Connection error.
2026-05-03 15:31:17 [WARNING] API call failed for /root/autodl-tmp/Show-o/janus-pro-1B/Janus/brushstroke_janus/eval_results/emoart_janus_itfi_layer21_22_23_top100_lam1p0_resumable/t2i_images/01469.png (attempt 2/3): Connection error.
2026-05-03 15:31:19 [ERROR] API call failed for /root/autodl-tmp/Show-o/janus-pro-1B/Janus/brushstroke_janus/eval_results/emoart_janus_itfi_layer21_22_23_top100_lam1p0_resumable/t2i_images/01469.png after 3 attempts: Connection error.
2026-05-03 15:31:22 [WARNING] API call failed for /root/autodl-tmp/Show-o/janus-pro-1B/Janus/brushstroke_janus/eval_results/emoart_janus_itfi_layer21_22_23_top100_lam1p0_resumable/t2i_images/01470.png (attempt 1/3): Connection error.
2026-05-03 15:31:24 [WARNING] API call failed for /root/autodl-tmp/Show-o/janus-pro-1B/Janus/brushstroke_janus/eval_results/emoart_janus_itfi_layer21_22_23_top100_lam1p0_resumable/t2i_images/01470.png (attempt 2/3): Connection error.
2026-05-03 15:31:26 [ERROR] API call failed for /root/autodl-tmp/Show-o/janus-pro-1B/Janus/brushstroke_janus/eval_results/emoart_janus_itfi_layer21_22_23_top100_lam1p0_resumable/t2i_images/01470.png after 3 attempts: Connection error.
2026-05-03 15:31:29 [WARNING] API call failed for /root/autodl-tmp/Show-o/janus-pro-1B/Janus/brushstroke_janus/eval_results/emoart_janus_itfi_layer21_22_23_top100_lam1p0_resumable/t2i_images/01471.png (attempt 1/3): Connection error.
2026-05-03 15:31:31 [WARNING] API call failed for /root/autodl-tmp/Show-o/janus-pro-1B/Janus/brushstroke_janus/eval_results/emoart_janus_itfi_layer21_22_23_top100_lam1p0_resumable/t2i_images/01471.png (attempt 2/3): Connection error.
2026-05-03 15:31:34 [ERROR] API call failed for /root/autodl-tmp/Show-o/janus-pro-1B/Janus/brushstroke_janus/eval_results/emoart_janus_itfi_layer21_22_23_top100_lam1p0_resumable/t2i_images/01471.png after 3 attempts: Connection error.
2026-05-03 15:31:36 [WARNING] API call failed for /root/autodl-tmp/Show-o/janus-pro-1B/Janus/brushstroke_janus/eval_results/emoart_janus_itfi_layer21_22_23_top100_lam1p0_resumable/t2i_images/01472.png (attempt 1/3): Connection error.
2026-05-03 15:31:38 [WARNING] API call failed for /root/autodl-tmp/Show-o/janus-pro-1B/Janus/brushstroke_janus/eval_results/emoart_janus_itfi_layer21_22_23_top100_lam1p0_resumable/t2i_images/01472.png (attempt 2/3): Connection error.
2026-05-03 15:31:41 [ERROR] API call failed for /root/autodl-tmp/Show-o/janus-pro-1B/Janus/brushstroke_janus/eval_results/emoart_janus_itfi_layer21_22_23_top100_lam1p0_resumable/t2i_images/01472.png after 3 attempts: Connection error.
2026-05-03 15:31:43 [WARNING] API call failed for /root/autodl-tmp/Show-o/janus-pro-1B/Janus/brushstroke_janus/eval_results/emoart_janus_itfi_layer21_22_23_top100_lam1p0_resumable/t2i_images/01473.png (attempt 1/3): Connection error.
2026-05-03 15:31:45 [WARNING] API call failed for /root/autodl-tmp/Show-o/janus-pro-1B/Janus/brushstroke_janus/eval_results/emoart_janus_itfi_layer21_22_23_top100_lam1p0_resumable/t2i_images/01473.png (attempt 2/3): Connection error.
2026-05-03 15:31:47 [ERROR] API call failed for /root/autodl-tmp/Show-o/janus-pro-1B/Janus/brushstroke_janus/eval_results/emoart_janus_itfi_layer21_22_23_top100_lam1p0_resumable/t2i_images/01473.png after 3 attempts: Connection error.
2026-05-03 15:31:50 [WARNING] API call failed for /root/autodl-tmp/Show-o/janus-pro-1B/Janus/brushstroke_janus/eval_results/emoart_janus_itfi_layer21_22_23_top100_lam1p0_resumable/t2i_images/01474.png (attempt 1/3): Connection error.
2026-05-03 15:31:52 [WARNING] API call failed for /root/autodl-tmp/Show-o/janus-pro-1B/Janus/brushstroke_janus/eval_results/emoart_janus_itfi_layer21_22_23_top100_lam1p0_resumable/t2i_images/01474.png (attempt 2/3): Connection error.
2026-05-03 15:31:54 [ERROR] API call failed for /root/autodl-tmp/Show-o/janus-pro-1B/Janus/brushstroke_janus/eval_results/emoart_janus_itfi_layer21_22_23_top100_lam1p0_resumable/t2i_images/01474.png after 3 attempts: Connection error.
2026-05-03 15:31:57 [WARNING] API call failed for /root/autodl-tmp/Show-o/janus-pro-1B/Janus/brushstroke_janus/eval_results/emoart_janus_itfi_layer21_22_23_top100_lam1p0_resumable/t2i_images/01475.png (attempt 1/3): Connection error.
2026-05-03 15:31:59 [WARNING] API call failed for /root/autodl-tmp/Show-o/janus-pro-1B/Janus/brushstroke_janus/eval_results/emoart_janus_itfi_layer21_22_23_top100_lam1p0_resumable/t2i_images/01475.png (attempt 2/3): Connection error.
2026-05-03 15:32:01 [ERROR] API call failed for /root/autodl-tmp/Show-o/janus-pro-1B/Janus/brushstroke_janus/eval_results/emoart_janus_itfi_layer21_22_23_top100_lam1p0_resumable/t2i_images/01475.png after 3 attempts: Connection error.
2026-05-03 15:32:04 [WARNING] API call failed for /root/autodl-tmp/Show-o/janus-pro-1B/Janus/brushstroke_janus/eval_results/emoart_janus_itfi_layer21_22_23_top100_lam1p0_resumable/t2i_images/01476.png (attempt 1/3): Connection error.
2026-05-03 15:32:06 [WARNING] API call failed for /root/autodl-tmp/Show-o/janus-pro-1B/Janus/brushstroke_janus/eval_results/emoart_janus_itfi_layer21_22_23_top100_lam1p0_resumable/t2i_images/01476.png (attempt 2/3): Connection error.
2026-05-03 15:32:08 [ERROR] API call failed for /root/autodl-tmp/Show-o/janus-pro-1B/Janus/brushstroke_janus/eval_results/emoart_janus_itfi_layer21_22_23_top100_lam1p0_resumable/t2i_images/01476.png after 3 attempts: Connection error.
2026-05-03 15:32:10 [WARNING] API call failed for /root/autodl-tmp/Show-o/janus-pro-1B/Janus/brushstroke_janus/eval_results/emoart_janus_itfi_layer21_22_23_top100_lam1p0_resumable/t2i_images/01477.png (attempt 1/3): Connection error.
2026-05-03 15:32:13 [WARNING] API call failed for /root/autodl-tmp/Show-o/janus-pro-1B/Janus/brushstroke_janus/eval_results/emoart_janus_itfi_layer21_22_23_top100_lam1p0_resumable/t2i_images/01477.png (attempt 2/3): Connection error.
2026-05-03 15:32:15 [ERROR] API call failed for /root/autodl-tmp/Show-o/janus-pro-1B/Janus/brushstroke_janus/eval_results/emoart_janus_itfi_layer21_22_23_top100_lam1p0_resumable/t2i_images/01477.png after 3 attempts: Connection error.
2026-05-03 15:32:17 [WARNING] API call failed for /root/autodl-tmp/Show-o/janus-pro-1B/Janus/brushstroke_janus/eval_results/emoart_janus_itfi_layer21_22_23_top100_lam1p0_resumable/t2i_images/01478.png (attempt 1/3): Connection error.
2026-05-03 15:32:20 [WARNING] API call failed for /root/autodl-tmp/Show-o/janus-pro-1B/Janus/brushstroke_janus/eval_results/emoart_janus_itfi_layer21_22_23_top100_lam1p0_resumable/t2i_images/01478.png (attempt 2/3): Connection error.
2026-05-03 15:32:22 [ERROR] API call failed for /root/autodl-tmp/Show-o/janus-pro-1B/Janus/brushstroke_janus/eval_results/emoart_janus_itfi_layer21_22_23_top100_lam1p0_resumable/t2i_images/01478.png after 3 attempts: Connection error.
2026-05-03 15:32:24 [WARNING] API call failed for /root/autodl-tmp/Show-o/janus-pro-1B/Janus/brushstroke_janus/eval_results/emoart_janus_itfi_layer21_22_23_top100_lam1p0_resumable/t2i_images/01479.png (attempt 1/3): Connection error.
2026-05-03 15:32:27 [WARNING] API call failed for /root/autodl-tmp/Show-o/janus-pro-1B/Janus/brushstroke_janus/eval_results/emoart_janus_itfi_layer21_22_23_top100_lam1p0_resumable/t2i_images/01479.png (attempt 2/3): Connection error.
2026-05-03 15:32:29 [ERROR] API call failed for /root/autodl-tmp/Show-o/janus-pro-1B/Janus/brushstroke_janus/eval_results/emoart_janus_itfi_layer21_22_23_top100_lam1p0_resumable/t2i_images/01479.png after 3 attempts: Connection error.
2026-05-03 15:32:32 [WARNING] API call failed for /root/autodl-tmp/Show-o/janus-pro-1B/Janus/brushstroke_janus/eval_results/emoart_janus_itfi_layer21_22_23_top100_lam1p0_resumable/t2i_images/01480.png (attempt 1/3): Connection error.
2026-05-03 15:32:34 [WARNING] API call failed for /root/autodl-tmp/Show-o/janus-pro-1B/Janus/brushstroke_janus/eval_results/emoart_janus_itfi_layer21_22_23_top100_lam1p0_resumable/t2i_images/01480.png (attempt 2/3): Connection error.
2026-05-03 15:32:36 [ERROR] API call failed for /root/autodl-tmp/Show-o/janus-pro-1B/Janus/brushstroke_janus/eval_results/emoart_janus_itfi_layer21_22_23_top100_lam1p0_resumable/t2i_images/01480.png after 3 attempts: Connection error.
2026-05-03 15:32:39 [WARNING] API call failed for /root/autodl-tmp/Show-o/janus-pro-1B/Janus/brushstroke_janus/eval_results/emoart_janus_itfi_layer21_22_23_top100_lam1p0_resumable/t2i_images/01481.png (attempt 1/3): Connection error.
2026-05-03 15:32:41 [WARNING] API call failed for /root/autodl-tmp/Show-o/janus-pro-1B/Janus/brushstroke_janus/eval_results/emoart_janus_itfi_layer21_22_23_top100_lam1p0_resumable/t2i_images/01481.png (attempt 2/3): Connection error.
2026-05-03 15:32:43 [ERROR] API call failed for /root/autodl-tmp/Show-o/janus-pro-1B/Janus/brushstroke_janus/eval_results/emoart_janus_itfi_layer21_22_23_top100_lam1p0_resumable/t2i_images/01481.png after 3 attempts: Connection error.
2026-05-03 15:32:46 [WARNING] API call failed for /root/autodl-tmp/Show-o/janus-pro-1B/Janus/brushstroke_janus/eval_results/emoart_janus_itfi_layer21_22_23_top100_lam1p0_resumable/t2i_images/01482.png (attempt 1/3): Connection error.
2026-05-03 15:32:48 [WARNING] API call failed for /root/autodl-tmp/Show-o/janus-pro-1B/Janus/brushstroke_janus/eval_results/emoart_janus_itfi_layer21_22_23_top100_lam1p0_resumable/t2i_images/01482.png (attempt 2/3): Connection error.
2026-05-03 15:32:50 [ERROR] API call failed for /root/autodl-tmp/Show-o/janus-pro-1B/Janus/brushstroke_janus/eval_results/emoart_janus_itfi_layer21_22_23_top100_lam1p0_resumable/t2i_images/01482.png after 3 attempts: Connection error.
2026-05-03 15:32:53 [WARNING] API call failed for /root/autodl-tmp/Show-o/janus-pro-1B/Janus/brushstroke_janus/eval_results/emoart_janus_itfi_layer21_22_23_top100_lam1p0_resumable/t2i_images/01483.png (attempt 1/3): Connection error.
2026-05-03 15:32:55 [WARNING] API call failed for /root/autodl-tmp/Show-o/janus-pro-1B/Janus/brushstroke_janus/eval_results/emoart_janus_itfi_layer21_22_23_top100_lam1p0_resumable/t2i_images/01483.png (attempt 2/3): Connection error.
2026-05-03 15:32:57 [ERROR] API call failed for /root/autodl-tmp/Show-o/janus-pro-1B/Janus/brushstroke_janus/eval_results/emoart_janus_itfi_layer21_22_23_top100_lam1p0_resumable/t2i_images/01483.png after 3 attempts: Connection error.
2026-05-03 15:33:00 [WARNING] API call failed for /root/autodl-tmp/Show-o/janus-pro-1B/Janus/brushstroke_janus/eval_results/emoart_janus_itfi_layer21_22_23_top100_lam1p0_resumable/t2i_images/01484.png (attempt 1/3): Connection error.
2026-05-03 15:33:02 [WARNING] API call failed for /root/autodl-tmp/Show-o/janus-pro-1B/Janus/brushstroke_janus/eval_results/emoart_janus_itfi_layer21_22_23_top100_lam1p0_resumable/t2i_images/01484.png (attempt 2/3): Connection error.
2026-05-03 15:33:04 [ERROR] API call failed for /root/autodl-tmp/Show-o/janus-pro-1B/Janus/brushstroke_janus/eval_results/emoart_janus_itfi_layer21_22_23_top100_lam1p0_resumable/t2i_images/01484.png after 3 attempts: Connection error.
2026-05-03 15:33:07 [WARNING] API call failed for /root/autodl-tmp/Show-o/janus-pro-1B/Janus/brushstroke_janus/eval_results/emoart_janus_itfi_layer21_22_23_top100_lam1p0_resumable/t2i_images/01485.png (attempt 1/3): Connection error.
2026-05-03 15:33:09 [WARNING] API call failed for /root/autodl-tmp/Show-o/janus-pro-1B/Janus/brushstroke_janus/eval_results/emoart_janus_itfi_layer21_22_23_top100_lam1p0_resumable/t2i_images/01485.png (attempt 2/3): Connection error.
2026-05-03 15:33:12 [ERROR] API call failed for /root/autodl-tmp/Show-o/janus-pro-1B/Janus/brushstroke_janus/eval_results/emoart_janus_itfi_layer21_22_23_top100_lam1p0_resumable/t2i_images/01485.png after 3 attempts: Connection error.
2026-05-03 15:33:14 [WARNING] API call failed for /root/autodl-tmp/Show-o/janus-pro-1B/Janus/brushstroke_janus/eval_results/emoart_janus_itfi_layer21_22_23_top100_lam1p0_resumable/t2i_images/01486.png (attempt 1/3): Connection error.
2026-05-03 15:33:16 [WARNING] API call failed for /root/autodl-tmp/Show-o/janus-pro-1B/Janus/brushstroke_janus/eval_results/emoart_janus_itfi_layer21_22_23_top100_lam1p0_resumable/t2i_images/01486.png (attempt 2/3): Connection error.
2026-05-03 15:33:19 [ERROR] API call failed for /root/autodl-tmp/Show-o/janus-pro-1B/Janus/brushstroke_janus/eval_results/emoart_janus_itfi_layer21_22_23_top100_lam1p0_resumable/t2i_images/01486.png after 3 attempts: Connection error.
2026-05-03 15:33:21 [WARNING] API call failed for /root/autodl-tmp/Show-o/janus-pro-1B/Janus/brushstroke_janus/eval_results/emoart_janus_itfi_layer21_22_23_top100_lam1p0_resumable/t2i_images/01487.png (attempt 1/3): Connection error.
2026-05-03 15:33:23 [WARNING] API call failed for /root/autodl-tmp/Show-o/janus-pro-1B/Janus/brushstroke_janus/eval_results/emoart_janus_itfi_layer21_22_23_top100_lam1p0_resumable/t2i_images/01487.png (attempt 2/3): Connection error.
2026-05-03 15:33:26 [ERROR] API call failed for /root/autodl-tmp/Show-o/janus-pro-1B/Janus/brushstroke_janus/eval_results/emoart_janus_itfi_layer21_22_23_top100_lam1p0_resumable/t2i_images/01487.png after 3 attempts: Connection error.
2026-05-03 15:33:28 [WARNING] API call failed for /root/autodl-tmp/Show-o/janus-pro-1B/Janus/brushstroke_janus/eval_results/emoart_janus_itfi_layer21_22_23_top100_lam1p0_resumable/t2i_images/01488.png (attempt 1/3): Connection error.
2026-05-03 15:33:30 [WARNING] API call failed for /root/autodl-tmp/Show-o/janus-pro-1B/Janus/brushstroke_janus/eval_results/emoart_janus_itfi_layer21_22_23_top100_lam1p0_resumable/t2i_images/01488.png (attempt 2/3): Connection error.
2026-05-03 15:33:33 [ERROR] API call failed for /root/autodl-tmp/Show-o/janus-pro-1B/Janus/brushstroke_janus/eval_results/emoart_janus_itfi_layer21_22_23_top100_lam1p0_resumable/t2i_images/01488.png after 3 attempts: Connection error.
2026-05-03 15:33:35 [WARNING] API call failed for /root/autodl-tmp/Show-o/janus-pro-1B/Janus/brushstroke_janus/eval_results/emoart_janus_itfi_layer21_22_23_top100_lam1p0_resumable/t2i_images/01489.png (attempt 1/3): Connection error.
2026-05-03 15:33:37 [WARNING] API call failed for /root/autodl-tmp/Show-o/janus-pro-1B/Janus/brushstroke_janus/eval_results/emoart_janus_itfi_layer21_22_23_top100_lam1p0_resumable/t2i_images/01489.png (attempt 2/3): Connection error.
2026-05-03 15:33:40 [ERROR] API call failed for /root/autodl-tmp/Show-o/janus-pro-1B/Janus/brushstroke_janus/eval_results/emoart_janus_itfi_layer21_22_23_top100_lam1p0_resumable/t2i_images/01489.png after 3 attempts: Connection error.
2026-05-03 15:33:42 [WARNING] API call failed for /root/autodl-tmp/Show-o/janus-pro-1B/Janus/brushstroke_janus/eval_results/emoart_janus_itfi_layer21_22_23_top100_lam1p0_resumable/t2i_images/01490.png (attempt 1/3): Connection error.
2026-05-03 15:33:44 [WARNING] API call failed for /root/autodl-tmp/Show-o/janus-pro-1B/Janus/brushstroke_janus/eval_results/emoart_janus_itfi_layer21_22_23_top100_lam1p0_resumable/t2i_images/01490.png (attempt 2/3): Connection error.
2026-05-03 15:33:47 [ERROR] API call failed for /root/autodl-tmp/Show-o/janus-pro-1B/Janus/brushstroke_janus/eval_results/emoart_janus_itfi_layer21_22_23_top100_lam1p0_resumable/t2i_images/01490.png after 3 attempts: Connection error.
2026-05-03 15:33:49 [WARNING] API call failed for /root/autodl-tmp/Show-o/janus-pro-1B/Janus/brushstroke_janus/eval_results/emoart_janus_itfi_layer21_22_23_top100_lam1p0_resumable/t2i_images/01491.png (attempt 1/3): Connection error.
2026-05-03 15:33:51 [WARNING] API call failed for /root/autodl-tmp/Show-o/janus-pro-1B/Janus/brushstroke_janus/eval_results/emoart_janus_itfi_layer21_22_23_top100_lam1p0_resumable/t2i_images/01491.png (attempt 2/3): Connection error.
2026-05-03 15:33:54 [ERROR] API call failed for /root/autodl-tmp/Show-o/janus-pro-1B/Janus/brushstroke_janus/eval_results/emoart_janus_itfi_layer21_22_23_top100_lam1p0_resumable/t2i_images/01491.png after 3 attempts: Connection error.
2026-05-03 15:33:56 [WARNING] API call failed for /root/autodl-tmp/Show-o/janus-pro-1B/Janus/brushstroke_janus/eval_results/emoart_janus_itfi_layer21_22_23_top100_lam1p0_resumable/t2i_images/01492.png (attempt 1/3): Connection error.
2026-05-03 15:33:59 [WARNING] API call failed for /root/autodl-tmp/Show-o/janus-pro-1B/Janus/brushstroke_janus/eval_results/emoart_janus_itfi_layer21_22_23_top100_lam1p0_resumable/t2i_images/01492.png (attempt 2/3): Connection error.
2026-05-03 15:34:01 [ERROR] API call failed for /root/autodl-tmp/Show-o/janus-pro-1B/Janus/brushstroke_janus/eval_results/emoart_janus_itfi_layer21_22_23_top100_lam1p0_resumable/t2i_images/01492.png after 3 attempts: Connection error.
2026-05-03 15:34:03 [WARNING] API call failed for /root/autodl-tmp/Show-o/janus-pro-1B/Janus/brushstroke_janus/eval_results/emoart_janus_itfi_layer21_22_23_top100_lam1p0_resumable/t2i_images/01493.png (attempt 1/3): Connection error.
2026-05-03 15:34:05 [WARNING] API call failed for /root/autodl-tmp/Show-o/janus-pro-1B/Janus/brushstroke_janus/eval_results/emoart_janus_itfi_layer21_22_23_top100_lam1p0_resumable/t2i_images/01493.png (attempt 2/3): Connection error.
2026-05-03 15:34:08 [ERROR] API call failed for /root/autodl-tmp/Show-o/janus-pro-1B/Janus/brushstroke_janus/eval_results/emoart_janus_itfi_layer21_22_23_top100_lam1p0_resumable/t2i_images/01493.png after 3 attempts: Connection error.
2026-05-03 15:34:10 [WARNING] API call failed for /root/autodl-tmp/Show-o/janus-pro-1B/Janus/brushstroke_janus/eval_results/emoart_janus_itfi_layer21_22_23_top100_lam1p0_resumable/t2i_images/01494.png (attempt 1/3): Connection error.
2026-05-03 15:34:12 [WARNING] API call failed for /root/autodl-tmp/Show-o/janus-pro-1B/Janus/brushstroke_janus/eval_results/emoart_janus_itfi_layer21_22_23_top100_lam1p0_resumable/t2i_images/01494.png (attempt 2/3): Connection error.
2026-05-03 15:34:15 [ERROR] API call failed for /root/autodl-tmp/Show-o/janus-pro-1B/Janus/brushstroke_janus/eval_results/emoart_janus_itfi_layer21_22_23_top100_lam1p0_resumable/t2i_images/01494.png after 3 attempts: Connection error.
2026-05-03 15:34:17 [WARNING] API call failed for /root/autodl-tmp/Show-o/janus-pro-1B/Janus/brushstroke_janus/eval_results/emoart_janus_itfi_layer21_22_23_top100_lam1p0_resumable/t2i_images/01495.png (attempt 1/3): Connection error.
2026-05-03 15:34:19 [WARNING] API call failed for /root/autodl-tmp/Show-o/janus-pro-1B/Janus/brushstroke_janus/eval_results/emoart_janus_itfi_layer21_22_23_top100_lam1p0_resumable/t2i_images/01495.png (attempt 2/3): Connection error.
2026-05-03 15:34:22 [ERROR] API call failed for /root/autodl-tmp/Show-o/janus-pro-1B/Janus/brushstroke_janus/eval_results/emoart_janus_itfi_layer21_22_23_top100_lam1p0_resumable/t2i_images/01495.png after 3 attempts: Connection error.
2026-05-03 15:34:24 [WARNING] API call failed for /root/autodl-tmp/Show-o/janus-pro-1B/Janus/brushstroke_janus/eval_results/emoart_janus_itfi_layer21_22_23_top100_lam1p0_resumable/t2i_images/01496.png (attempt 1/3): Connection error.
2026-05-03 15:34:26 [WARNING] API call failed for /root/autodl-tmp/Show-o/janus-pro-1B/Janus/brushstroke_janus/eval_results/emoart_janus_itfi_layer21_22_23_top100_lam1p0_resumable/t2i_images/01496.png (attempt 2/3): Connection error.
2026-05-03 15:34:29 [ERROR] API call failed for /root/autodl-tmp/Show-o/janus-pro-1B/Janus/brushstroke_janus/eval_results/emoart_janus_itfi_layer21_22_23_top100_lam1p0_resumable/t2i_images/01496.png after 3 attempts: Connection error.
2026-05-03 15:34:31 [WARNING] API call failed for /root/autodl-tmp/Show-o/janus-pro-1B/Janus/brushstroke_janus/eval_results/emoart_janus_itfi_layer21_22_23_top100_lam1p0_resumable/t2i_images/01497.png (attempt 1/3): Connection error.
2026-05-03 15:34:33 [WARNING] API call failed for /root/autodl-tmp/Show-o/janus-pro-1B/Janus/brushstroke_janus/eval_results/emoart_janus_itfi_layer21_22_23_top100_lam1p0_resumable/t2i_images/01497.png (attempt 2/3): Connection error.
2026-05-03 15:34:36 [ERROR] API call failed for /root/autodl-tmp/Show-o/janus-pro-1B/Janus/brushstroke_janus/eval_results/emoart_janus_itfi_layer21_22_23_top100_lam1p0_resumable/t2i_images/01497.png after 3 attempts: Connection error.
2026-05-03 15:34:38 [WARNING] API call failed for /root/autodl-tmp/Show-o/janus-pro-1B/Janus/brushstroke_janus/eval_results/emoart_janus_itfi_layer21_22_23_top100_lam1p0_resumable/t2i_images/01498.png (attempt 1/3): Connection error.
2026-05-03 15:34:40 [WARNING] API call failed for /root/autodl-tmp/Show-o/janus-pro-1B/Janus/brushstroke_janus/eval_results/emoart_janus_itfi_layer21_22_23_top100_lam1p0_resumable/t2i_images/01498.png (attempt 2/3): Connection error.
2026-05-03 15:34:43 [ERROR] API call failed for /root/autodl-tmp/Show-o/janus-pro-1B/Janus/brushstroke_janus/eval_results/emoart_janus_itfi_layer21_22_23_top100_lam1p0_resumable/t2i_images/01498.png after 3 attempts: Connection error.
2026-05-03 15:34:45 [WARNING] API call failed for /root/autodl-tmp/Show-o/janus-pro-1B/Janus/brushstroke_janus/eval_results/emoart_janus_itfi_layer21_22_23_top100_lam1p0_resumable/t2i_images/01499.png (attempt 1/3): Connection error.
2026-05-03 15:34:47 [WARNING] API call failed for /root/autodl-tmp/Show-o/janus-pro-1B/Janus/brushstroke_janus/eval_results/emoart_janus_itfi_layer21_22_23_top100_lam1p0_resumable/t2i_images/01499.png (attempt 2/3): Connection error.
2026-05-03 15:34:50 [ERROR] API call failed for /root/autodl-tmp/Show-o/janus-pro-1B/Janus/brushstroke_janus/eval_results/emoart_janus_itfi_layer21_22_23_top100_lam1p0_resumable/t2i_images/01499.png after 3 attempts: Connection error.
2026-05-03 15:34:52 [WARNING] API call failed for /root/autodl-tmp/Show-o/janus-pro-1B/Janus/brushstroke_janus/eval_results/emoart_janus_itfi_layer21_22_23_top100_lam1p0_resumable/t2i_images/01500.png (attempt 1/3): Connection error.
2026-05-03 15:34:54 [WARNING] API call failed for /root/autodl-tmp/Show-o/janus-pro-1B/Janus/brushstroke_janus/eval_results/emoart_janus_itfi_layer21_22_23_top100_lam1p0_resumable/t2i_images/01500.png (attempt 2/3): Connection error.
2026-05-03 15:34:57 [ERROR] API call failed for /root/autodl-tmp/Show-o/janus-pro-1B/Janus/brushstroke_janus/eval_results/emoart_janus_itfi_layer21_22_23_top100_lam1p0_resumable/t2i_images/01500.png after 3 attempts: Connection error.
2026-05-03 15:34:59 [WARNING] API call failed for /root/autodl-tmp/Show-o/janus-pro-1B/Janus/brushstroke_janus/eval_results/emoart_janus_itfi_layer21_22_23_top100_lam1p0_resumable/t2i_images/01501.png (attempt 1/3): Connection error.
2026-05-03 15:35:01 [WARNING] API call failed for /root/autodl-tmp/Show-o/janus-pro-1B/Janus/brushstroke_janus/eval_results/emoart_janus_itfi_layer21_22_23_top100_lam1p0_resumable/t2i_images/01501.png (attempt 2/3): Connection error.
2026-05-03 15:35:04 [ERROR] API call failed for /root/autodl-tmp/Show-o/janus-pro-1B/Janus/brushstroke_janus/eval_results/emoart_janus_itfi_layer21_22_23_top100_lam1p0_resumable/t2i_images/01501.png after 3 attempts: Connection error.
2026-05-03 15:35:06 [WARNING] API call failed for /root/autodl-tmp/Show-o/janus-pro-1B/Janus/brushstroke_janus/eval_results/emoart_janus_itfi_layer21_22_23_top100_lam1p0_resumable/t2i_images/01502.png (attempt 1/3): Connection error.
2026-05-03 15:35:08 [WARNING] API call failed for /root/autodl-tmp/Show-o/janus-pro-1B/Janus/brushstroke_janus/eval_results/emoart_janus_itfi_layer21_22_23_top100_lam1p0_resumable/t2i_images/01502.png (attempt 2/3): Connection error.
2026-05-03 15:35:10 [ERROR] API call failed for /root/autodl-tmp/Show-o/janus-pro-1B/Janus/brushstroke_janus/eval_results/emoart_janus_itfi_layer21_22_23_top100_lam1p0_resumable/t2i_images/01502.png after 3 attempts: Connection error.
2026-05-03 15:35:13 [WARNING] API call failed for /root/autodl-tmp/Show-o/janus-pro-1B/Janus/brushstroke_janus/eval_results/emoart_janus_itfi_layer21_22_23_top100_lam1p0_resumable/t2i_images/01503.png (attempt 1/3): Connection error.
2026-05-03 15:35:15 [WARNING] API call failed for /root/autodl-tmp/Show-o/janus-pro-1B/Janus/brushstroke_janus/eval_results/emoart_janus_itfi_layer21_22_23_top100_lam1p0_resumable/t2i_images/01503.png (attempt 2/3): Connection error.
2026-05-03 15:35:17 [ERROR] API call failed for /root/autodl-tmp/Show-o/janus-pro-1B/Janus/brushstroke_janus/eval_results/emoart_janus_itfi_layer21_22_23_top100_lam1p0_resumable/t2i_images/01503.png after 3 attempts: Connection error.
2026-05-03 15:35:20 [WARNING] API call failed for /root/autodl-tmp/Show-o/janus-pro-1B/Janus/brushstroke_janus/eval_results/emoart_janus_itfi_layer21_22_23_top100_lam1p0_resumable/t2i_images/01504.png (attempt 1/3): Connection error.
2026-05-03 15:35:22 [WARNING] API call failed for /root/autodl-tmp/Show-o/janus-pro-1B/Janus/brushstroke_janus/eval_results/emoart_janus_itfi_layer21_22_23_top100_lam1p0_resumable/t2i_images/01504.png (attempt 2/3): Connection error.
2026-05-03 15:35:24 [ERROR] API call failed for /root/autodl-tmp/Show-o/janus-pro-1B/Janus/brushstroke_janus/eval_results/emoart_janus_itfi_layer21_22_23_top100_lam1p0_resumable/t2i_images/01504.png after 3 attempts: Connection error.
2026-05-03 15:35:27 [WARNING] API call failed for /root/autodl-tmp/Show-o/janus-pro-1B/Janus/brushstroke_janus/eval_results/emoart_janus_itfi_layer21_22_23_top100_lam1p0_resumable/t2i_images/01505.png (attempt 1/3): Connection error.
2026-05-03 15:35:29 [WARNING] API call failed for /root/autodl-tmp/Show-o/janus-pro-1B/Janus/brushstroke_janus/eval_results/emoart_janus_itfi_layer21_22_23_top100_lam1p0_resumable/t2i_images/01505.png (attempt 2/3): Connection error.
2026-05-03 15:35:31 [ERROR] API call failed for /root/autodl-tmp/Show-o/janus-pro-1B/Janus/brushstroke_janus/eval_results/emoart_janus_itfi_layer21_22_23_top100_lam1p0_resumable/t2i_images/01505.png after 3 attempts: Connection error.
2026-05-03 15:35:34 [WARNING] API call failed for /root/autodl-tmp/Show-o/janus-pro-1B/Janus/brushstroke_janus/eval_results/emoart_janus_itfi_layer21_22_23_top100_lam1p0_resumable/t2i_images/01506.png (attempt 1/3): Connection error.
2026-05-03 15:35:36 [WARNING] API call failed for /root/autodl-tmp/Show-o/janus-pro-1B/Janus/brushstroke_janus/eval_results/emoart_janus_itfi_layer21_22_23_top100_lam1p0_resumable/t2i_images/01506.png (attempt 2/3): Connection error.
2026-05-03 15:35:38 [ERROR] API call failed for /root/autodl-tmp/Show-o/janus-pro-1B/Janus/brushstroke_janus/eval_results/emoart_janus_itfi_layer21_22_23_top100_lam1p0_resumable/t2i_images/01506.png after 3 attempts: Connection error.
2026-05-03 15:35:41 [WARNING] API call failed for /root/autodl-tmp/Show-o/janus-pro-1B/Janus/brushstroke_janus/eval_results/emoart_janus_itfi_layer21_22_23_top100_lam1p0_resumable/t2i_images/01507.png (attempt 1/3): Connection error.
2026-05-03 15:35:43 [WARNING] API call failed for /root/autodl-tmp/Show-o/janus-pro-1B/Janus/brushstroke_janus/eval_results/emoart_janus_itfi_layer21_22_23_top100_lam1p0_resumable/t2i_images/01507.png (attempt 2/3): Connection error.
2026-05-03 15:35:45 [ERROR] API call failed for /root/autodl-tmp/Show-o/janus-pro-1B/Janus/brushstroke_janus/eval_results/emoart_janus_itfi_layer21_22_23_top100_lam1p0_resumable/t2i_images/01507.png after 3 attempts: Connection error.
2026-05-03 15:35:48 [WARNING] API call failed for /root/autodl-tmp/Show-o/janus-pro-1B/Janus/brushstroke_janus/eval_results/emoart_janus_itfi_layer21_22_23_top100_lam1p0_resumable/t2i_images/01508.png (attempt 1/3): Connection error.
2026-05-03 15:35:50 [WARNING] API call failed for /root/autodl-tmp/Show-o/janus-pro-1B/Janus/brushstroke_janus/eval_results/emoart_janus_itfi_layer21_22_23_top100_lam1p0_resumable/t2i_images/01508.png (attempt 2/3): Connection error.
2026-05-03 15:35:52 [ERROR] API call failed for /root/autodl-tmp/Show-o/janus-pro-1B/Janus/brushstroke_janus/eval_results/emoart_janus_itfi_layer21_22_23_top100_lam1p0_resumable/t2i_images/01508.png after 3 attempts: Connection error.
2026-05-03 15:35:55 [WARNING] API call failed for /root/autodl-tmp/Show-o/janus-pro-1B/Janus/brushstroke_janus/eval_results/emoart_janus_itfi_layer21_22_23_top100_lam1p0_resumable/t2i_images/01509.png (attempt 1/3): Connection error.
2026-05-03 15:35:57 [WARNING] API call failed for /root/autodl-tmp/Show-o/janus-pro-1B/Janus/brushstroke_janus/eval_results/emoart_janus_itfi_layer21_22_23_top100_lam1p0_resumable/t2i_images/01509.png (attempt 2/3): Connection error.
2026-05-03 15:35:59 [ERROR] API call failed for /root/autodl-tmp/Show-o/janus-pro-1B/Janus/brushstroke_janus/eval_results/emoart_janus_itfi_layer21_22_23_top100_lam1p0_resumable/t2i_images/01509.png after 3 attempts: Connection error.
2026-05-03 15:36:02 [WARNING] API call failed for /root/autodl-tmp/Show-o/janus-pro-1B/Janus/brushstroke_janus/eval_results/emoart_janus_itfi_layer21_22_23_top100_lam1p0_resumable/t2i_images/01510.png (attempt 1/3): Connection error.
2026-05-03 15:36:04 [WARNING] API call failed for /root/autodl-tmp/Show-o/janus-pro-1B/Janus/brushstroke_janus/eval_results/emoart_janus_itfi_layer21_22_23_top100_lam1p0_resumable/t2i_images/01510.png (attempt 2/3): Connection error.
2026-05-03 15:36:06 [ERROR] API call failed for /root/autodl-tmp/Show-o/janus-pro-1B/Janus/brushstroke_janus/eval_results/emoart_janus_itfi_layer21_22_23_top100_lam1p0_resumable/t2i_images/01510.png after 3 attempts: Connection error.
2026-05-03 15:36:09 [WARNING] API call failed for /root/autodl-tmp/Show-o/janus-pro-1B/Janus/brushstroke_janus/eval_results/emoart_janus_itfi_layer21_22_23_top100_lam1p0_resumable/t2i_images/01511.png (attempt 1/3): Connection error.
2026-05-03 15:36:11 [WARNING] API call failed for /root/autodl-tmp/Show-o/janus-pro-1B/Janus/brushstroke_janus/eval_results/emoart_janus_itfi_layer21_22_23_top100_lam1p0_resumable/t2i_images/01511.png (attempt 2/3): Connection error.
2026-05-03 15:36:14 [ERROR] API call failed for /root/autodl-tmp/Show-o/janus-pro-1B/Janus/brushstroke_janus/eval_results/emoart_janus_itfi_layer21_22_23_top100_lam1p0_resumable/t2i_images/01511.png after 3 attempts: Connection error.
2026-05-03 15:36:16 [WARNING] API call failed for /root/autodl-tmp/Show-o/janus-pro-1B/Janus/brushstroke_janus/eval_results/emoart_janus_itfi_layer21_22_23_top100_lam1p0_resumable/t2i_images/01512.png (attempt 1/3): Connection error.
2026-05-03 15:36:19 [WARNING] API call failed for /root/autodl-tmp/Show-o/janus-pro-1B/Janus/brushstroke_janus/eval_results/emoart_janus_itfi_layer21_22_23_top100_lam1p0_resumable/t2i_images/01512.png (attempt 2/3): Connection error.
2026-05-03 15:36:21 [ERROR] API call failed for /root/autodl-tmp/Show-o/janus-pro-1B/Janus/brushstroke_janus/eval_results/emoart_janus_itfi_layer21_22_23_top100_lam1p0_resumable/t2i_images/01512.png after 3 attempts: Connection error.
2026-05-03 15:36:23 [WARNING] API call failed for /root/autodl-tmp/Show-o/janus-pro-1B/Janus/brushstroke_janus/eval_results/emoart_janus_itfi_layer21_22_23_top100_lam1p0_resumable/t2i_images/01513.png (attempt 1/3): Connection error.
2026-05-03 15:36:26 [WARNING] API call failed for /root/autodl-tmp/Show-o/janus-pro-1B/Janus/brushstroke_janus/eval_results/emoart_janus_itfi_layer21_22_23_top100_lam1p0_resumable/t2i_images/01513.png (attempt 2/3): Connection error.
2026-05-03 15:36:28 [ERROR] API call failed for /root/autodl-tmp/Show-o/janus-pro-1B/Janus/brushstroke_janus/eval_results/emoart_janus_itfi_layer21_22_23_top100_lam1p0_resumable/t2i_images/01513.png after 3 attempts: Connection error.
2026-05-03 15:36:30 [WARNING] API call failed for /root/autodl-tmp/Show-o/janus-pro-1B/Janus/brushstroke_janus/eval_results/emoart_janus_itfi_layer21_22_23_top100_lam1p0_resumable/t2i_images/01514.png (attempt 1/3): Connection error.
2026-05-03 15:36:33 [WARNING] API call failed for /root/autodl-tmp/Show-o/janus-pro-1B/Janus/brushstroke_janus/eval_results/emoart_janus_itfi_layer21_22_23_top100_lam1p0_resumable/t2i_images/01514.png (attempt 2/3): Connection error.
2026-05-03 15:36:35 [ERROR] API call failed for /root/autodl-tmp/Show-o/janus-pro-1B/Janus/brushstroke_janus/eval_results/emoart_janus_itfi_layer21_22_23_top100_lam1p0_resumable/t2i_images/01514.png after 3 attempts: Connection error.
2026-05-03 15:36:37 [WARNING] API call failed for /root/autodl-tmp/Show-o/janus-pro-1B/Janus/brushstroke_janus/eval_results/emoart_janus_itfi_layer21_22_23_top100_lam1p0_resumable/t2i_images/01515.png (attempt 1/3): Connection error.
2026-05-03 15:36:40 [WARNING] API call failed for /root/autodl-tmp/Show-o/janus-pro-1B/Janus/brushstroke_janus/eval_results/emoart_janus_itfi_layer21_22_23_top100_lam1p0_resumable/t2i_images/01515.png (attempt 2/3): Connection error.
2026-05-03 15:36:42 [ERROR] API call failed for /root/autodl-tmp/Show-o/janus-pro-1B/Janus/brushstroke_janus/eval_results/emoart_janus_itfi_layer21_22_23_top100_lam1p0_resumable/t2i_images/01515.png after 3 attempts: Connection error.
2026-05-03 15:36:45 [WARNING] API call failed for /root/autodl-tmp/Show-o/janus-pro-1B/Janus/brushstroke_janus/eval_results/emoart_janus_itfi_layer21_22_23_top100_lam1p0_resumable/t2i_images/01516.png (attempt 1/3): Connection error.
2026-05-03 15:36:47 [WARNING] API call failed for /root/autodl-tmp/Show-o/janus-pro-1B/Janus/brushstroke_janus/eval_results/emoart_janus_itfi_layer21_22_23_top100_lam1p0_resumable/t2i_images/01516.png (attempt 2/3): Connection error.
2026-05-03 15:36:50 [ERROR] API call failed for /root/autodl-tmp/Show-o/janus-pro-1B/Janus/brushstroke_janus/eval_results/emoart_janus_itfi_layer21_22_23_top100_lam1p0_resumable/t2i_images/01516.png after 3 attempts: Connection error.
2026-05-03 15:36:52 [WARNING] API call failed for /root/autodl-tmp/Show-o/janus-pro-1B/Janus/brushstroke_janus/eval_results/emoart_janus_itfi_layer21_22_23_top100_lam1p0_resumable/t2i_images/01517.png (attempt 1/3): Connection error.
2026-05-03 15:36:54 [WARNING] API call failed for /root/autodl-tmp/Show-o/janus-pro-1B/Janus/brushstroke_janus/eval_results/emoart_janus_itfi_layer21_22_23_top100_lam1p0_resumable/t2i_images/01517.png (attempt 2/3): Connection error.
2026-05-03 15:36:56 [ERROR] API call failed for /root/autodl-tmp/Show-o/janus-pro-1B/Janus/brushstroke_janus/eval_results/emoart_janus_itfi_layer21_22_23_top100_lam1p0_resumable/t2i_images/01517.png after 3 attempts: Connection error.
2026-05-03 15:36:59 [WARNING] API call failed for /root/autodl-tmp/Show-o/janus-pro-1B/Janus/brushstroke_janus/eval_results/emoart_janus_itfi_layer21_22_23_top100_lam1p0_resumable/t2i_images/01518.png (attempt 1/3): Connection error.
2026-05-03 15:37:01 [WARNING] API call failed for /root/autodl-tmp/Show-o/janus-pro-1B/Janus/brushstroke_janus/eval_results/emoart_janus_itfi_layer21_22_23_top100_lam1p0_resumable/t2i_images/01518.png (attempt 2/3): Connection error.
2026-05-03 15:37:03 [ERROR] API call failed for /root/autodl-tmp/Show-o/janus-pro-1B/Janus/brushstroke_janus/eval_results/emoart_janus_itfi_layer21_22_23_top100_lam1p0_resumable/t2i_images/01518.png after 3 attempts: Connection error.
2026-05-03 15:37:06 [WARNING] API call failed for /root/autodl-tmp/Show-o/janus-pro-1B/Janus/brushstroke_janus/eval_results/emoart_janus_itfi_layer21_22_23_top100_lam1p0_resumable/t2i_images/01519.png (attempt 1/3): Connection error.
2026-05-03 15:37:08 [WARNING] API call failed for /root/autodl-tmp/Show-o/janus-pro-1B/Janus/brushstroke_janus/eval_results/emoart_janus_itfi_layer21_22_23_top100_lam1p0_resumable/t2i_images/01519.png (attempt 2/3): Connection error.
2026-05-03 15:37:10 [ERROR] API call failed for /root/autodl-tmp/Show-o/janus-pro-1B/Janus/brushstroke_janus/eval_results/emoart_janus_itfi_layer21_22_23_top100_lam1p0_resumable/t2i_images/01519.png after 3 attempts: Connection error.
2026-05-03 15:37:13 [WARNING] API call failed for /root/autodl-tmp/Show-o/janus-pro-1B/Janus/brushstroke_janus/eval_results/emoart_janus_itfi_layer21_22_23_top100_lam1p0_resumable/t2i_images/01520.png (attempt 1/3): Connection error.
2026-05-03 15:37:15 [WARNING] API call failed for /root/autodl-tmp/Show-o/janus-pro-1B/Janus/brushstroke_janus/eval_results/emoart_janus_itfi_layer21_22_23_top100_lam1p0_resumable/t2i_images/01520.png (attempt 2/3): Connection error.
2026-05-03 15:37:17 [ERROR] API call failed for /root/autodl-tmp/Show-o/janus-pro-1B/Janus/brushstroke_janus/eval_results/emoart_janus_itfi_layer21_22_23_top100_lam1p0_resumable/t2i_images/01520.png after 3 attempts: Connection error.
2026-05-03 15:37:20 [WARNING] API call failed for /root/autodl-tmp/Show-o/janus-pro-1B/Janus/brushstroke_janus/eval_results/emoart_janus_itfi_layer21_22_23_top100_lam1p0_resumable/t2i_images/01521.png (attempt 1/3): Connection error.
2026-05-03 15:37:22 [WARNING] API call failed for /root/autodl-tmp/Show-o/janus-pro-1B/Janus/brushstroke_janus/eval_results/emoart_janus_itfi_layer21_22_23_top100_lam1p0_resumable/t2i_images/01521.png (attempt 2/3): Connection error.
2026-05-03 15:37:24 [ERROR] API call failed for /root/autodl-tmp/Show-o/janus-pro-1B/Janus/brushstroke_janus/eval_results/emoart_janus_itfi_layer21_22_23_top100_lam1p0_resumable/t2i_images/01521.png after 3 attempts: Connection error.
2026-05-03 15:37:27 [WARNING] API call failed for /root/autodl-tmp/Show-o/janus-pro-1B/Janus/brushstroke_janus/eval_results/emoart_janus_itfi_layer21_22_23_top100_lam1p0_resumable/t2i_images/01522.png (attempt 1/3): Connection error.
2026-05-03 15:37:29 [WARNING] API call failed for /root/autodl-tmp/Show-o/janus-pro-1B/Janus/brushstroke_janus/eval_results/emoart_janus_itfi_layer21_22_23_top100_lam1p0_resumable/t2i_images/01522.png (attempt 2/3): Connection error.
2026-05-03 15:37:31 [ERROR] API call failed for /root/autodl-tmp/Show-o/janus-pro-1B/Janus/brushstroke_janus/eval_results/emoart_janus_itfi_layer21_22_23_top100_lam1p0_resumable/t2i_images/01522.png after 3 attempts: Connection error.
2026-05-03 15:37:34 [WARNING] API call failed for /root/autodl-tmp/Show-o/janus-pro-1B/Janus/brushstroke_janus/eval_results/emoart_janus_itfi_layer21_22_23_top100_lam1p0_resumable/t2i_images/01523.png (attempt 1/3): Connection error.
2026-05-03 15:37:36 [WARNING] API call failed for /root/autodl-tmp/Show-o/janus-pro-1B/Janus/brushstroke_janus/eval_results/emoart_janus_itfi_layer21_22_23_top100_lam1p0_resumable/t2i_images/01523.png (attempt 2/3): Connection error.
2026-05-03 15:37:38 [ERROR] API call failed for /root/autodl-tmp/Show-o/janus-pro-1B/Janus/brushstroke_janus/eval_results/emoart_janus_itfi_layer21_22_23_top100_lam1p0_resumable/t2i_images/01523.png after 3 attempts: Connection error.
2026-05-03 15:37:40 [WARNING] API call failed for /root/autodl-tmp/Show-o/janus-pro-1B/Janus/brushstroke_janus/eval_results/emoart_janus_itfi_layer21_22_23_top100_lam1p0_resumable/t2i_images/01524.png (attempt 1/3): Connection error.
2026-05-03 15:37:43 [WARNING] API call failed for /root/autodl-tmp/Show-o/janus-pro-1B/Janus/brushstroke_janus/eval_results/emoart_janus_itfi_layer21_22_23_top100_lam1p0_resumable/t2i_images/01524.png (attempt 2/3): Connection error.
2026-05-03 15:37:45 [ERROR] API call failed for /root/autodl-tmp/Show-o/janus-pro-1B/Janus/brushstroke_janus/eval_results/emoart_janus_itfi_layer21_22_23_top100_lam1p0_resumable/t2i_images/01524.png after 3 attempts: Connection error.
2026-05-03 15:37:48 [WARNING] API call failed for /root/autodl-tmp/Show-o/janus-pro-1B/Janus/brushstroke_janus/eval_results/emoart_janus_itfi_layer21_22_23_top100_lam1p0_resumable/t2i_images/01525.png (attempt 1/3): Connection error.
2026-05-03 15:37:50 [WARNING] API call failed for /root/autodl-tmp/Show-o/janus-pro-1B/Janus/brushstroke_janus/eval_results/emoart_janus_itfi_layer21_22_23_top100_lam1p0_resumable/t2i_images/01525.png (attempt 2/3): Connection error.
2026-05-03 15:37:52 [ERROR] API call failed for /root/autodl-tmp/Show-o/janus-pro-1B/Janus/brushstroke_janus/eval_results/emoart_janus_itfi_layer21_22_23_top100_lam1p0_resumable/t2i_images/01525.png after 3 attempts: Connection error.
2026-05-03 15:37:54 [WARNING] API call failed for /root/autodl-tmp/Show-o/janus-pro-1B/Janus/brushstroke_janus/eval_results/emoart_janus_itfi_layer21_22_23_top100_lam1p0_resumable/t2i_images/01526.png (attempt 1/3): Connection error.
2026-05-03 15:37:57 [WARNING] API call failed for /root/autodl-tmp/Show-o/janus-pro-1B/Janus/brushstroke_janus/eval_results/emoart_janus_itfi_layer21_22_23_top100_lam1p0_resumable/t2i_images/01526.png (attempt 2/3): Connection error.
2026-05-03 15:37:59 [ERROR] API call failed for /root/autodl-tmp/Show-o/janus-pro-1B/Janus/brushstroke_janus/eval_results/emoart_janus_itfi_layer21_22_23_top100_lam1p0_resumable/t2i_images/01526.png after 3 attempts: Connection error.
2026-05-03 15:38:01 [WARNING] API call failed for /root/autodl-tmp/Show-o/janus-pro-1B/Janus/brushstroke_janus/eval_results/emoart_janus_itfi_layer21_22_23_top100_lam1p0_resumable/t2i_images/01527.png (attempt 1/3): Connection error.
2026-05-03 15:38:04 [WARNING] API call failed for /root/autodl-tmp/Show-o/janus-pro-1B/Janus/brushstroke_janus/eval_results/emoart_janus_itfi_layer21_22_23_top100_lam1p0_resumable/t2i_images/01527.png (attempt 2/3): Connection error.
2026-05-03 15:38:06 [ERROR] API call failed for /root/autodl-tmp/Show-o/janus-pro-1B/Janus/brushstroke_janus/eval_results/emoart_janus_itfi_layer21_22_23_top100_lam1p0_resumable/t2i_images/01527.png after 3 attempts: Connection error.
2026-05-03 15:38:09 [WARNING] API call failed for /root/autodl-tmp/Show-o/janus-pro-1B/Janus/brushstroke_janus/eval_results/emoart_janus_itfi_layer21_22_23_top100_lam1p0_resumable/t2i_images/01528.png (attempt 1/3): Connection error.
2026-05-03 15:38:11 [WARNING] API call failed for /root/autodl-tmp/Show-o/janus-pro-1B/Janus/brushstroke_janus/eval_results/emoart_janus_itfi_layer21_22_23_top100_lam1p0_resumable/t2i_images/01528.png (attempt 2/3): Connection error.
2026-05-03 15:38:13 [ERROR] API call failed for /root/autodl-tmp/Show-o/janus-pro-1B/Janus/brushstroke_janus/eval_results/emoart_janus_itfi_layer21_22_23_top100_lam1p0_resumable/t2i_images/01528.png after 3 attempts: Connection error.
2026-05-03 15:38:16 [WARNING] API call failed for /root/autodl-tmp/Show-o/janus-pro-1B/Janus/brushstroke_janus/eval_results/emoart_janus_itfi_layer21_22_23_top100_lam1p0_resumable/t2i_images/01529.png (attempt 1/3): Connection error.
2026-05-03 15:38:18 [WARNING] API call failed for /root/autodl-tmp/Show-o/janus-pro-1B/Janus/brushstroke_janus/eval_results/emoart_janus_itfi_layer21_22_23_top100_lam1p0_resumable/t2i_images/01529.png (attempt 2/3): Connection error.
2026-05-03 15:38:20 [ERROR] API call failed for /root/autodl-tmp/Show-o/janus-pro-1B/Janus/brushstroke_janus/eval_results/emoart_janus_itfi_layer21_22_23_top100_lam1p0_resumable/t2i_images/01529.png after 3 attempts: Connection error.
2026-05-03 15:38:23 [WARNING] API call failed for /root/autodl-tmp/Show-o/janus-pro-1B/Janus/brushstroke_janus/eval_results/emoart_janus_itfi_layer21_22_23_top100_lam1p0_resumable/t2i_images/01530.png (attempt 1/3): Connection error.
2026-05-03 15:38:25 [WARNING] API call failed for /root/autodl-tmp/Show-o/janus-pro-1B/Janus/brushstroke_janus/eval_results/emoart_janus_itfi_layer21_22_23_top100_lam1p0_resumable/t2i_images/01530.png (attempt 2/3): Connection error.
2026-05-03 15:38:27 [ERROR] API call failed for /root/autodl-tmp/Show-o/janus-pro-1B/Janus/brushstroke_janus/eval_results/emoart_janus_itfi_layer21_22_23_top100_lam1p0_resumable/t2i_images/01530.png after 3 attempts: Connection error.
2026-05-03 15:38:30 [WARNING] API call failed for /root/autodl-tmp/Show-o/janus-pro-1B/Janus/brushstroke_janus/eval_results/emoart_janus_itfi_layer21_22_23_top100_lam1p0_resumable/t2i_images/01531.png (attempt 1/3): Connection error.
2026-05-03 15:38:32 [WARNING] API call failed for /root/autodl-tmp/Show-o/janus-pro-1B/Janus/brushstroke_janus/eval_results/emoart_janus_itfi_layer21_22_23_top100_lam1p0_resumable/t2i_images/01531.png (attempt 2/3): Connection error.
2026-05-03 15:38:34 [ERROR] API call failed for /root/autodl-tmp/Show-o/janus-pro-1B/Janus/brushstroke_janus/eval_results/emoart_janus_itfi_layer21_22_23_top100_lam1p0_resumable/t2i_images/01531.png after 3 attempts: Connection error.
2026-05-03 15:38:37 [WARNING] API call failed for /root/autodl-tmp/Show-o/janus-pro-1B/Janus/brushstroke_janus/eval_results/emoart_janus_itfi_layer21_22_23_top100_lam1p0_resumable/t2i_images/01532.png (attempt 1/3): Connection error.
2026-05-03 15:38:39 [WARNING] API call failed for /root/autodl-tmp/Show-o/janus-pro-1B/Janus/brushstroke_janus/eval_results/emoart_janus_itfi_layer21_22_23_top100_lam1p0_resumable/t2i_images/01532.png (attempt 2/3): Connection error.
2026-05-03 15:38:41 [ERROR] API call failed for /root/autodl-tmp/Show-o/janus-pro-1B/Janus/brushstroke_janus/eval_results/emoart_janus_itfi_layer21_22_23_top100_lam1p0_resumable/t2i_images/01532.png after 3 attempts: Connection error.
2026-05-03 15:38:44 [WARNING] API call failed for /root/autodl-tmp/Show-o/janus-pro-1B/Janus/brushstroke_janus/eval_results/emoart_janus_itfi_layer21_22_23_top100_lam1p0_resumable/t2i_images/01533.png (attempt 1/3): Connection error.
2026-05-03 15:38:46 [WARNING] API call failed for /root/autodl-tmp/Show-o/janus-pro-1B/Janus/brushstroke_janus/eval_results/emoart_janus_itfi_layer21_22_23_top100_lam1p0_resumable/t2i_images/01533.png (attempt 2/3): Connection error.
2026-05-03 15:38:48 [ERROR] API call failed for /root/autodl-tmp/Show-o/janus-pro-1B/Janus/brushstroke_janus/eval_results/emoart_janus_itfi_layer21_22_23_top100_lam1p0_resumable/t2i_images/01533.png after 3 attempts: Connection error.
2026-05-03 15:38:51 [WARNING] API call failed for /root/autodl-tmp/Show-o/janus-pro-1B/Janus/brushstroke_janus/eval_results/emoart_janus_itfi_layer21_22_23_top100_lam1p0_resumable/t2i_images/01534.png (attempt 1/3): Connection error.
2026-05-03 15:38:53 [WARNING] API call failed for /root/autodl-tmp/Show-o/janus-pro-1B/Janus/brushstroke_janus/eval_results/emoart_janus_itfi_layer21_22_23_top100_lam1p0_resumable/t2i_images/01534.png (attempt 2/3): Connection error.
2026-05-03 15:38:55 [ERROR] API call failed for /root/autodl-tmp/Show-o/janus-pro-1B/Janus/brushstroke_janus/eval_results/emoart_janus_itfi_layer21_22_23_top100_lam1p0_resumable/t2i_images/01534.png after 3 attempts: Connection error.
2026-05-03 15:38:58 [WARNING] API call failed for /root/autodl-tmp/Show-o/janus-pro-1B/Janus/brushstroke_janus/eval_results/emoart_janus_itfi_layer21_22_23_top100_lam1p0_resumable/t2i_images/01535.png (attempt 1/3): Connection error.
2026-05-03 15:39:00 [WARNING] API call failed for /root/autodl-tmp/Show-o/janus-pro-1B/Janus/brushstroke_janus/eval_results/emoart_janus_itfi_layer21_22_23_top100_lam1p0_resumable/t2i_images/01535.png (attempt 2/3): Connection error.
2026-05-03 15:39:02 [ERROR] API call failed for /root/autodl-tmp/Show-o/janus-pro-1B/Janus/brushstroke_janus/eval_results/emoart_janus_itfi_layer21_22_23_top100_lam1p0_resumable/t2i_images/01535.png after 3 attempts: Connection error.
2026-05-03 15:39:05 [WARNING] API call failed for /root/autodl-tmp/Show-o/janus-pro-1B/Janus/brushstroke_janus/eval_results/emoart_janus_itfi_layer21_22_23_top100_lam1p0_resumable/t2i_images/01536.png (attempt 1/3): Connection error.
2026-05-03 15:39:07 [WARNING] API call failed for /root/autodl-tmp/Show-o/janus-pro-1B/Janus/brushstroke_janus/eval_results/emoart_janus_itfi_layer21_22_23_top100_lam1p0_resumable/t2i_images/01536.png (attempt 2/3): Connection error.
2026-05-03 15:39:09 [ERROR] API call failed for /root/autodl-tmp/Show-o/janus-pro-1B/Janus/brushstroke_janus/eval_results/emoart_janus_itfi_layer21_22_23_top100_lam1p0_resumable/t2i_images/01536.png after 3 attempts: Connection error.
2026-05-03 15:39:12 [WARNING] API call failed for /root/autodl-tmp/Show-o/janus-pro-1B/Janus/brushstroke_janus/eval_results/emoart_janus_itfi_layer21_22_23_top100_lam1p0_resumable/t2i_images/01537.png (attempt 1/3): Connection error.
2026-05-03 15:39:14 [WARNING] API call failed for /root/autodl-tmp/Show-o/janus-pro-1B/Janus/brushstroke_janus/eval_results/emoart_janus_itfi_layer21_22_23_top100_lam1p0_resumable/t2i_images/01537.png (attempt 2/3): Connection error.
2026-05-03 15:39:16 [ERROR] API call failed for /root/autodl-tmp/Show-o/janus-pro-1B/Janus/brushstroke_janus/eval_results/emoart_janus_itfi_layer21_22_23_top100_lam1p0_resumable/t2i_images/01537.png after 3 attempts: Connection error.
2026-05-03 15:39:19 [WARNING] API call failed for /root/autodl-tmp/Show-o/janus-pro-1B/Janus/brushstroke_janus/eval_results/emoart_janus_itfi_layer21_22_23_top100_lam1p0_resumable/t2i_images/01538.png (attempt 1/3): Connection error.
2026-05-03 15:39:21 [WARNING] API call failed for /root/autodl-tmp/Show-o/janus-pro-1B/Janus/brushstroke_janus/eval_results/emoart_janus_itfi_layer21_22_23_top100_lam1p0_resumable/t2i_images/01538.png (attempt 2/3): Connection error.
2026-05-03 15:39:23 [ERROR] API call failed for /root/autodl-tmp/Show-o/janus-pro-1B/Janus/brushstroke_janus/eval_results/emoart_janus_itfi_layer21_22_23_top100_lam1p0_resumable/t2i_images/01538.png after 3 attempts: Connection error.
2026-05-03 15:39:26 [WARNING] API call failed for /root/autodl-tmp/Show-o/janus-pro-1B/Janus/brushstroke_janus/eval_results/emoart_janus_itfi_layer21_22_23_top100_lam1p0_resumable/t2i_images/01539.png (attempt 1/3): Connection error.
2026-05-03 15:39:28 [WARNING] API call failed for /root/autodl-tmp/Show-o/janus-pro-1B/Janus/brushstroke_janus/eval_results/emoart_janus_itfi_layer21_22_23_top100_lam1p0_resumable/t2i_images/01539.png (attempt 2/3): Connection error.
2026-05-03 15:39:30 [ERROR] API call failed for /root/autodl-tmp/Show-o/janus-pro-1B/Janus/brushstroke_janus/eval_results/emoart_janus_itfi_layer21_22_23_top100_lam1p0_resumable/t2i_images/01539.png after 3 attempts: Connection error.
2026-05-03 15:39:33 [WARNING] API call failed for /root/autodl-tmp/Show-o/janus-pro-1B/Janus/brushstroke_janus/eval_results/emoart_janus_itfi_layer21_22_23_top100_lam1p0_resumable/t2i_images/01540.png (attempt 1/3): Connection error.
2026-05-03 15:39:35 [WARNING] API call failed for /root/autodl-tmp/Show-o/janus-pro-1B/Janus/brushstroke_janus/eval_results/emoart_janus_itfi_layer21_22_23_top100_lam1p0_resumable/t2i_images/01540.png (attempt 2/3): Connection error.
2026-05-03 15:39:37 [ERROR] API call failed for /root/autodl-tmp/Show-o/janus-pro-1B/Janus/brushstroke_janus/eval_results/emoart_janus_itfi_layer21_22_23_top100_lam1p0_resumable/t2i_images/01540.png after 3 attempts: Connection error.
2026-05-03 15:39:40 [WARNING] API call failed for /root/autodl-tmp/Show-o/janus-pro-1B/Janus/brushstroke_janus/eval_results/emoart_janus_itfi_layer21_22_23_top100_lam1p0_resumable/t2i_images/01541.png (attempt 1/3): Connection error.
2026-05-03 15:39:42 [WARNING] API call failed for /root/autodl-tmp/Show-o/janus-pro-1B/Janus/brushstroke_janus/eval_results/emoart_janus_itfi_layer21_22_23_top100_lam1p0_resumable/t2i_images/01541.png (attempt 2/3): Connection error.
2026-05-03 15:39:44 [ERROR] API call failed for /root/autodl-tmp/Show-o/janus-pro-1B/Janus/brushstroke_janus/eval_results/emoart_janus_itfi_layer21_22_23_top100_lam1p0_resumable/t2i_images/01541.png after 3 attempts: Connection error.
2026-05-03 15:39:47 [WARNING] API call failed for /root/autodl-tmp/Show-o/janus-pro-1B/Janus/brushstroke_janus/eval_results/emoart_janus_itfi_layer21_22_23_top100_lam1p0_resumable/t2i_images/01542.png (attempt 1/3): Connection error.
2026-05-03 15:39:49 [WARNING] API call failed for /root/autodl-tmp/Show-o/janus-pro-1B/Janus/brushstroke_janus/eval_results/emoart_janus_itfi_layer21_22_23_top100_lam1p0_resumable/t2i_images/01542.png (attempt 2/3): Connection error.
2026-05-03 15:39:51 [ERROR] API call failed for /root/autodl-tmp/Show-o/janus-pro-1B/Janus/brushstroke_janus/eval_results/emoart_janus_itfi_layer21_22_23_top100_lam1p0_resumable/t2i_images/01542.png after 3 attempts: Connection error.
2026-05-03 15:39:54 [WARNING] API call failed for /root/autodl-tmp/Show-o/janus-pro-1B/Janus/brushstroke_janus/eval_results/emoart_janus_itfi_layer21_22_23_top100_lam1p0_resumable/t2i_images/01543.png (attempt 1/3): Connection error.
2026-05-03 15:39:56 [WARNING] API call failed for /root/autodl-tmp/Show-o/janus-pro-1B/Janus/brushstroke_janus/eval_results/emoart_janus_itfi_layer21_22_23_top100_lam1p0_resumable/t2i_images/01543.png (attempt 2/3): Connection error.
2026-05-03 15:39:58 [ERROR] API call failed for /root/autodl-tmp/Show-o/janus-pro-1B/Janus/brushstroke_janus/eval_results/emoart_janus_itfi_layer21_22_23_top100_lam1p0_resumable/t2i_images/01543.png after 3 attempts: Connection error.
2026-05-03 15:40:01 [WARNING] API call failed for /root/autodl-tmp/Show-o/janus-pro-1B/Janus/brushstroke_janus/eval_results/emoart_janus_itfi_layer21_22_23_top100_lam1p0_resumable/t2i_images/01544.png (attempt 1/3): Connection error.
2026-05-03 15:40:03 [WARNING] API call failed for /root/autodl-tmp/Show-o/janus-pro-1B/Janus/brushstroke_janus/eval_results/emoart_janus_itfi_layer21_22_23_top100_lam1p0_resumable/t2i_images/01544.png (attempt 2/3): Connection error.
2026-05-03 15:40:05 [ERROR] API call failed for /root/autodl-tmp/Show-o/janus-pro-1B/Janus/brushstroke_janus/eval_results/emoart_janus_itfi_layer21_22_23_top100_lam1p0_resumable/t2i_images/01544.png after 3 attempts: Connection error.
2026-05-03 15:40:08 [WARNING] API call failed for /root/autodl-tmp/Show-o/janus-pro-1B/Janus/brushstroke_janus/eval_results/emoart_janus_itfi_layer21_22_23_top100_lam1p0_resumable/t2i_images/01545.png (attempt 1/3): Connection error.
2026-05-03 15:40:10 [WARNING] API call failed for /root/autodl-tmp/Show-o/janus-pro-1B/Janus/brushstroke_janus/eval_results/emoart_janus_itfi_layer21_22_23_top100_lam1p0_resumable/t2i_images/01545.png (attempt 2/3): Connection error.
2026-05-03 15:40:12 [ERROR] API call failed for /root/autodl-tmp/Show-o/janus-pro-1B/Janus/brushstroke_janus/eval_results/emoart_janus_itfi_layer21_22_23_top100_lam1p0_resumable/t2i_images/01545.png after 3 attempts: Connection error.
2026-05-03 15:40:15 [WARNING] API call failed for /root/autodl-tmp/Show-o/janus-pro-1B/Janus/brushstroke_janus/eval_results/emoart_janus_itfi_layer21_22_23_top100_lam1p0_resumable/t2i_images/01546.png (attempt 1/3): Connection error.
2026-05-03 15:40:17 [WARNING] API call failed for /root/autodl-tmp/Show-o/janus-pro-1B/Janus/brushstroke_janus/eval_results/emoart_janus_itfi_layer21_22_23_top100_lam1p0_resumable/t2i_images/01546.png (attempt 2/3): Connection error.
2026-05-03 15:40:19 [ERROR] API call failed for /root/autodl-tmp/Show-o/janus-pro-1B/Janus/brushstroke_janus/eval_results/emoart_janus_itfi_layer21_22_23_top100_lam1p0_resumable/t2i_images/01546.png after 3 attempts: Connection error.
2026-05-03 15:40:22 [WARNING] API call failed for /root/autodl-tmp/Show-o/janus-pro-1B/Janus/brushstroke_janus/eval_results/emoart_janus_itfi_layer21_22_23_top100_lam1p0_resumable/t2i_images/01547.png (attempt 1/3): Connection error.
2026-05-03 15:40:24 [WARNING] API call failed for /root/autodl-tmp/Show-o/janus-pro-1B/Janus/brushstroke_janus/eval_results/emoart_janus_itfi_layer21_22_23_top100_lam1p0_resumable/t2i_images/01547.png (attempt 2/3): Connection error.
2026-05-03 15:40:27 [ERROR] API call failed for /root/autodl-tmp/Show-o/janus-pro-1B/Janus/brushstroke_janus/eval_results/emoart_janus_itfi_layer21_22_23_top100_lam1p0_resumable/t2i_images/01547.png after 3 attempts: Connection error.
2026-05-03 15:40:29 [WARNING] API call failed for /root/autodl-tmp/Show-o/janus-pro-1B/Janus/brushstroke_janus/eval_results/emoart_janus_itfi_layer21_22_23_top100_lam1p0_resumable/t2i_images/01548.png (attempt 1/3): Connection error.
2026-05-03 15:40:31 [WARNING] API call failed for /root/autodl-tmp/Show-o/janus-pro-1B/Janus/brushstroke_janus/eval_results/emoart_janus_itfi_layer21_22_23_top100_lam1p0_resumable/t2i_images/01548.png (attempt 2/3): Connection error.
2026-05-03 15:40:34 [ERROR] API call failed for /root/autodl-tmp/Show-o/janus-pro-1B/Janus/brushstroke_janus/eval_results/emoart_janus_itfi_layer21_22_23_top100_lam1p0_resumable/t2i_images/01548.png after 3 attempts: Connection error.
2026-05-03 15:40:36 [WARNING] API call failed for /root/autodl-tmp/Show-o/janus-pro-1B/Janus/brushstroke_janus/eval_results/emoart_janus_itfi_layer21_22_23_top100_lam1p0_resumable/t2i_images/01549.png (attempt 1/3): Connection error.
2026-05-03 15:40:38 [WARNING] API call failed for /root/autodl-tmp/Show-o/janus-pro-1B/Janus/brushstroke_janus/eval_results/emoart_janus_itfi_layer21_22_23_top100_lam1p0_resumable/t2i_images/01549.png (attempt 2/3): Connection error.
2026-05-03 15:40:41 [ERROR] API call failed for /root/autodl-tmp/Show-o/janus-pro-1B/Janus/brushstroke_janus/eval_results/emoart_janus_itfi_layer21_22_23_top100_lam1p0_resumable/t2i_images/01549.png after 3 attempts: Connection error.
2026-05-03 15:40:43 [WARNING] API call failed for /root/autodl-tmp/Show-o/janus-pro-1B/Janus/brushstroke_janus/eval_results/emoart_janus_itfi_layer21_22_23_top100_lam1p0_resumable/t2i_images/01550.png (attempt 1/3): Connection error.
2026-05-03 15:40:45 [WARNING] API call failed for /root/autodl-tmp/Show-o/janus-pro-1B/Janus/brushstroke_janus/eval_results/emoart_janus_itfi_layer21_22_23_top100_lam1p0_resumable/t2i_images/01550.png (attempt 2/3): Connection error.
2026-05-03 15:40:48 [ERROR] API call failed for /root/autodl-tmp/Show-o/janus-pro-1B/Janus/brushstroke_janus/eval_results/emoart_janus_itfi_layer21_22_23_top100_lam1p0_resumable/t2i_images/01550.png after 3 attempts: Connection error.
2026-05-03 15:40:50 [WARNING] API call failed for /root/autodl-tmp/Show-o/janus-pro-1B/Janus/brushstroke_janus/eval_results/emoart_janus_itfi_layer21_22_23_top100_lam1p0_resumable/t2i_images/01551.png (attempt 1/3): Connection error.
2026-05-03 15:40:53 [WARNING] API call failed for /root/autodl-tmp/Show-o/janus-pro-1B/Janus/brushstroke_janus/eval_results/emoart_janus_itfi_layer21_22_23_top100_lam1p0_resumable/t2i_images/01551.png (attempt 2/3): Connection error.
2026-05-03 15:40:55 [ERROR] API call failed for /root/autodl-tmp/Show-o/janus-pro-1B/Janus/brushstroke_janus/eval_results/emoart_janus_itfi_layer21_22_23_top100_lam1p0_resumable/t2i_images/01551.png after 3 attempts: Connection error.
2026-05-03 15:40:57 [WARNING] API call failed for /root/autodl-tmp/Show-o/janus-pro-1B/Janus/brushstroke_janus/eval_results/emoart_janus_itfi_layer21_22_23_top100_lam1p0_resumable/t2i_images/01552.png (attempt 1/3): Connection error.
2026-05-03 15:41:00 [WARNING] API call failed for /root/autodl-tmp/Show-o/janus-pro-1B/Janus/brushstroke_janus/eval_results/emoart_janus_itfi_layer21_22_23_top100_lam1p0_resumable/t2i_images/01552.png (attempt 2/3): Connection error.
2026-05-03 15:41:02 [ERROR] API call failed for /root/autodl-tmp/Show-o/janus-pro-1B/Janus/brushstroke_janus/eval_results/emoart_janus_itfi_layer21_22_23_top100_lam1p0_resumable/t2i_images/01552.png after 3 attempts: Connection error.
2026-05-03 15:41:04 [WARNING] API call failed for /root/autodl-tmp/Show-o/janus-pro-1B/Janus/brushstroke_janus/eval_results/emoart_janus_itfi_layer21_22_23_top100_lam1p0_resumable/t2i_images/01553.png (attempt 1/3): Connection error.
2026-05-03 15:41:07 [WARNING] API call failed for /root/autodl-tmp/Show-o/janus-pro-1B/Janus/brushstroke_janus/eval_results/emoart_janus_itfi_layer21_22_23_top100_lam1p0_resumable/t2i_images/01553.png (attempt 2/3): Connection error.
2026-05-03 15:41:09 [ERROR] API call failed for /root/autodl-tmp/Show-o/janus-pro-1B/Janus/brushstroke_janus/eval_results/emoart_janus_itfi_layer21_22_23_top100_lam1p0_resumable/t2i_images/01553.png after 3 attempts: Connection error.
2026-05-03 15:41:11 [WARNING] API call failed for /root/autodl-tmp/Show-o/janus-pro-1B/Janus/brushstroke_janus/eval_results/emoart_janus_itfi_layer21_22_23_top100_lam1p0_resumable/t2i_images/01554.png (attempt 1/3): Connection error.
2026-05-03 15:41:13 [WARNING] API call failed for /root/autodl-tmp/Show-o/janus-pro-1B/Janus/brushstroke_janus/eval_results/emoart_janus_itfi_layer21_22_23_top100_lam1p0_resumable/t2i_images/01554.png (attempt 2/3): Connection error.
2026-05-03 15:41:16 [ERROR] API call failed for /root/autodl-tmp/Show-o/janus-pro-1B/Janus/brushstroke_janus/eval_results/emoart_janus_itfi_layer21_22_23_top100_lam1p0_resumable/t2i_images/01554.png after 3 attempts: Connection error.
2026-05-03 15:41:18 [WARNING] API call failed for /root/autodl-tmp/Show-o/janus-pro-1B/Janus/brushstroke_janus/eval_results/emoart_janus_itfi_layer21_22_23_top100_lam1p0_resumable/t2i_images/01555.png (attempt 1/3): Connection error.
2026-05-03 15:41:21 [WARNING] API call failed for /root/autodl-tmp/Show-o/janus-pro-1B/Janus/brushstroke_janus/eval_results/emoart_janus_itfi_layer21_22_23_top100_lam1p0_resumable/t2i_images/01555.png (attempt 2/3): Connection error.
2026-05-03 15:41:23 [ERROR] API call failed for /root/autodl-tmp/Show-o/janus-pro-1B/Janus/brushstroke_janus/eval_results/emoart_janus_itfi_layer21_22_23_top100_lam1p0_resumable/t2i_images/01555.png after 3 attempts: Connection error.
2026-05-03 15:41:26 [WARNING] API call failed for /root/autodl-tmp/Show-o/janus-pro-1B/Janus/brushstroke_janus/eval_results/emoart_janus_itfi_layer21_22_23_top100_lam1p0_resumable/t2i_images/01556.png (attempt 1/3): Connection error.
2026-05-03 15:41:28 [WARNING] API call failed for /root/autodl-tmp/Show-o/janus-pro-1B/Janus/brushstroke_janus/eval_results/emoart_janus_itfi_layer21_22_23_top100_lam1p0_resumable/t2i_images/01556.png (attempt 2/3): Connection error.
2026-05-03 15:41:30 [ERROR] API call failed for /root/autodl-tmp/Show-o/janus-pro-1B/Janus/brushstroke_janus/eval_results/emoart_janus_itfi_layer21_22_23_top100_lam1p0_resumable/t2i_images/01556.png after 3 attempts: Connection error.
2026-05-03 15:41:32 [WARNING] API call failed for /root/autodl-tmp/Show-o/janus-pro-1B/Janus/brushstroke_janus/eval_results/emoart_janus_itfi_layer21_22_23_top100_lam1p0_resumable/t2i_images/01557.png (attempt 1/3): Connection error.
2026-05-03 15:41:35 [WARNING] API call failed for /root/autodl-tmp/Show-o/janus-pro-1B/Janus/brushstroke_janus/eval_results/emoart_janus_itfi_layer21_22_23_top100_lam1p0_resumable/t2i_images/01557.png (attempt 2/3): Connection error.
2026-05-03 15:41:37 [ERROR] API call failed for /root/autodl-tmp/Show-o/janus-pro-1B/Janus/brushstroke_janus/eval_results/emoart_janus_itfi_layer21_22_23_top100_lam1p0_resumable/t2i_images/01557.png after 3 attempts: Connection error.
2026-05-03 15:41:39 [WARNING] API call failed for /root/autodl-tmp/Show-o/janus-pro-1B/Janus/brushstroke_janus/eval_results/emoart_janus_itfi_layer21_22_23_top100_lam1p0_resumable/t2i_images/01558.png (attempt 1/3): Connection error.
2026-05-03 15:41:42 [WARNING] API call failed for /root/autodl-tmp/Show-o/janus-pro-1B/Janus/brushstroke_janus/eval_results/emoart_janus_itfi_layer21_22_23_top100_lam1p0_resumable/t2i_images/01558.png (attempt 2/3): Connection error.
2026-05-03 15:41:44 [ERROR] API call failed for /root/autodl-tmp/Show-o/janus-pro-1B/Janus/brushstroke_janus/eval_results/emoart_janus_itfi_layer21_22_23_top100_lam1p0_resumable/t2i_images/01558.png after 3 attempts: Connection error.
2026-05-03 15:41:46 [WARNING] API call failed for /root/autodl-tmp/Show-o/janus-pro-1B/Janus/brushstroke_janus/eval_results/emoart_janus_itfi_layer21_22_23_top100_lam1p0_resumable/t2i_images/01559.png (attempt 1/3): Connection error.
2026-05-03 15:41:49 [WARNING] API call failed for /root/autodl-tmp/Show-o/janus-pro-1B/Janus/brushstroke_janus/eval_results/emoart_janus_itfi_layer21_22_23_top100_lam1p0_resumable/t2i_images/01559.png (attempt 2/3): Connection error.
2026-05-03 15:41:51 [ERROR] API call failed for /root/autodl-tmp/Show-o/janus-pro-1B/Janus/brushstroke_janus/eval_results/emoart_janus_itfi_layer21_22_23_top100_lam1p0_resumable/t2i_images/01559.png after 3 attempts: Connection error.
2026-05-03 15:41:53 [WARNING] API call failed for /root/autodl-tmp/Show-o/janus-pro-1B/Janus/brushstroke_janus/eval_results/emoart_janus_itfi_layer21_22_23_top100_lam1p0_resumable/t2i_images/01560.png (attempt 1/3): Connection error.
2026-05-03 15:41:56 [WARNING] API call failed for /root/autodl-tmp/Show-o/janus-pro-1B/Janus/brushstroke_janus/eval_results/emoart_janus_itfi_layer21_22_23_top100_lam1p0_resumable/t2i_images/01560.png (attempt 2/3): Connection error.
2026-05-03 15:41:58 [ERROR] API call failed for /root/autodl-tmp/Show-o/janus-pro-1B/Janus/brushstroke_janus/eval_results/emoart_janus_itfi_layer21_22_23_top100_lam1p0_resumable/t2i_images/01560.png after 3 attempts: Connection error.
2026-05-03 15:42:01 [WARNING] API call failed for /root/autodl-tmp/Show-o/janus-pro-1B/Janus/brushstroke_janus/eval_results/emoart_janus_itfi_layer21_22_23_top100_lam1p0_resumable/t2i_images/01561.png (attempt 1/3): Connection error.
2026-05-03 15:42:03 [WARNING] API call failed for /root/autodl-tmp/Show-o/janus-pro-1B/Janus/brushstroke_janus/eval_results/emoart_janus_itfi_layer21_22_23_top100_lam1p0_resumable/t2i_images/01561.png (attempt 2/3): Connection error.
2026-05-03 15:42:05 [ERROR] API call failed for /root/autodl-tmp/Show-o/janus-pro-1B/Janus/brushstroke_janus/eval_results/emoart_janus_itfi_layer21_22_23_top100_lam1p0_resumable/t2i_images/01561.png after 3 attempts: Connection error.
2026-05-03 15:42:08 [WARNING] API call failed for /root/autodl-tmp/Show-o/janus-pro-1B/Janus/brushstroke_janus/eval_results/emoart_janus_itfi_layer21_22_23_top100_lam1p0_resumable/t2i_images/01562.png (attempt 1/3): Connection error.
2026-05-03 15:42:10 [WARNING] API call failed for /root/autodl-tmp/Show-o/janus-pro-1B/Janus/brushstroke_janus/eval_results/emoart_janus_itfi_layer21_22_23_top100_lam1p0_resumable/t2i_images/01562.png (attempt 2/3): Connection error.
2026-05-03 15:42:12 [ERROR] API call failed for /root/autodl-tmp/Show-o/janus-pro-1B/Janus/brushstroke_janus/eval_results/emoart_janus_itfi_layer21_22_23_top100_lam1p0_resumable/t2i_images/01562.png after 3 attempts: Connection error.
2026-05-03 15:42:15 [WARNING] API call failed for /root/autodl-tmp/Show-o/janus-pro-1B/Janus/brushstroke_janus/eval_results/emoart_janus_itfi_layer21_22_23_top100_lam1p0_resumable/t2i_images/01563.png (attempt 1/3): Connection error.
2026-05-03 15:42:17 [WARNING] API call failed for /root/autodl-tmp/Show-o/janus-pro-1B/Janus/brushstroke_janus/eval_results/emoart_janus_itfi_layer21_22_23_top100_lam1p0_resumable/t2i_images/01563.png (attempt 2/3): Connection error.
2026-05-03 15:42:19 [ERROR] API call failed for /root/autodl-tmp/Show-o/janus-pro-1B/Janus/brushstroke_janus/eval_results/emoart_janus_itfi_layer21_22_23_top100_lam1p0_resumable/t2i_images/01563.png after 3 attempts: Connection error.
2026-05-03 15:42:22 [WARNING] API call failed for /root/autodl-tmp/Show-o/janus-pro-1B/Janus/brushstroke_janus/eval_results/emoart_janus_itfi_layer21_22_23_top100_lam1p0_resumable/t2i_images/01564.png (attempt 1/3): Connection error.
2026-05-03 15:42:24 [WARNING] API call failed for /root/autodl-tmp/Show-o/janus-pro-1B/Janus/brushstroke_janus/eval_results/emoart_janus_itfi_layer21_22_23_top100_lam1p0_resumable/t2i_images/01564.png (attempt 2/3): Connection error.
2026-05-03 15:42:27 [ERROR] API call failed for /root/autodl-tmp/Show-o/janus-pro-1B/Janus/brushstroke_janus/eval_results/emoart_janus_itfi_layer21_22_23_top100_lam1p0_resumable/t2i_images/01564.png after 3 attempts: Connection error.
2026-05-03 15:42:29 [WARNING] API call failed for /root/autodl-tmp/Show-o/janus-pro-1B/Janus/brushstroke_janus/eval_results/emoart_janus_itfi_layer21_22_23_top100_lam1p0_resumable/t2i_images/01565.png (attempt 1/3): Connection error.
2026-05-03 15:42:31 [WARNING] API call failed for /root/autodl-tmp/Show-o/janus-pro-1B/Janus/brushstroke_janus/eval_results/emoart_janus_itfi_layer21_22_23_top100_lam1p0_resumable/t2i_images/01565.png (attempt 2/3): Connection error.
2026-05-03 15:42:34 [ERROR] API call failed for /root/autodl-tmp/Show-o/janus-pro-1B/Janus/brushstroke_janus/eval_results/emoart_janus_itfi_layer21_22_23_top100_lam1p0_resumable/t2i_images/01565.png after 3 attempts: Connection error.
2026-05-03 15:42:36 [WARNING] API call failed for /root/autodl-tmp/Show-o/janus-pro-1B/Janus/brushstroke_janus/eval_results/emoart_janus_itfi_layer21_22_23_top100_lam1p0_resumable/t2i_images/01566.png (attempt 1/3): Connection error.
2026-05-03 15:42:38 [WARNING] API call failed for /root/autodl-tmp/Show-o/janus-pro-1B/Janus/brushstroke_janus/eval_results/emoart_janus_itfi_layer21_22_23_top100_lam1p0_resumable/t2i_images/01566.png (attempt 2/3): Connection error.
2026-05-03 15:42:40 [ERROR] API call failed for /root/autodl-tmp/Show-o/janus-pro-1B/Janus/brushstroke_janus/eval_results/emoart_janus_itfi_layer21_22_23_top100_lam1p0_resumable/t2i_images/01566.png after 3 attempts: Connection error.
2026-05-03 15:42:43 [WARNING] API call failed for /root/autodl-tmp/Show-o/janus-pro-1B/Janus/brushstroke_janus/eval_results/emoart_janus_itfi_layer21_22_23_top100_lam1p0_resumable/t2i_images/01567.png (attempt 1/3): Connection error.
2026-05-03 15:42:45 [WARNING] API call failed for /root/autodl-tmp/Show-o/janus-pro-1B/Janus/brushstroke_janus/eval_results/emoart_janus_itfi_layer21_22_23_top100_lam1p0_resumable/t2i_images/01567.png (attempt 2/3): Connection error.
2026-05-03 15:42:48 [ERROR] API call failed for /root/autodl-tmp/Show-o/janus-pro-1B/Janus/brushstroke_janus/eval_results/emoart_janus_itfi_layer21_22_23_top100_lam1p0_resumable/t2i_images/01567.png after 3 attempts: Connection error.
2026-05-03 15:42:50 [WARNING] API call failed for /root/autodl-tmp/Show-o/janus-pro-1B/Janus/brushstroke_janus/eval_results/emoart_janus_itfi_layer21_22_23_top100_lam1p0_resumable/t2i_images/01568.png (attempt 1/3): Connection error.
2026-05-03 15:42:52 [WARNING] API call failed for /root/autodl-tmp/Show-o/janus-pro-1B/Janus/brushstroke_janus/eval_results/emoart_janus_itfi_layer21_22_23_top100_lam1p0_resumable/t2i_images/01568.png (attempt 2/3): Connection error.
2026-05-03 15:42:55 [ERROR] API call failed for /root/autodl-tmp/Show-o/janus-pro-1B/Janus/brushstroke_janus/eval_results/emoart_janus_itfi_layer21_22_23_top100_lam1p0_resumable/t2i_images/01568.png after 3 attempts: Connection error.
2026-05-03 15:42:57 [WARNING] API call failed for /root/autodl-tmp/Show-o/janus-pro-1B/Janus/brushstroke_janus/eval_results/emoart_janus_itfi_layer21_22_23_top100_lam1p0_resumable/t2i_images/01569.png (attempt 1/3): Connection error.
2026-05-03 15:42:59 [WARNING] API call failed for /root/autodl-tmp/Show-o/janus-pro-1B/Janus/brushstroke_janus/eval_results/emoart_janus_itfi_layer21_22_23_top100_lam1p0_resumable/t2i_images/01569.png (attempt 2/3): Connection error.
2026-05-03 15:43:02 [ERROR] API call failed for /root/autodl-tmp/Show-o/janus-pro-1B/Janus/brushstroke_janus/eval_results/emoart_janus_itfi_layer21_22_23_top100_lam1p0_resumable/t2i_images/01569.png after 3 attempts: Connection error.
2026-05-03 15:43:04 [WARNING] API call failed for /root/autodl-tmp/Show-o/janus-pro-1B/Janus/brushstroke_janus/eval_results/emoart_janus_itfi_layer21_22_23_top100_lam1p0_resumable/t2i_images/01570.png (attempt 1/3): Connection error.
2026-05-03 15:43:06 [WARNING] API call failed for /root/autodl-tmp/Show-o/janus-pro-1B/Janus/brushstroke_janus/eval_results/emoart_janus_itfi_layer21_22_23_top100_lam1p0_resumable/t2i_images/01570.png (attempt 2/3): Connection error.
2026-05-03 15:43:09 [ERROR] API call failed for /root/autodl-tmp/Show-o/janus-pro-1B/Janus/brushstroke_janus/eval_results/emoart_janus_itfi_layer21_22_23_top100_lam1p0_resumable/t2i_images/01570.png after 3 attempts: Connection error.
2026-05-03 15:43:11 [WARNING] API call failed for /root/autodl-tmp/Show-o/janus-pro-1B/Janus/brushstroke_janus/eval_results/emoart_janus_itfi_layer21_22_23_top100_lam1p0_resumable/t2i_images/01571.png (attempt 1/3): Connection error.
2026-05-03 15:43:13 [WARNING] API call failed for /root/autodl-tmp/Show-o/janus-pro-1B/Janus/brushstroke_janus/eval_results/emoart_janus_itfi_layer21_22_23_top100_lam1p0_resumable/t2i_images/01571.png (attempt 2/3): Connection error.
2026-05-03 15:43:16 [ERROR] API call failed for /root/autodl-tmp/Show-o/janus-pro-1B/Janus/brushstroke_janus/eval_results/emoart_janus_itfi_layer21_22_23_top100_lam1p0_resumable/t2i_images/01571.png after 3 attempts: Connection error.
2026-05-03 15:43:18 [WARNING] API call failed for /root/autodl-tmp/Show-o/janus-pro-1B/Janus/brushstroke_janus/eval_results/emoart_janus_itfi_layer21_22_23_top100_lam1p0_resumable/t2i_images/01572.png (attempt 1/3): Connection error.
2026-05-03 15:43:21 [WARNING] API call failed for /root/autodl-tmp/Show-o/janus-pro-1B/Janus/brushstroke_janus/eval_results/emoart_janus_itfi_layer21_22_23_top100_lam1p0_resumable/t2i_images/01572.png (attempt 2/3): Connection error.
2026-05-03 15:43:23 [ERROR] API call failed for /root/autodl-tmp/Show-o/janus-pro-1B/Janus/brushstroke_janus/eval_results/emoart_janus_itfi_layer21_22_23_top100_lam1p0_resumable/t2i_images/01572.png after 3 attempts: Connection error.
2026-05-03 15:43:25 [WARNING] API call failed for /root/autodl-tmp/Show-o/janus-pro-1B/Janus/brushstroke_janus/eval_results/emoart_janus_itfi_layer21_22_23_top100_lam1p0_resumable/t2i_images/01573.png (attempt 1/3): Connection error.
2026-05-03 15:43:28 [WARNING] API call failed for /root/autodl-tmp/Show-o/janus-pro-1B/Janus/brushstroke_janus/eval_results/emoart_janus_itfi_layer21_22_23_top100_lam1p0_resumable/t2i_images/01573.png (attempt 2/3): Connection error.
2026-05-03 15:43:30 [ERROR] API call failed for /root/autodl-tmp/Show-o/janus-pro-1B/Janus/brushstroke_janus/eval_results/emoart_janus_itfi_layer21_22_23_top100_lam1p0_resumable/t2i_images/01573.png after 3 attempts: Connection error.
2026-05-03 15:43:32 [WARNING] API call failed for /root/autodl-tmp/Show-o/janus-pro-1B/Janus/brushstroke_janus/eval_results/emoart_janus_itfi_layer21_22_23_top100_lam1p0_resumable/t2i_images/01574.png (attempt 1/3): Connection error.
2026-05-03 15:43:35 [WARNING] API call failed for /root/autodl-tmp/Show-o/janus-pro-1B/Janus/brushstroke_janus/eval_results/emoart_janus_itfi_layer21_22_23_top100_lam1p0_resumable/t2i_images/01574.png (attempt 2/3): Connection error.
2026-05-03 15:43:37 [ERROR] API call failed for /root/autodl-tmp/Show-o/janus-pro-1B/Janus/brushstroke_janus/eval_results/emoart_janus_itfi_layer21_22_23_top100_lam1p0_resumable/t2i_images/01574.png after 3 attempts: Connection error.
2026-05-03 15:43:39 [WARNING] API call failed for /root/autodl-tmp/Show-o/janus-pro-1B/Janus/brushstroke_janus/eval_results/emoart_janus_itfi_layer21_22_23_top100_lam1p0_resumable/t2i_images/01575.png (attempt 1/3): Connection error.
2026-05-03 15:43:41 [WARNING] API call failed for /root/autodl-tmp/Show-o/janus-pro-1B/Janus/brushstroke_janus/eval_results/emoart_janus_itfi_layer21_22_23_top100_lam1p0_resumable/t2i_images/01575.png (attempt 2/3): Connection error.
2026-05-03 15:43:44 [ERROR] API call failed for /root/autodl-tmp/Show-o/janus-pro-1B/Janus/brushstroke_janus/eval_results/emoart_janus_itfi_layer21_22_23_top100_lam1p0_resumable/t2i_images/01575.png after 3 attempts: Connection error.
2026-05-03 15:43:46 [WARNING] API call failed for /root/autodl-tmp/Show-o/janus-pro-1B/Janus/brushstroke_janus/eval_results/emoart_janus_itfi_layer21_22_23_top100_lam1p0_resumable/t2i_images/01576.png (attempt 1/3): Connection error.
2026-05-03 15:43:49 [WARNING] API call failed for /root/autodl-tmp/Show-o/janus-pro-1B/Janus/brushstroke_janus/eval_results/emoart_janus_itfi_layer21_22_23_top100_lam1p0_resumable/t2i_images/01576.png (attempt 2/3): Connection error.
2026-05-03 15:43:51 [ERROR] API call failed for /root/autodl-tmp/Show-o/janus-pro-1B/Janus/brushstroke_janus/eval_results/emoart_janus_itfi_layer21_22_23_top100_lam1p0_resumable/t2i_images/01576.png after 3 attempts: Connection error.
2026-05-03 15:43:53 [WARNING] API call failed for /root/autodl-tmp/Show-o/janus-pro-1B/Janus/brushstroke_janus/eval_results/emoart_janus_itfi_layer21_22_23_top100_lam1p0_resumable/t2i_images/01577.png (attempt 1/3): Connection error.
2026-05-03 15:43:56 [WARNING] API call failed for /root/autodl-tmp/Show-o/janus-pro-1B/Janus/brushstroke_janus/eval_results/emoart_janus_itfi_layer21_22_23_top100_lam1p0_resumable/t2i_images/01577.png (attempt 2/3): Connection error.
2026-05-03 15:43:58 [ERROR] API call failed for /root/autodl-tmp/Show-o/janus-pro-1B/Janus/brushstroke_janus/eval_results/emoart_janus_itfi_layer21_22_23_top100_lam1p0_resumable/t2i_images/01577.png after 3 attempts: Connection error.
2026-05-03 15:44:01 [WARNING] API call failed for /root/autodl-tmp/Show-o/janus-pro-1B/Janus/brushstroke_janus/eval_results/emoart_janus_itfi_layer21_22_23_top100_lam1p0_resumable/t2i_images/01578.png (attempt 1/3): Connection error.
2026-05-03 15:44:03 [WARNING] API call failed for /root/autodl-tmp/Show-o/janus-pro-1B/Janus/brushstroke_janus/eval_results/emoart_janus_itfi_layer21_22_23_top100_lam1p0_resumable/t2i_images/01578.png (attempt 2/3): Connection error.
2026-05-03 15:44:05 [ERROR] API call failed for /root/autodl-tmp/Show-o/janus-pro-1B/Janus/brushstroke_janus/eval_results/emoart_janus_itfi_layer21_22_23_top100_lam1p0_resumable/t2i_images/01578.png after 3 attempts: Connection error.
2026-05-03 15:44:07 [WARNING] API call failed for /root/autodl-tmp/Show-o/janus-pro-1B/Janus/brushstroke_janus/eval_results/emoart_janus_itfi_layer21_22_23_top100_lam1p0_resumable/t2i_images/01579.png (attempt 1/3): Connection error.
2026-05-03 15:44:10 [WARNING] API call failed for /root/autodl-tmp/Show-o/janus-pro-1B/Janus/brushstroke_janus/eval_results/emoart_janus_itfi_layer21_22_23_top100_lam1p0_resumable/t2i_images/01579.png (attempt 2/3): Connection error.
2026-05-03 15:44:12 [ERROR] API call failed for /root/autodl-tmp/Show-o/janus-pro-1B/Janus/brushstroke_janus/eval_results/emoart_janus_itfi_layer21_22_23_top100_lam1p0_resumable/t2i_images/01579.png after 3 attempts: Connection error.
2026-05-03 15:44:14 [WARNING] API call failed for /root/autodl-tmp/Show-o/janus-pro-1B/Janus/brushstroke_janus/eval_results/emoart_janus_itfi_layer21_22_23_top100_lam1p0_resumable/t2i_images/01580.png (attempt 1/3): Connection error.
2026-05-03 15:44:17 [WARNING] API call failed for /root/autodl-tmp/Show-o/janus-pro-1B/Janus/brushstroke_janus/eval_results/emoart_janus_itfi_layer21_22_23_top100_lam1p0_resumable/t2i_images/01580.png (attempt 2/3): Connection error.
2026-05-03 15:44:19 [ERROR] API call failed for /root/autodl-tmp/Show-o/janus-pro-1B/Janus/brushstroke_janus/eval_results/emoart_janus_itfi_layer21_22_23_top100_lam1p0_resumable/t2i_images/01580.png after 3 attempts: Connection error.
2026-05-03 15:44:22 [WARNING] API call failed for /root/autodl-tmp/Show-o/janus-pro-1B/Janus/brushstroke_janus/eval_results/emoart_janus_itfi_layer21_22_23_top100_lam1p0_resumable/t2i_images/01581.png (attempt 1/3): Connection error.
2026-05-03 15:44:24 [WARNING] API call failed for /root/autodl-tmp/Show-o/janus-pro-1B/Janus/brushstroke_janus/eval_results/emoart_janus_itfi_layer21_22_23_top100_lam1p0_resumable/t2i_images/01581.png (attempt 2/3): Connection error.
2026-05-03 15:44:26 [ERROR] API call failed for /root/autodl-tmp/Show-o/janus-pro-1B/Janus/brushstroke_janus/eval_results/emoart_janus_itfi_layer21_22_23_top100_lam1p0_resumable/t2i_images/01581.png after 3 attempts: Connection error.
2026-05-03 15:44:29 [WARNING] API call failed for /root/autodl-tmp/Show-o/janus-pro-1B/Janus/brushstroke_janus/eval_results/emoart_janus_itfi_layer21_22_23_top100_lam1p0_resumable/t2i_images/01582.png (attempt 1/3): Connection error.
2026-05-03 15:44:31 [WARNING] API call failed for /root/autodl-tmp/Show-o/janus-pro-1B/Janus/brushstroke_janus/eval_results/emoart_janus_itfi_layer21_22_23_top100_lam1p0_resumable/t2i_images/01582.png (attempt 2/3): Connection error.
2026-05-03 15:44:33 [ERROR] API call failed for /root/autodl-tmp/Show-o/janus-pro-1B/Janus/brushstroke_janus/eval_results/emoart_janus_itfi_layer21_22_23_top100_lam1p0_resumable/t2i_images/01582.png after 3 attempts: Connection error.
2026-05-03 15:44:36 [WARNING] API call failed for /root/autodl-tmp/Show-o/janus-pro-1B/Janus/brushstroke_janus/eval_results/emoart_janus_itfi_layer21_22_23_top100_lam1p0_resumable/t2i_images/01583.png (attempt 1/3): Connection error.
2026-05-03 15:44:38 [WARNING] API call failed for /root/autodl-tmp/Show-o/janus-pro-1B/Janus/brushstroke_janus/eval_results/emoart_janus_itfi_layer21_22_23_top100_lam1p0_resumable/t2i_images/01583.png (attempt 2/3): Connection error.
2026-05-03 15:44:40 [ERROR] API call failed for /root/autodl-tmp/Show-o/janus-pro-1B/Janus/brushstroke_janus/eval_results/emoart_janus_itfi_layer21_22_23_top100_lam1p0_resumable/t2i_images/01583.png after 3 attempts: Connection error.
2026-05-03 15:44:42 [WARNING] API call failed for /root/autodl-tmp/Show-o/janus-pro-1B/Janus/brushstroke_janus/eval_results/emoart_janus_itfi_layer21_22_23_top100_lam1p0_resumable/t2i_images/01584.png (attempt 1/3): Connection error.
2026-05-03 15:44:45 [WARNING] API call failed for /root/autodl-tmp/Show-o/janus-pro-1B/Janus/brushstroke_janus/eval_results/emoart_janus_itfi_layer21_22_23_top100_lam1p0_resumable/t2i_images/01584.png (attempt 2/3): Connection error.
2026-05-03 15:44:47 [ERROR] API call failed for /root/autodl-tmp/Show-o/janus-pro-1B/Janus/brushstroke_janus/eval_results/emoart_janus_itfi_layer21_22_23_top100_lam1p0_resumable/t2i_images/01584.png after 3 attempts: Connection error.
2026-05-03 15:44:49 [WARNING] API call failed for /root/autodl-tmp/Show-o/janus-pro-1B/Janus/brushstroke_janus/eval_results/emoart_janus_itfi_layer21_22_23_top100_lam1p0_resumable/t2i_images/01585.png (attempt 1/3): Connection error.
2026-05-03 15:44:52 [WARNING] API call failed for /root/autodl-tmp/Show-o/janus-pro-1B/Janus/brushstroke_janus/eval_results/emoart_janus_itfi_layer21_22_23_top100_lam1p0_resumable/t2i_images/01585.png (attempt 2/3): Connection error.
2026-05-03 15:44:54 [ERROR] API call failed for /root/autodl-tmp/Show-o/janus-pro-1B/Janus/brushstroke_janus/eval_results/emoart_janus_itfi_layer21_22_23_top100_lam1p0_resumable/t2i_images/01585.png after 3 attempts: Connection error.
2026-05-03 15:44:56 [WARNING] API call failed for /root/autodl-tmp/Show-o/janus-pro-1B/Janus/brushstroke_janus/eval_results/emoart_janus_itfi_layer21_22_23_top100_lam1p0_resumable/t2i_images/01586.png (attempt 1/3): Connection error.
2026-05-03 15:44:59 [WARNING] API call failed for /root/autodl-tmp/Show-o/janus-pro-1B/Janus/brushstroke_janus/eval_results/emoart_janus_itfi_layer21_22_23_top100_lam1p0_resumable/t2i_images/01586.png (attempt 2/3): Connection error.
2026-05-03 15:45:01 [ERROR] API call failed for /root/autodl-tmp/Show-o/janus-pro-1B/Janus/brushstroke_janus/eval_results/emoart_janus_itfi_layer21_22_23_top100_lam1p0_resumable/t2i_images/01586.png after 3 attempts: Connection error.
2026-05-03 15:45:03 [WARNING] API call failed for /root/autodl-tmp/Show-o/janus-pro-1B/Janus/brushstroke_janus/eval_results/emoart_janus_itfi_layer21_22_23_top100_lam1p0_resumable/t2i_images/01587.png (attempt 1/3): Connection error.
2026-05-03 15:45:06 [WARNING] API call failed for /root/autodl-tmp/Show-o/janus-pro-1B/Janus/brushstroke_janus/eval_results/emoart_janus_itfi_layer21_22_23_top100_lam1p0_resumable/t2i_images/01587.png (attempt 2/3): Connection error.
2026-05-03 15:45:08 [ERROR] API call failed for /root/autodl-tmp/Show-o/janus-pro-1B/Janus/brushstroke_janus/eval_results/emoart_janus_itfi_layer21_22_23_top100_lam1p0_resumable/t2i_images/01587.png after 3 attempts: Connection error.
2026-05-03 15:45:10 [WARNING] API call failed for /root/autodl-tmp/Show-o/janus-pro-1B/Janus/brushstroke_janus/eval_results/emoart_janus_itfi_layer21_22_23_top100_lam1p0_resumable/t2i_images/01588.png (attempt 1/3): Connection error.
2026-05-03 15:45:12 [WARNING] API call failed for /root/autodl-tmp/Show-o/janus-pro-1B/Janus/brushstroke_janus/eval_results/emoart_janus_itfi_layer21_22_23_top100_lam1p0_resumable/t2i_images/01588.png (attempt 2/3): Connection error.
2026-05-03 15:45:15 [ERROR] API call failed for /root/autodl-tmp/Show-o/janus-pro-1B/Janus/brushstroke_janus/eval_results/emoart_janus_itfi_layer21_22_23_top100_lam1p0_resumable/t2i_images/01588.png after 3 attempts: Connection error.
2026-05-03 15:45:17 [WARNING] API call failed for /root/autodl-tmp/Show-o/janus-pro-1B/Janus/brushstroke_janus/eval_results/emoart_janus_itfi_layer21_22_23_top100_lam1p0_resumable/t2i_images/01589.png (attempt 1/3): Connection error.
2026-05-03 15:45:19 [WARNING] API call failed for /root/autodl-tmp/Show-o/janus-pro-1B/Janus/brushstroke_janus/eval_results/emoart_janus_itfi_layer21_22_23_top100_lam1p0_resumable/t2i_images/01589.png (attempt 2/3): Connection error.
2026-05-03 15:45:22 [ERROR] API call failed for /root/autodl-tmp/Show-o/janus-pro-1B/Janus/brushstroke_janus/eval_results/emoart_janus_itfi_layer21_22_23_top100_lam1p0_resumable/t2i_images/01589.png after 3 attempts: Connection error.
2026-05-03 15:45:24 [WARNING] API call failed for /root/autodl-tmp/Show-o/janus-pro-1B/Janus/brushstroke_janus/eval_results/emoart_janus_itfi_layer21_22_23_top100_lam1p0_resumable/t2i_images/01590.png (attempt 1/3): Connection error.
2026-05-03 15:45:26 [WARNING] API call failed for /root/autodl-tmp/Show-o/janus-pro-1B/Janus/brushstroke_janus/eval_results/emoart_janus_itfi_layer21_22_23_top100_lam1p0_resumable/t2i_images/01590.png (attempt 2/3): Connection error.
2026-05-03 15:45:29 [ERROR] API call failed for /root/autodl-tmp/Show-o/janus-pro-1B/Janus/brushstroke_janus/eval_results/emoart_janus_itfi_layer21_22_23_top100_lam1p0_resumable/t2i_images/01590.png after 3 attempts: Connection error.
2026-05-03 15:45:31 [WARNING] API call failed for /root/autodl-tmp/Show-o/janus-pro-1B/Janus/brushstroke_janus/eval_results/emoart_janus_itfi_layer21_22_23_top100_lam1p0_resumable/t2i_images/01591.png (attempt 1/3): Connection error.
2026-05-03 15:45:33 [WARNING] API call failed for /root/autodl-tmp/Show-o/janus-pro-1B/Janus/brushstroke_janus/eval_results/emoart_janus_itfi_layer21_22_23_top100_lam1p0_resumable/t2i_images/01591.png (attempt 2/3): Connection error.
2026-05-03 15:45:36 [ERROR] API call failed for /root/autodl-tmp/Show-o/janus-pro-1B/Janus/brushstroke_janus/eval_results/emoart_janus_itfi_layer21_22_23_top100_lam1p0_resumable/t2i_images/01591.png after 3 attempts: Connection error.
2026-05-03 15:45:38 [WARNING] API call failed for /root/autodl-tmp/Show-o/janus-pro-1B/Janus/brushstroke_janus/eval_results/emoart_janus_itfi_layer21_22_23_top100_lam1p0_resumable/t2i_images/01592.png (attempt 1/3): Connection error.
2026-05-03 15:45:40 [WARNING] API call failed for /root/autodl-tmp/Show-o/janus-pro-1B/Janus/brushstroke_janus/eval_results/emoart_janus_itfi_layer21_22_23_top100_lam1p0_resumable/t2i_images/01592.png (attempt 2/3): Connection error.
2026-05-03 15:45:43 [ERROR] API call failed for /root/autodl-tmp/Show-o/janus-pro-1B/Janus/brushstroke_janus/eval_results/emoart_janus_itfi_layer21_22_23_top100_lam1p0_resumable/t2i_images/01592.png after 3 attempts: Connection error.
2026-05-03 15:45:45 [WARNING] API call failed for /root/autodl-tmp/Show-o/janus-pro-1B/Janus/brushstroke_janus/eval_results/emoart_janus_itfi_layer21_22_23_top100_lam1p0_resumable/t2i_images/01593.png (attempt 1/3): Connection error.
2026-05-03 15:45:47 [WARNING] API call failed for /root/autodl-tmp/Show-o/janus-pro-1B/Janus/brushstroke_janus/eval_results/emoart_janus_itfi_layer21_22_23_top100_lam1p0_resumable/t2i_images/01593.png (attempt 2/3): Connection error.
2026-05-03 15:45:49 [ERROR] API call failed for /root/autodl-tmp/Show-o/janus-pro-1B/Janus/brushstroke_janus/eval_results/emoart_janus_itfi_layer21_22_23_top100_lam1p0_resumable/t2i_images/01593.png after 3 attempts: Connection error.
2026-05-03 15:45:52 [WARNING] API call failed for /root/autodl-tmp/Show-o/janus-pro-1B/Janus/brushstroke_janus/eval_results/emoart_janus_itfi_layer21_22_23_top100_lam1p0_resumable/t2i_images/01594.png (attempt 1/3): Connection error.
2026-05-03 15:45:54 [WARNING] API call failed for /root/autodl-tmp/Show-o/janus-pro-1B/Janus/brushstroke_janus/eval_results/emoart_janus_itfi_layer21_22_23_top100_lam1p0_resumable/t2i_images/01594.png (attempt 2/3): Connection error.
2026-05-03 15:45:56 [ERROR] API call failed for /root/autodl-tmp/Show-o/janus-pro-1B/Janus/brushstroke_janus/eval_results/emoart_janus_itfi_layer21_22_23_top100_lam1p0_resumable/t2i_images/01594.png after 3 attempts: Connection error.
2026-05-03 15:45:58 [WARNING] API call failed for /root/autodl-tmp/Show-o/janus-pro-1B/Janus/brushstroke_janus/eval_results/emoart_janus_itfi_layer21_22_23_top100_lam1p0_resumable/t2i_images/01595.png (attempt 1/3): Connection error.
2026-05-03 15:46:01 [WARNING] API call failed for /root/autodl-tmp/Show-o/janus-pro-1B/Janus/brushstroke_janus/eval_results/emoart_janus_itfi_layer21_22_23_top100_lam1p0_resumable/t2i_images/01595.png (attempt 2/3): Connection error.
2026-05-03 15:46:03 [ERROR] API call failed for /root/autodl-tmp/Show-o/janus-pro-1B/Janus/brushstroke_janus/eval_results/emoart_janus_itfi_layer21_22_23_top100_lam1p0_resumable/t2i_images/01595.png after 3 attempts: Connection error.
2026-05-03 15:46:05 [WARNING] API call failed for /root/autodl-tmp/Show-o/janus-pro-1B/Janus/brushstroke_janus/eval_results/emoart_janus_itfi_layer21_22_23_top100_lam1p0_resumable/t2i_images/01596.png (attempt 1/3): Connection error.
2026-05-03 15:46:08 [WARNING] API call failed for /root/autodl-tmp/Show-o/janus-pro-1B/Janus/brushstroke_janus/eval_results/emoart_janus_itfi_layer21_22_23_top100_lam1p0_resumable/t2i_images/01596.png (attempt 2/3): Connection error.
2026-05-03 15:46:10 [ERROR] API call failed for /root/autodl-tmp/Show-o/janus-pro-1B/Janus/brushstroke_janus/eval_results/emoart_janus_itfi_layer21_22_23_top100_lam1p0_resumable/t2i_images/01596.png after 3 attempts: Connection error.
2026-05-03 15:46:12 [WARNING] API call failed for /root/autodl-tmp/Show-o/janus-pro-1B/Janus/brushstroke_janus/eval_results/emoart_janus_itfi_layer21_22_23_top100_lam1p0_resumable/t2i_images/01597.png (attempt 1/3): Connection error.
2026-05-03 15:46:15 [WARNING] API call failed for /root/autodl-tmp/Show-o/janus-pro-1B/Janus/brushstroke_janus/eval_results/emoart_janus_itfi_layer21_22_23_top100_lam1p0_resumable/t2i_images/01597.png (attempt 2/3): Connection error.
2026-05-03 15:46:17 [ERROR] API call failed for /root/autodl-tmp/Show-o/janus-pro-1B/Janus/brushstroke_janus/eval_results/emoart_janus_itfi_layer21_22_23_top100_lam1p0_resumable/t2i_images/01597.png after 3 attempts: Connection error.
2026-05-03 15:46:19 [WARNING] API call failed for /root/autodl-tmp/Show-o/janus-pro-1B/Janus/brushstroke_janus/eval_results/emoart_janus_itfi_layer21_22_23_top100_lam1p0_resumable/t2i_images/01598.png (attempt 1/3): Connection error.
2026-05-03 15:46:22 [WARNING] API call failed for /root/autodl-tmp/Show-o/janus-pro-1B/Janus/brushstroke_janus/eval_results/emoart_janus_itfi_layer21_22_23_top100_lam1p0_resumable/t2i_images/01598.png (attempt 2/3): Connection error.
2026-05-03 15:46:24 [ERROR] API call failed for /root/autodl-tmp/Show-o/janus-pro-1B/Janus/brushstroke_janus/eval_results/emoart_janus_itfi_layer21_22_23_top100_lam1p0_resumable/t2i_images/01598.png after 3 attempts: Connection error.
2026-05-03 15:46:26 [WARNING] API call failed for /root/autodl-tmp/Show-o/janus-pro-1B/Janus/brushstroke_janus/eval_results/emoart_janus_itfi_layer21_22_23_top100_lam1p0_resumable/t2i_images/01599.png (attempt 1/3): Connection error.
2026-05-03 15:46:29 [WARNING] API call failed for /root/autodl-tmp/Show-o/janus-pro-1B/Janus/brushstroke_janus/eval_results/emoart_janus_itfi_layer21_22_23_top100_lam1p0_resumable/t2i_images/01599.png (attempt 2/3): Connection error.
2026-05-03 15:46:31 [ERROR] API call failed for /root/autodl-tmp/Show-o/janus-pro-1B/Janus/brushstroke_janus/eval_results/emoart_janus_itfi_layer21_22_23_top100_lam1p0_resumable/t2i_images/01599.png after 3 attempts: Connection error.
2026-05-03 15:46:33 [WARNING] API call failed for /root/autodl-tmp/Show-o/janus-pro-1B/Janus/brushstroke_janus/eval_results/emoart_janus_itfi_layer21_22_23_top100_lam1p0_resumable/t2i_images/01600.png (attempt 1/3): Connection error.
2026-05-03 15:46:36 [WARNING] API call failed for /root/autodl-tmp/Show-o/janus-pro-1B/Janus/brushstroke_janus/eval_results/emoart_janus_itfi_layer21_22_23_top100_lam1p0_resumable/t2i_images/01600.png (attempt 2/3): Connection error.
2026-05-03 15:46:38 [ERROR] API call failed for /root/autodl-tmp/Show-o/janus-pro-1B/Janus/brushstroke_janus/eval_results/emoart_janus_itfi_layer21_22_23_top100_lam1p0_resumable/t2i_images/01600.png after 3 attempts: Connection error.
2026-05-03 15:46:40 [WARNING] API call failed for /root/autodl-tmp/Show-o/janus-pro-1B/Janus/brushstroke_janus/eval_results/emoart_janus_itfi_layer21_22_23_top100_lam1p0_resumable/t2i_images/01601.png (attempt 1/3): Connection error.
2026-05-03 15:46:43 [WARNING] API call failed for /root/autodl-tmp/Show-o/janus-pro-1B/Janus/brushstroke_janus/eval_results/emoart_janus_itfi_layer21_22_23_top100_lam1p0_resumable/t2i_images/01601.png (attempt 2/3): Connection error.
2026-05-03 15:46:45 [ERROR] API call failed for /root/autodl-tmp/Show-o/janus-pro-1B/Janus/brushstroke_janus/eval_results/emoart_janus_itfi_layer21_22_23_top100_lam1p0_resumable/t2i_images/01601.png after 3 attempts: Connection error.
2026-05-03 15:46:47 [WARNING] API call failed for /root/autodl-tmp/Show-o/janus-pro-1B/Janus/brushstroke_janus/eval_results/emoart_janus_itfi_layer21_22_23_top100_lam1p0_resumable/t2i_images/01602.png (attempt 1/3): Connection error.
2026-05-03 15:46:50 [WARNING] API call failed for /root/autodl-tmp/Show-o/janus-pro-1B/Janus/brushstroke_janus/eval_results/emoart_janus_itfi_layer21_22_23_top100_lam1p0_resumable/t2i_images/01602.png (attempt 2/3): Connection error.
2026-05-03 15:46:52 [ERROR] API call failed for /root/autodl-tmp/Show-o/janus-pro-1B/Janus/brushstroke_janus/eval_results/emoart_janus_itfi_layer21_22_23_top100_lam1p0_resumable/t2i_images/01602.png after 3 attempts: Connection error.
2026-05-03 15:46:55 [WARNING] API call failed for /root/autodl-tmp/Show-o/janus-pro-1B/Janus/brushstroke_janus/eval_results/emoart_janus_itfi_layer21_22_23_top100_lam1p0_resumable/t2i_images/01603.png (attempt 1/3): Connection error.
2026-05-03 15:46:57 [WARNING] API call failed for /root/autodl-tmp/Show-o/janus-pro-1B/Janus/brushstroke_janus/eval_results/emoart_janus_itfi_layer21_22_23_top100_lam1p0_resumable/t2i_images/01603.png (attempt 2/3): Connection error.
2026-05-03 15:46:59 [ERROR] API call failed for /root/autodl-tmp/Show-o/janus-pro-1B/Janus/brushstroke_janus/eval_results/emoart_janus_itfi_layer21_22_23_top100_lam1p0_resumable/t2i_images/01603.png after 3 attempts: Connection error.
2026-05-03 15:47:02 [WARNING] API call failed for /root/autodl-tmp/Show-o/janus-pro-1B/Janus/brushstroke_janus/eval_results/emoart_janus_itfi_layer21_22_23_top100_lam1p0_resumable/t2i_images/01604.png (attempt 1/3): Connection error.
2026-05-03 15:47:04 [WARNING] API call failed for /root/autodl-tmp/Show-o/janus-pro-1B/Janus/brushstroke_janus/eval_results/emoart_janus_itfi_layer21_22_23_top100_lam1p0_resumable/t2i_images/01604.png (attempt 2/3): Connection error.
2026-05-03 15:47:06 [ERROR] API call failed for /root/autodl-tmp/Show-o/janus-pro-1B/Janus/brushstroke_janus/eval_results/emoart_janus_itfi_layer21_22_23_top100_lam1p0_resumable/t2i_images/01604.png after 3 attempts: Connection error.
2026-05-03 15:47:08 [WARNING] API call failed for /root/autodl-tmp/Show-o/janus-pro-1B/Janus/brushstroke_janus/eval_results/emoart_janus_itfi_layer21_22_23_top100_lam1p0_resumable/t2i_images/01605.png (attempt 1/3): Connection error.
2026-05-03 15:47:11 [WARNING] API call failed for /root/autodl-tmp/Show-o/janus-pro-1B/Janus/brushstroke_janus/eval_results/emoart_janus_itfi_layer21_22_23_top100_lam1p0_resumable/t2i_images/01605.png (attempt 2/3): Connection error.
2026-05-03 15:47:13 [ERROR] API call failed for /root/autodl-tmp/Show-o/janus-pro-1B/Janus/brushstroke_janus/eval_results/emoart_janus_itfi_layer21_22_23_top100_lam1p0_resumable/t2i_images/01605.png after 3 attempts: Connection error.
2026-05-03 15:47:15 [WARNING] API call failed for /root/autodl-tmp/Show-o/janus-pro-1B/Janus/brushstroke_janus/eval_results/emoart_janus_itfi_layer21_22_23_top100_lam1p0_resumable/t2i_images/01606.png (attempt 1/3): Connection error.
2026-05-03 15:47:18 [WARNING] API call failed for /root/autodl-tmp/Show-o/janus-pro-1B/Janus/brushstroke_janus/eval_results/emoart_janus_itfi_layer21_22_23_top100_lam1p0_resumable/t2i_images/01606.png (attempt 2/3): Connection error.
2026-05-03 15:47:20 [ERROR] API call failed for /root/autodl-tmp/Show-o/janus-pro-1B/Janus/brushstroke_janus/eval_results/emoart_janus_itfi_layer21_22_23_top100_lam1p0_resumable/t2i_images/01606.png after 3 attempts: Connection error.
2026-05-03 15:47:23 [WARNING] API call failed for /root/autodl-tmp/Show-o/janus-pro-1B/Janus/brushstroke_janus/eval_results/emoart_janus_itfi_layer21_22_23_top100_lam1p0_resumable/t2i_images/01607.png (attempt 1/3): Connection error.
2026-05-03 15:47:25 [WARNING] API call failed for /root/autodl-tmp/Show-o/janus-pro-1B/Janus/brushstroke_janus/eval_results/emoart_janus_itfi_layer21_22_23_top100_lam1p0_resumable/t2i_images/01607.png (attempt 2/3): Connection error.
2026-05-03 15:47:27 [ERROR] API call failed for /root/autodl-tmp/Show-o/janus-pro-1B/Janus/brushstroke_janus/eval_results/emoart_janus_itfi_layer21_22_23_top100_lam1p0_resumable/t2i_images/01607.png after 3 attempts: Connection error.
2026-05-03 15:47:30 [WARNING] API call failed for /root/autodl-tmp/Show-o/janus-pro-1B/Janus/brushstroke_janus/eval_results/emoart_janus_itfi_layer21_22_23_top100_lam1p0_resumable/t2i_images/01608.png (attempt 1/3): Connection error.
2026-05-03 15:47:32 [WARNING] API call failed for /root/autodl-tmp/Show-o/janus-pro-1B/Janus/brushstroke_janus/eval_results/emoart_janus_itfi_layer21_22_23_top100_lam1p0_resumable/t2i_images/01608.png (attempt 2/3): Connection error.
2026-05-03 15:47:35 [ERROR] API call failed for /root/autodl-tmp/Show-o/janus-pro-1B/Janus/brushstroke_janus/eval_results/emoart_janus_itfi_layer21_22_23_top100_lam1p0_resumable/t2i_images/01608.png after 3 attempts: Connection error.
2026-05-03 15:47:37 [WARNING] API call failed for /root/autodl-tmp/Show-o/janus-pro-1B/Janus/brushstroke_janus/eval_results/emoart_janus_itfi_layer21_22_23_top100_lam1p0_resumable/t2i_images/01609.png (attempt 1/3): Connection error.
2026-05-03 15:47:39 [WARNING] API call failed for /root/autodl-tmp/Show-o/janus-pro-1B/Janus/brushstroke_janus/eval_results/emoart_janus_itfi_layer21_22_23_top100_lam1p0_resumable/t2i_images/01609.png (attempt 2/3): Connection error.
2026-05-03 15:47:42 [ERROR] API call failed for /root/autodl-tmp/Show-o/janus-pro-1B/Janus/brushstroke_janus/eval_results/emoart_janus_itfi_layer21_22_23_top100_lam1p0_resumable/t2i_images/01609.png after 3 attempts: Connection error.
2026-05-03 15:47:44 [WARNING] API call failed for /root/autodl-tmp/Show-o/janus-pro-1B/Janus/brushstroke_janus/eval_results/emoart_janus_itfi_layer21_22_23_top100_lam1p0_resumable/t2i_images/01610.png (attempt 1/3): Connection error.
2026-05-03 15:47:46 [WARNING] API call failed for /root/autodl-tmp/Show-o/janus-pro-1B/Janus/brushstroke_janus/eval_results/emoart_janus_itfi_layer21_22_23_top100_lam1p0_resumable/t2i_images/01610.png (attempt 2/3): Connection error.
2026-05-03 15:47:49 [ERROR] API call failed for /root/autodl-tmp/Show-o/janus-pro-1B/Janus/brushstroke_janus/eval_results/emoart_janus_itfi_layer21_22_23_top100_lam1p0_resumable/t2i_images/01610.png after 3 attempts: Connection error.
2026-05-03 15:47:51 [WARNING] API call failed for /root/autodl-tmp/Show-o/janus-pro-1B/Janus/brushstroke_janus/eval_results/emoart_janus_itfi_layer21_22_23_top100_lam1p0_resumable/t2i_images/01611.png (attempt 1/3): Connection error.
2026-05-03 15:47:53 [WARNING] API call failed for /root/autodl-tmp/Show-o/janus-pro-1B/Janus/brushstroke_janus/eval_results/emoart_janus_itfi_layer21_22_23_top100_lam1p0_resumable/t2i_images/01611.png (attempt 2/3): Connection error.
2026-05-03 15:47:56 [ERROR] API call failed for /root/autodl-tmp/Show-o/janus-pro-1B/Janus/brushstroke_janus/eval_results/emoart_janus_itfi_layer21_22_23_top100_lam1p0_resumable/t2i_images/01611.png after 3 attempts: Connection error.
2026-05-03 15:47:58 [WARNING] API call failed for /root/autodl-tmp/Show-o/janus-pro-1B/Janus/brushstroke_janus/eval_results/emoart_janus_itfi_layer21_22_23_top100_lam1p0_resumable/t2i_images/01612.png (attempt 1/3): Connection error.
2026-05-03 15:48:01 [WARNING] API call failed for /root/autodl-tmp/Show-o/janus-pro-1B/Janus/brushstroke_janus/eval_results/emoart_janus_itfi_layer21_22_23_top100_lam1p0_resumable/t2i_images/01612.png (attempt 2/3): Connection error.
2026-05-03 15:48:03 [ERROR] API call failed for /root/autodl-tmp/Show-o/janus-pro-1B/Janus/brushstroke_janus/eval_results/emoart_janus_itfi_layer21_22_23_top100_lam1p0_resumable/t2i_images/01612.png after 3 attempts: Connection error.
2026-05-03 15:48:05 [WARNING] API call failed for /root/autodl-tmp/Show-o/janus-pro-1B/Janus/brushstroke_janus/eval_results/emoart_janus_itfi_layer21_22_23_top100_lam1p0_resumable/t2i_images/01613.png (attempt 1/3): Connection error.
2026-05-03 15:48:08 [WARNING] API call failed for /root/autodl-tmp/Show-o/janus-pro-1B/Janus/brushstroke_janus/eval_results/emoart_janus_itfi_layer21_22_23_top100_lam1p0_resumable/t2i_images/01613.png (attempt 2/3): Connection error.
2026-05-03 15:48:10 [ERROR] API call failed for /root/autodl-tmp/Show-o/janus-pro-1B/Janus/brushstroke_janus/eval_results/emoart_janus_itfi_layer21_22_23_top100_lam1p0_resumable/t2i_images/01613.png after 3 attempts: Connection error.
2026-05-03 15:48:12 [WARNING] API call failed for /root/autodl-tmp/Show-o/janus-pro-1B/Janus/brushstroke_janus/eval_results/emoart_janus_itfi_layer21_22_23_top100_lam1p0_resumable/t2i_images/01614.png (attempt 1/3): Connection error.
2026-05-03 15:48:15 [WARNING] API call failed for /root/autodl-tmp/Show-o/janus-pro-1B/Janus/brushstroke_janus/eval_results/emoart_janus_itfi_layer21_22_23_top100_lam1p0_resumable/t2i_images/01614.png (attempt 2/3): Connection error.
2026-05-03 15:48:17 [ERROR] API call failed for /root/autodl-tmp/Show-o/janus-pro-1B/Janus/brushstroke_janus/eval_results/emoart_janus_itfi_layer21_22_23_top100_lam1p0_resumable/t2i_images/01614.png after 3 attempts: Connection error.
2026-05-03 15:48:19 [WARNING] API call failed for /root/autodl-tmp/Show-o/janus-pro-1B/Janus/brushstroke_janus/eval_results/emoart_janus_itfi_layer21_22_23_top100_lam1p0_resumable/t2i_images/01615.png (attempt 1/3): Connection error.
2026-05-03 15:48:22 [WARNING] API call failed for /root/autodl-tmp/Show-o/janus-pro-1B/Janus/brushstroke_janus/eval_results/emoart_janus_itfi_layer21_22_23_top100_lam1p0_resumable/t2i_images/01615.png (attempt 2/3): Connection error.
2026-05-03 15:48:24 [ERROR] API call failed for /root/autodl-tmp/Show-o/janus-pro-1B/Janus/brushstroke_janus/eval_results/emoart_janus_itfi_layer21_22_23_top100_lam1p0_resumable/t2i_images/01615.png after 3 attempts: Connection error.
2026-05-03 15:48:26 [WARNING] API call failed for /root/autodl-tmp/Show-o/janus-pro-1B/Janus/brushstroke_janus/eval_results/emoart_janus_itfi_layer21_22_23_top100_lam1p0_resumable/t2i_images/01616.png (attempt 1/3): Connection error.
2026-05-03 15:48:29 [WARNING] API call failed for /root/autodl-tmp/Show-o/janus-pro-1B/Janus/brushstroke_janus/eval_results/emoart_janus_itfi_layer21_22_23_top100_lam1p0_resumable/t2i_images/01616.png (attempt 2/3): Connection error.
2026-05-03 15:48:31 [ERROR] API call failed for /root/autodl-tmp/Show-o/janus-pro-1B/Janus/brushstroke_janus/eval_results/emoart_janus_itfi_layer21_22_23_top100_lam1p0_resumable/t2i_images/01616.png after 3 attempts: Connection error.
2026-05-03 15:48:33 [WARNING] API call failed for /root/autodl-tmp/Show-o/janus-pro-1B/Janus/brushstroke_janus/eval_results/emoart_janus_itfi_layer21_22_23_top100_lam1p0_resumable/t2i_images/01617.png (attempt 1/3): Connection error.
2026-05-03 15:48:36 [WARNING] API call failed for /root/autodl-tmp/Show-o/janus-pro-1B/Janus/brushstroke_janus/eval_results/emoart_janus_itfi_layer21_22_23_top100_lam1p0_resumable/t2i_images/01617.png (attempt 2/3): Connection error.
2026-05-03 15:48:38 [ERROR] API call failed for /root/autodl-tmp/Show-o/janus-pro-1B/Janus/brushstroke_janus/eval_results/emoart_janus_itfi_layer21_22_23_top100_lam1p0_resumable/t2i_images/01617.png after 3 attempts: Connection error.
2026-05-03 15:48:40 [WARNING] API call failed for /root/autodl-tmp/Show-o/janus-pro-1B/Janus/brushstroke_janus/eval_results/emoart_janus_itfi_layer21_22_23_top100_lam1p0_resumable/t2i_images/01618.png (attempt 1/3): Connection error.
2026-05-03 15:48:43 [WARNING] API call failed for /root/autodl-tmp/Show-o/janus-pro-1B/Janus/brushstroke_janus/eval_results/emoart_janus_itfi_layer21_22_23_top100_lam1p0_resumable/t2i_images/01618.png (attempt 2/3): Connection error.
2026-05-03 15:48:45 [ERROR] API call failed for /root/autodl-tmp/Show-o/janus-pro-1B/Janus/brushstroke_janus/eval_results/emoart_janus_itfi_layer21_22_23_top100_lam1p0_resumable/t2i_images/01618.png after 3 attempts: Connection error.
2026-05-03 15:48:47 [WARNING] API call failed for /root/autodl-tmp/Show-o/janus-pro-1B/Janus/brushstroke_janus/eval_results/emoart_janus_itfi_layer21_22_23_top100_lam1p0_resumable/t2i_images/01619.png (attempt 1/3): Connection error.
2026-05-03 15:48:50 [WARNING] API call failed for /root/autodl-tmp/Show-o/janus-pro-1B/Janus/brushstroke_janus/eval_results/emoart_janus_itfi_layer21_22_23_top100_lam1p0_resumable/t2i_images/01619.png (attempt 2/3): Connection error.
2026-05-03 15:48:52 [ERROR] API call failed for /root/autodl-tmp/Show-o/janus-pro-1B/Janus/brushstroke_janus/eval_results/emoart_janus_itfi_layer21_22_23_top100_lam1p0_resumable/t2i_images/01619.png after 3 attempts: Connection error.
2026-05-03 15:48:54 [WARNING] API call failed for /root/autodl-tmp/Show-o/janus-pro-1B/Janus/brushstroke_janus/eval_results/emoart_janus_itfi_layer21_22_23_top100_lam1p0_resumable/t2i_images/01620.png (attempt 1/3): Connection error.
2026-05-03 15:48:57 [WARNING] API call failed for /root/autodl-tmp/Show-o/janus-pro-1B/Janus/brushstroke_janus/eval_results/emoart_janus_itfi_layer21_22_23_top100_lam1p0_resumable/t2i_images/01620.png (attempt 2/3): Connection error.
2026-05-03 15:48:59 [ERROR] API call failed for /root/autodl-tmp/Show-o/janus-pro-1B/Janus/brushstroke_janus/eval_results/emoart_janus_itfi_layer21_22_23_top100_lam1p0_resumable/t2i_images/01620.png after 3 attempts: Connection error.
2026-05-03 15:49:01 [WARNING] API call failed for /root/autodl-tmp/Show-o/janus-pro-1B/Janus/brushstroke_janus/eval_results/emoart_janus_itfi_layer21_22_23_top100_lam1p0_resumable/t2i_images/01621.png (attempt 1/3): Connection error.
2026-05-03 15:49:03 [WARNING] API call failed for /root/autodl-tmp/Show-o/janus-pro-1B/Janus/brushstroke_janus/eval_results/emoart_janus_itfi_layer21_22_23_top100_lam1p0_resumable/t2i_images/01621.png (attempt 2/3): Connection error.
2026-05-03 15:49:06 [ERROR] API call failed for /root/autodl-tmp/Show-o/janus-pro-1B/Janus/brushstroke_janus/eval_results/emoart_janus_itfi_layer21_22_23_top100_lam1p0_resumable/t2i_images/01621.png after 3 attempts: Connection error.
2026-05-03 15:49:08 [WARNING] API call failed for /root/autodl-tmp/Show-o/janus-pro-1B/Janus/brushstroke_janus/eval_results/emoart_janus_itfi_layer21_22_23_top100_lam1p0_resumable/t2i_images/01622.png (attempt 1/3): Connection error.
2026-05-03 15:49:11 [WARNING] API call failed for /root/autodl-tmp/Show-o/janus-pro-1B/Janus/brushstroke_janus/eval_results/emoart_janus_itfi_layer21_22_23_top100_lam1p0_resumable/t2i_images/01622.png (attempt 2/3): Connection error.
2026-05-03 15:49:13 [ERROR] API call failed for /root/autodl-tmp/Show-o/janus-pro-1B/Janus/brushstroke_janus/eval_results/emoart_janus_itfi_layer21_22_23_top100_lam1p0_resumable/t2i_images/01622.png after 3 attempts: Connection error.
2026-05-03 15:49:15 [WARNING] API call failed for /root/autodl-tmp/Show-o/janus-pro-1B/Janus/brushstroke_janus/eval_results/emoart_janus_itfi_layer21_22_23_top100_lam1p0_resumable/t2i_images/01623.png (attempt 1/3): Connection error.
2026-05-03 15:49:18 [WARNING] API call failed for /root/autodl-tmp/Show-o/janus-pro-1B/Janus/brushstroke_janus/eval_results/emoart_janus_itfi_layer21_22_23_top100_lam1p0_resumable/t2i_images/01623.png (attempt 2/3): Connection error.
2026-05-03 15:49:20 [ERROR] API call failed for /root/autodl-tmp/Show-o/janus-pro-1B/Janus/brushstroke_janus/eval_results/emoart_janus_itfi_layer21_22_23_top100_lam1p0_resumable/t2i_images/01623.png after 3 attempts: Connection error.
2026-05-03 15:49:22 [WARNING] API call failed for /root/autodl-tmp/Show-o/janus-pro-1B/Janus/brushstroke_janus/eval_results/emoart_janus_itfi_layer21_22_23_top100_lam1p0_resumable/t2i_images/01624.png (attempt 1/3): Connection error.
2026-05-03 15:49:25 [WARNING] API call failed for /root/autodl-tmp/Show-o/janus-pro-1B/Janus/brushstroke_janus/eval_results/emoart_janus_itfi_layer21_22_23_top100_lam1p0_resumable/t2i_images/01624.png (attempt 2/3): Connection error.
2026-05-03 15:49:27 [ERROR] API call failed for /root/autodl-tmp/Show-o/janus-pro-1B/Janus/brushstroke_janus/eval_results/emoart_janus_itfi_layer21_22_23_top100_lam1p0_resumable/t2i_images/01624.png after 3 attempts: Connection error.
2026-05-03 15:49:30 [WARNING] API call failed for /root/autodl-tmp/Show-o/janus-pro-1B/Janus/brushstroke_janus/eval_results/emoart_janus_itfi_layer21_22_23_top100_lam1p0_resumable/t2i_images/01625.png (attempt 1/3): Connection error.
2026-05-03 15:49:32 [WARNING] API call failed for /root/autodl-tmp/Show-o/janus-pro-1B/Janus/brushstroke_janus/eval_results/emoart_janus_itfi_layer21_22_23_top100_lam1p0_resumable/t2i_images/01625.png (attempt 2/3): Connection error.
2026-05-03 15:49:34 [ERROR] API call failed for /root/autodl-tmp/Show-o/janus-pro-1B/Janus/brushstroke_janus/eval_results/emoart_janus_itfi_layer21_22_23_top100_lam1p0_resumable/t2i_images/01625.png after 3 attempts: Connection error.
Processing image 426/674... 01411.png
Processing image 427/674... 01412.png
Processing image 428/674... 01413.png
Processing image 429/674... 01414.png
Processing image 430/674... 01415.png
Processing image 431/674... 01416.png
Processing image 432/674... 01417.png
Processing image 433/674... 01418.png
Processing image 434/674... 01419.png
Processing image 435/674... 01420.png
Processing image 436/674... 01421.png
Processing image 437/674... 01422.png
Processing image 438/674... 01423.png
Processing image 439/674... 01424.png
Processing image 440/674... 01425.png
Processing image 441/674... 01426.png
Processing image 442/674... 01427.png
Processing image 443/674... 01428.png
Processing image 444/674... 01429.png
Processing image 445/674... 01430.png
Processing image 446/674... 01431.png
Processing image 447/674... 01432.png
Processing image 448/674... 01433.png
Processing image 449/674... 01434.png
Processing image 450/674... 01435.png
Processing image 451/674... 01436.png
Processing image 452/674... 01437.png
Processing image 453/674... 01438.png
Processing image 454/674... 01439.png
Processing image 455/674... 01440.png
Processing image 456/674... 01441.png
Processing image 457/674... 01442.png
Processing image 458/674... 01443.png
Processing image 459/674... 01444.png
Processing image 460/674... 01445.png
Processing image 461/674... 01446.png
Processing image 462/674... 01447.png
Processing image 463/674... 01448.png
Processing image 464/674... 01449.png
Processing image 465/674... 01450.png
Processing image 466/674... 01451.png
Processing image 467/674... 01452.png
Processing image 468/674... 01453.png
Processing image 469/674... 01454.png
Processing image 470/674... 01455.png
Processing image 471/674... 01456.png
Processing image 472/674... 01457.png
Processing image 473/674... 01458.png
Processing image 474/674... 01459.png
Processing image 475/674... 01460.png
Processing image 476/674... 01461.png
Processing image 477/674... 01462.png
Processing image 478/674... 01463.png
Processing image 479/674... 01464.png
Processing image 480/674... 01465.png
Processing image 481/674... 01466.png
Processing image 482/674... 01467.png
Processing image 483/674... 01468.png
Processing image 484/674... 01469.png
Processing image 485/674... 01470.png
Processing image 486/674... 01471.png
Processing image 487/674... 01472.png
Processing image 488/674... 01473.png
Processing image 489/674... 01474.png
Processing image 490/674... 01475.png
Processing image 491/674... 01476.png
Processing image 492/674... 01477.png
Processing image 493/674... 01478.png
Processing image 494/674... 01479.png
Processing image 495/674... 01480.png
Processing image 496/674... 01481.png
Processing image 497/674... 01482.png
Processing image 498/674... 01483.png
Processing image 499/674... 01484.png
Processing image 500/674... 01485.png
Processing image 501/674... 01486.png
Processing image 502/674... 01487.png
Processing image 503/674... 01488.png
Processing image 504/674... 01489.png
Processing image 505/674... 01490.png
Processing image 506/674... 01491.png
Processing image 507/674... 01492.png
Processing image 508/674... 01493.png
Processing image 509/674... 01494.png
Processing image 510/674... 01495.png
Processing image 511/674... 01496.png
Processing image 512/674... 01497.png
Processing image 513/674... 01498.png
Processing image 514/674... 01499.png
Processing image 515/674... 01500.png
Processing image 516/674... 01501.png
Processing image 517/674... 01502.png
Processing image 518/674... 01503.png
Processing image 519/674... 01504.png
Processing image 520/674... 01505.png
Processing image 521/674... 01506.png
Processing image 522/674... 01507.png
Processing image 523/674... 01508.png
Processing image 524/674... 01509.png
Processing image 525/674... 01510.png
Processing image 526/674... 01511.png
Processing image 527/674... 01512.png
Processing image 528/674... 01513.png
Processing image 529/674... 01514.png
Processing image 530/674... 01515.png
Processing image 531/674... 01516.png
Processing image 532/674... 01517.png
Processing image 533/674... 01518.png
Processing image 534/674... 01519.png
Processing image 535/674... 01520.png
Processing image 536/674... 01521.png
Processing image 537/674... 01522.png
Processing image 538/674... 01523.png
Processing image 539/674... 01524.png
Processing image 540/674... 01525.png
Processing image 541/674... 01526.png
Processing image 542/674... 01527.png
Processing image 543/674... 01528.png
Processing image 544/674... 01529.png
Processing image 545/674... 01530.png
Processing image 546/674... 01531.png
Processing image 547/674... 01532.png
Processing image 548/674... 01533.png
Processing image 549/674... 01534.png
Processing image 550/674... 01535.png
Processing image 551/674... 01536.png
Processing image 552/674... 01537.png
Processing image 553/674... 01538.png
Processing image 554/674... 01539.png
Processing image 555/674... 01540.png
Processing image 556/674... 01541.png
Processing image 557/674... 01542.png
Processing image 558/674... 01543.png
Processing image 559/674... 01544.png
Processing image 560/674... 01545.png
Processing image 561/674... 01546.png
Processing image 562/674... 01547.png
Processing image 563/674... 01548.png
Processing image 564/674... 01549.png
Processing image 565/674... 01550.png
Processing image 566/674... 01551.png
Processing image 567/674... 01552.png
Processing image 568/674... 01553.png
Processing image 569/674... 01554.png
Processing image 570/674... 01555.png
Processing image 571/674... 01556.png
Processing image 572/674... 01557.png
Processing image 573/674... 01558.png
Processing image 574/674... 01559.png
Processing image 575/674... 01560.png
Processing image 576/674... 01561.png
Processing image 577/674... 01562.png
Processing image 578/674... 01563.png
Processing image 579/674... 01564.png
Processing image 580/674... 01565.png
Processing image 581/674... 01566.png
Processing image 582/674... 01567.png
Processing image 583/674... 01568.png
Processing image 584/674... 01569.png
Processing image 585/674... 01570.png
Processing image 586/674... 01571.png
Processing image 587/674... 01572.png
Processing image 588/674... 01573.png
Processing image 589/674... 01574.png
Processing image 590/674... 01575.png
Processing image 591/674... 01576.png
Processing image 592/674... 01577.png
Processing image 593/674... 01578.png
Processing image 594/674... 01579.png
Processing image 595/674... 01580.png
Processing image 596/674... 01581.png
Processing image 597/674... 01582.png
Processing image 598/674... 01583.png
Processing image 599/674... 01584.png
Processing image 600/674... 01585.png
Processing image 601/674... 01586.png
Processing image 602/674... 01587.png
Processing image 603/674... 01588.png
Processing image 604/674... 01589.png
Processing image 605/674... 01590.png
Processing image 606/674... 01591.png
Processing image 607/674... 01592.png
Processing image 608/674... 01593.png
Processing image 609/674... 01594.png
Processing image 610/674... 01595.png
Processing image 611/674... 01596.png
Processing image 612/674... 01597.png
Processing image 613/674... 01598.png
Processing image 614/674... 01599.png
Processing image 615/674... 01600.png
Processing image 616/674... 01601.png
Processing image 617/674... 01602.png
Processing image 618/674... 01603.png
Processing image 619/674... 01604.png
Processing image 620/674... 01605.png
Processing image 621/674... 01606.png
Processing image 622/674... 01607.png
Processing image 623/674... 01608.png
Processing image 624/674... 01609.png
Processing image 625/674... 01610.png
Processing image 626/674... 01611.png
Processing image 627/674... 01612.png
Processing image 628/674... 01613.png
Processing image 629/674... 01614.png
Processing image 630/674... 01615.png
Processing image 631/674... 01616.png
Processing image 632/674... 01617.png
Processing image 633/674... 01618.png
Processing image 634/674... 01619.png
Processing image 635/674... 01620.png
Processing image 636/674... 01621.png
Processing image 637/674... 01622.png
Processing image 638/674... 01623.png
Processing image 639/674... 01624.png
Processing image 640/674... 01625.png
2026-05-03 15:49:36 [WARNING] API call failed for /root/autodl-tmp/Show-o/janus-pro-1B/Janus/brushstroke_janus/eval_results/emoart_janus_itfi_layer21_22_23_top100_lam1p0_resumable/t2i_images/01626.png (attempt 1/3): Connection error.
2026-05-03 15:49:39 [WARNING] API call failed for /root/autodl-tmp/Show-o/janus-pro-1B/Janus/brushstroke_janus/eval_results/emoart_janus_itfi_layer21_22_23_top100_lam1p0_resumable/t2i_images/01626.png (attempt 2/3): Connection error.
2026-05-03 15:49:41 [ERROR] API call failed for /root/autodl-tmp/Show-o/janus-pro-1B/Janus/brushstroke_janus/eval_results/emoart_janus_itfi_layer21_22_23_top100_lam1p0_resumable/t2i_images/01626.png after 3 attempts: Connection error.
2026-05-03 15:49:44 [WARNING] API call failed for /root/autodl-tmp/Show-o/janus-pro-1B/Janus/brushstroke_janus/eval_results/emoart_janus_itfi_layer21_22_23_top100_lam1p0_resumable/t2i_images/01627.png (attempt 1/3): Connection error.
2026-05-03 15:49:46 [WARNING] API call failed for /root/autodl-tmp/Show-o/janus-pro-1B/Janus/brushstroke_janus/eval_results/emoart_janus_itfi_layer21_22_23_top100_lam1p0_resumable/t2i_images/01627.png (attempt 2/3): Connection error.
2026-05-03 15:49:48 [ERROR] API call failed for /root/autodl-tmp/Show-o/janus-pro-1B/Janus/brushstroke_janus/eval_results/emoart_janus_itfi_layer21_22_23_top100_lam1p0_resumable/t2i_images/01627.png after 3 attempts: Connection error.
2026-05-03 15:49:51 [WARNING] API call failed for /root/autodl-tmp/Show-o/janus-pro-1B/Janus/brushstroke_janus/eval_results/emoart_janus_itfi_layer21_22_23_top100_lam1p0_resumable/t2i_images/01628.png (attempt 1/3): Connection error.
2026-05-03 15:49:53 [WARNING] API call failed for /root/autodl-tmp/Show-o/janus-pro-1B/Janus/brushstroke_janus/eval_results/emoart_janus_itfi_layer21_22_23_top100_lam1p0_resumable/t2i_images/01628.png (attempt 2/3): Connection error.
2026-05-03 15:49:55 [ERROR] API call failed for /root/autodl-tmp/Show-o/janus-pro-1B/Janus/brushstroke_janus/eval_results/emoart_janus_itfi_layer21_22_23_top100_lam1p0_resumable/t2i_images/01628.png after 3 attempts: Connection error.
2026-05-03 15:49:57 [WARNING] API call failed for /root/autodl-tmp/Show-o/janus-pro-1B/Janus/brushstroke_janus/eval_results/emoart_janus_itfi_layer21_22_23_top100_lam1p0_resumable/t2i_images/01629.png (attempt 1/3): Connection error.
2026-05-03 15:50:00 [WARNING] API call failed for /root/autodl-tmp/Show-o/janus-pro-1B/Janus/brushstroke_janus/eval_results/emoart_janus_itfi_layer21_22_23_top100_lam1p0_resumable/t2i_images/01629.png (attempt 2/3): Connection error.
2026-05-03 15:50:02 [ERROR] API call failed for /root/autodl-tmp/Show-o/janus-pro-1B/Janus/brushstroke_janus/eval_results/emoart_janus_itfi_layer21_22_23_top100_lam1p0_resumable/t2i_images/01629.png after 3 attempts: Connection error.
2026-05-03 15:50:04 [WARNING] API call failed for /root/autodl-tmp/Show-o/janus-pro-1B/Janus/brushstroke_janus/eval_results/emoart_janus_itfi_layer21_22_23_top100_lam1p0_resumable/t2i_images/01630.png (attempt 1/3): Connection error.
2026-05-03 15:50:06 [WARNING] API call failed for /root/autodl-tmp/Show-o/janus-pro-1B/Janus/brushstroke_janus/eval_results/emoart_janus_itfi_layer21_22_23_top100_lam1p0_resumable/t2i_images/01630.png (attempt 2/3): Connection error.
2026-05-03 15:50:09 [ERROR] API call failed for /root/autodl-tmp/Show-o/janus-pro-1B/Janus/brushstroke_janus/eval_results/emoart_janus_itfi_layer21_22_23_top100_lam1p0_resumable/t2i_images/01630.png after 3 attempts: Connection error.
2026-05-03 15:50:11 [WARNING] API call failed for /root/autodl-tmp/Show-o/janus-pro-1B/Janus/brushstroke_janus/eval_results/emoart_janus_itfi_layer21_22_23_top100_lam1p0_resumable/t2i_images/01631.png (attempt 1/3): Connection error.
2026-05-03 15:50:13 [WARNING] API call failed for /root/autodl-tmp/Show-o/janus-pro-1B/Janus/brushstroke_janus/eval_results/emoart_janus_itfi_layer21_22_23_top100_lam1p0_resumable/t2i_images/01631.png (attempt 2/3): Connection error.
2026-05-03 15:50:15 [ERROR] API call failed for /root/autodl-tmp/Show-o/janus-pro-1B/Janus/brushstroke_janus/eval_results/emoart_janus_itfi_layer21_22_23_top100_lam1p0_resumable/t2i_images/01631.png after 3 attempts: Connection error.
2026-05-03 15:50:18 [WARNING] API call failed for /root/autodl-tmp/Show-o/janus-pro-1B/Janus/brushstroke_janus/eval_results/emoart_janus_itfi_layer21_22_23_top100_lam1p0_resumable/t2i_images/01632.png (attempt 1/3): Connection error.
2026-05-03 15:50:20 [WARNING] API call failed for /root/autodl-tmp/Show-o/janus-pro-1B/Janus/brushstroke_janus/eval_results/emoart_janus_itfi_layer21_22_23_top100_lam1p0_resumable/t2i_images/01632.png (attempt 2/3): Connection error.
2026-05-03 15:50:23 [ERROR] API call failed for /root/autodl-tmp/Show-o/janus-pro-1B/Janus/brushstroke_janus/eval_results/emoart_janus_itfi_layer21_22_23_top100_lam1p0_resumable/t2i_images/01632.png after 3 attempts: Connection error.
2026-05-03 15:50:25 [WARNING] API call failed for /root/autodl-tmp/Show-o/janus-pro-1B/Janus/brushstroke_janus/eval_results/emoart_janus_itfi_layer21_22_23_top100_lam1p0_resumable/t2i_images/01633.png (attempt 1/3): Connection error.
2026-05-03 15:50:27 [WARNING] API call failed for /root/autodl-tmp/Show-o/janus-pro-1B/Janus/brushstroke_janus/eval_results/emoart_janus_itfi_layer21_22_23_top100_lam1p0_resumable/t2i_images/01633.png (attempt 2/3): Connection error.
2026-05-03 15:50:30 [ERROR] API call failed for /root/autodl-tmp/Show-o/janus-pro-1B/Janus/brushstroke_janus/eval_results/emoart_janus_itfi_layer21_22_23_top100_lam1p0_resumable/t2i_images/01633.png after 3 attempts: Connection error.
2026-05-03 15:50:32 [WARNING] API call failed for /root/autodl-tmp/Show-o/janus-pro-1B/Janus/brushstroke_janus/eval_results/emoart_janus_itfi_layer21_22_23_top100_lam1p0_resumable/t2i_images/01634.png (attempt 1/3): Connection error.
2026-05-03 15:50:35 [WARNING] API call failed for /root/autodl-tmp/Show-o/janus-pro-1B/Janus/brushstroke_janus/eval_results/emoart_janus_itfi_layer21_22_23_top100_lam1p0_resumable/t2i_images/01634.png (attempt 2/3): Connection error.
2026-05-03 15:50:37 [ERROR] API call failed for /root/autodl-tmp/Show-o/janus-pro-1B/Janus/brushstroke_janus/eval_results/emoart_janus_itfi_layer21_22_23_top100_lam1p0_resumable/t2i_images/01634.png after 3 attempts: Connection error.
2026-05-03 15:50:39 [WARNING] API call failed for /root/autodl-tmp/Show-o/janus-pro-1B/Janus/brushstroke_janus/eval_results/emoart_janus_itfi_layer21_22_23_top100_lam1p0_resumable/t2i_images/01635.png (attempt 1/3): Connection error.
2026-05-03 15:50:42 [WARNING] API call failed for /root/autodl-tmp/Show-o/janus-pro-1B/Janus/brushstroke_janus/eval_results/emoart_janus_itfi_layer21_22_23_top100_lam1p0_resumable/t2i_images/01635.png (attempt 2/3): Connection error.
2026-05-03 15:50:44 [ERROR] API call failed for /root/autodl-tmp/Show-o/janus-pro-1B/Janus/brushstroke_janus/eval_results/emoart_janus_itfi_layer21_22_23_top100_lam1p0_resumable/t2i_images/01635.png after 3 attempts: Connection error.
2026-05-03 15:50:47 [WARNING] API call failed for /root/autodl-tmp/Show-o/janus-pro-1B/Janus/brushstroke_janus/eval_results/emoart_janus_itfi_layer21_22_23_top100_lam1p0_resumable/t2i_images/01636.png (attempt 1/3): Connection error.
2026-05-03 15:50:49 [WARNING] API call failed for /root/autodl-tmp/Show-o/janus-pro-1B/Janus/brushstroke_janus/eval_results/emoart_janus_itfi_layer21_22_23_top100_lam1p0_resumable/t2i_images/01636.png (attempt 2/3): Connection error.
2026-05-03 15:50:51 [ERROR] API call failed for /root/autodl-tmp/Show-o/janus-pro-1B/Janus/brushstroke_janus/eval_results/emoart_janus_itfi_layer21_22_23_top100_lam1p0_resumable/t2i_images/01636.png after 3 attempts: Connection error.
2026-05-03 15:50:53 [WARNING] API call failed for /root/autodl-tmp/Show-o/janus-pro-1B/Janus/brushstroke_janus/eval_results/emoart_janus_itfi_layer21_22_23_top100_lam1p0_resumable/t2i_images/01637.png (attempt 1/3): Connection error.
2026-05-03 15:50:56 [WARNING] API call failed for /root/autodl-tmp/Show-o/janus-pro-1B/Janus/brushstroke_janus/eval_results/emoart_janus_itfi_layer21_22_23_top100_lam1p0_resumable/t2i_images/01637.png (attempt 2/3): Connection error.
2026-05-03 15:50:58 [ERROR] API call failed for /root/autodl-tmp/Show-o/janus-pro-1B/Janus/brushstroke_janus/eval_results/emoart_janus_itfi_layer21_22_23_top100_lam1p0_resumable/t2i_images/01637.png after 3 attempts: Connection error.
2026-05-03 15:51:00 [WARNING] API call failed for /root/autodl-tmp/Show-o/janus-pro-1B/Janus/brushstroke_janus/eval_results/emoart_janus_itfi_layer21_22_23_top100_lam1p0_resumable/t2i_images/01638.png (attempt 1/3): Connection error.
2026-05-03 15:51:03 [WARNING] API call failed for /root/autodl-tmp/Show-o/janus-pro-1B/Janus/brushstroke_janus/eval_results/emoart_janus_itfi_layer21_22_23_top100_lam1p0_resumable/t2i_images/01638.png (attempt 2/3): Connection error.
2026-05-03 15:51:05 [ERROR] API call failed for /root/autodl-tmp/Show-o/janus-pro-1B/Janus/brushstroke_janus/eval_results/emoart_janus_itfi_layer21_22_23_top100_lam1p0_resumable/t2i_images/01638.png after 3 attempts: Connection error.
2026-05-03 15:51:07 [WARNING] API call failed for /root/autodl-tmp/Show-o/janus-pro-1B/Janus/brushstroke_janus/eval_results/emoart_janus_itfi_layer21_22_23_top100_lam1p0_resumable/t2i_images/01639.png (attempt 1/3): Connection error.
2026-05-03 15:51:10 [WARNING] API call failed for /root/autodl-tmp/Show-o/janus-pro-1B/Janus/brushstroke_janus/eval_results/emoart_janus_itfi_layer21_22_23_top100_lam1p0_resumable/t2i_images/01639.png (attempt 2/3): Connection error.
2026-05-03 15:51:12 [ERROR] API call failed for /root/autodl-tmp/Show-o/janus-pro-1B/Janus/brushstroke_janus/eval_results/emoart_janus_itfi_layer21_22_23_top100_lam1p0_resumable/t2i_images/01639.png after 3 attempts: Connection error.
2026-05-03 15:51:14 [WARNING] API call failed for /root/autodl-tmp/Show-o/janus-pro-1B/Janus/brushstroke_janus/eval_results/emoart_janus_itfi_layer21_22_23_top100_lam1p0_resumable/t2i_images/01640.png (attempt 1/3): Connection error.
2026-05-03 15:51:17 [WARNING] API call failed for /root/autodl-tmp/Show-o/janus-pro-1B/Janus/brushstroke_janus/eval_results/emoart_janus_itfi_layer21_22_23_top100_lam1p0_resumable/t2i_images/01640.png (attempt 2/3): Connection error.
2026-05-03 15:51:19 [ERROR] API call failed for /root/autodl-tmp/Show-o/janus-pro-1B/Janus/brushstroke_janus/eval_results/emoart_janus_itfi_layer21_22_23_top100_lam1p0_resumable/t2i_images/01640.png after 3 attempts: Connection error.
2026-05-03 15:51:22 [WARNING] API call failed for /root/autodl-tmp/Show-o/janus-pro-1B/Janus/brushstroke_janus/eval_results/emoart_janus_itfi_layer21_22_23_top100_lam1p0_resumable/t2i_images/01641.png (attempt 1/3): Connection error.
2026-05-03 15:51:24 [WARNING] API call failed for /root/autodl-tmp/Show-o/janus-pro-1B/Janus/brushstroke_janus/eval_results/emoart_janus_itfi_layer21_22_23_top100_lam1p0_resumable/t2i_images/01641.png (attempt 2/3): Connection error.
2026-05-03 15:51:26 [ERROR] API call failed for /root/autodl-tmp/Show-o/janus-pro-1B/Janus/brushstroke_janus/eval_results/emoart_janus_itfi_layer21_22_23_top100_lam1p0_resumable/t2i_images/01641.png after 3 attempts: Connection error.
2026-05-03 15:51:28 [WARNING] API call failed for /root/autodl-tmp/Show-o/janus-pro-1B/Janus/brushstroke_janus/eval_results/emoart_janus_itfi_layer21_22_23_top100_lam1p0_resumable/t2i_images/01642.png (attempt 1/3): Connection error.
2026-05-03 15:51:31 [WARNING] API call failed for /root/autodl-tmp/Show-o/janus-pro-1B/Janus/brushstroke_janus/eval_results/emoart_janus_itfi_layer21_22_23_top100_lam1p0_resumable/t2i_images/01642.png (attempt 2/3): Connection error.
2026-05-03 15:51:33 [ERROR] API call failed for /root/autodl-tmp/Show-o/janus-pro-1B/Janus/brushstroke_janus/eval_results/emoart_janus_itfi_layer21_22_23_top100_lam1p0_resumable/t2i_images/01642.png after 3 attempts: Connection error.
2026-05-03 15:51:35 [WARNING] API call failed for /root/autodl-tmp/Show-o/janus-pro-1B/Janus/brushstroke_janus/eval_results/emoart_janus_itfi_layer21_22_23_top100_lam1p0_resumable/t2i_images/01643.png (attempt 1/3): Connection error.
2026-05-03 15:51:38 [WARNING] API call failed for /root/autodl-tmp/Show-o/janus-pro-1B/Janus/brushstroke_janus/eval_results/emoart_janus_itfi_layer21_22_23_top100_lam1p0_resumable/t2i_images/01643.png (attempt 2/3): Connection error.
2026-05-03 15:51:40 [ERROR] API call failed for /root/autodl-tmp/Show-o/janus-pro-1B/Janus/brushstroke_janus/eval_results/emoart_janus_itfi_layer21_22_23_top100_lam1p0_resumable/t2i_images/01643.png after 3 attempts: Connection error.
2026-05-03 15:51:42 [WARNING] API call failed for /root/autodl-tmp/Show-o/janus-pro-1B/Janus/brushstroke_janus/eval_results/emoart_janus_itfi_layer21_22_23_top100_lam1p0_resumable/t2i_images/01644.png (attempt 1/3): Connection error.
2026-05-03 15:51:45 [WARNING] API call failed for /root/autodl-tmp/Show-o/janus-pro-1B/Janus/brushstroke_janus/eval_results/emoart_janus_itfi_layer21_22_23_top100_lam1p0_resumable/t2i_images/01644.png (attempt 2/3): Connection error.
2026-05-03 15:51:47 [ERROR] API call failed for /root/autodl-tmp/Show-o/janus-pro-1B/Janus/brushstroke_janus/eval_results/emoart_janus_itfi_layer21_22_23_top100_lam1p0_resumable/t2i_images/01644.png after 3 attempts: Connection error.
2026-05-03 15:51:49 [WARNING] API call failed for /root/autodl-tmp/Show-o/janus-pro-1B/Janus/brushstroke_janus/eval_results/emoart_janus_itfi_layer21_22_23_top100_lam1p0_resumable/t2i_images/01645.png (attempt 1/3): Connection error.
2026-05-03 15:51:52 [WARNING] API call failed for /root/autodl-tmp/Show-o/janus-pro-1B/Janus/brushstroke_janus/eval_results/emoart_janus_itfi_layer21_22_23_top100_lam1p0_resumable/t2i_images/01645.png (attempt 2/3): Connection error.
2026-05-03 15:51:54 [ERROR] API call failed for /root/autodl-tmp/Show-o/janus-pro-1B/Janus/brushstroke_janus/eval_results/emoart_janus_itfi_layer21_22_23_top100_lam1p0_resumable/t2i_images/01645.png after 3 attempts: Connection error.
2026-05-03 15:51:57 [WARNING] API call failed for /root/autodl-tmp/Show-o/janus-pro-1B/Janus/brushstroke_janus/eval_results/emoart_janus_itfi_layer21_22_23_top100_lam1p0_resumable/t2i_images/01646.png (attempt 1/3): Connection error.
2026-05-03 15:51:59 [WARNING] API call failed for /root/autodl-tmp/Show-o/janus-pro-1B/Janus/brushstroke_janus/eval_results/emoart_janus_itfi_layer21_22_23_top100_lam1p0_resumable/t2i_images/01646.png (attempt 2/3): Connection error.
2026-05-03 15:52:01 [ERROR] API call failed for /root/autodl-tmp/Show-o/janus-pro-1B/Janus/brushstroke_janus/eval_results/emoart_janus_itfi_layer21_22_23_top100_lam1p0_resumable/t2i_images/01646.png after 3 attempts: Connection error.
2026-05-03 15:52:04 [WARNING] API call failed for /root/autodl-tmp/Show-o/janus-pro-1B/Janus/brushstroke_janus/eval_results/emoart_janus_itfi_layer21_22_23_top100_lam1p0_resumable/t2i_images/01647.png (attempt 1/3): Connection error.
2026-05-03 15:52:06 [WARNING] API call failed for /root/autodl-tmp/Show-o/janus-pro-1B/Janus/brushstroke_janus/eval_results/emoart_janus_itfi_layer21_22_23_top100_lam1p0_resumable/t2i_images/01647.png (attempt 2/3): Connection error.
2026-05-03 15:52:08 [ERROR] API call failed for /root/autodl-tmp/Show-o/janus-pro-1B/Janus/brushstroke_janus/eval_results/emoart_janus_itfi_layer21_22_23_top100_lam1p0_resumable/t2i_images/01647.png after 3 attempts: Connection error.
2026-05-03 15:52:11 [WARNING] API call failed for /root/autodl-tmp/Show-o/janus-pro-1B/Janus/brushstroke_janus/eval_results/emoart_janus_itfi_layer21_22_23_top100_lam1p0_resumable/t2i_images/01648.png (attempt 1/3): Connection error.
2026-05-03 15:52:13 [WARNING] API call failed for /root/autodl-tmp/Show-o/janus-pro-1B/Janus/brushstroke_janus/eval_results/emoart_janus_itfi_layer21_22_23_top100_lam1p0_resumable/t2i_images/01648.png (attempt 2/3): Connection error.
2026-05-03 15:52:15 [ERROR] API call failed for /root/autodl-tmp/Show-o/janus-pro-1B/Janus/brushstroke_janus/eval_results/emoart_janus_itfi_layer21_22_23_top100_lam1p0_resumable/t2i_images/01648.png after 3 attempts: Connection error.
2026-05-03 15:52:17 [WARNING] API call failed for /root/autodl-tmp/Show-o/janus-pro-1B/Janus/brushstroke_janus/eval_results/emoart_janus_itfi_layer21_22_23_top100_lam1p0_resumable/t2i_images/01649.png (attempt 1/3): Connection error.
2026-05-03 15:52:20 [WARNING] API call failed for /root/autodl-tmp/Show-o/janus-pro-1B/Janus/brushstroke_janus/eval_results/emoart_janus_itfi_layer21_22_23_top100_lam1p0_resumable/t2i_images/01649.png (attempt 2/3): Connection error.
2026-05-03 15:52:22 [ERROR] API call failed for /root/autodl-tmp/Show-o/janus-pro-1B/Janus/brushstroke_janus/eval_results/emoart_janus_itfi_layer21_22_23_top100_lam1p0_resumable/t2i_images/01649.png after 3 attempts: Connection error.
2026-05-03 15:52:25 [WARNING] API call failed for /root/autodl-tmp/Show-o/janus-pro-1B/Janus/brushstroke_janus/eval_results/emoart_janus_itfi_layer21_22_23_top100_lam1p0_resumable/t2i_images/01650.png (attempt 1/3): Connection error.
2026-05-03 15:52:27 [WARNING] API call failed for /root/autodl-tmp/Show-o/janus-pro-1B/Janus/brushstroke_janus/eval_results/emoart_janus_itfi_layer21_22_23_top100_lam1p0_resumable/t2i_images/01650.png (attempt 2/3): Connection error.
2026-05-03 15:52:29 [ERROR] API call failed for /root/autodl-tmp/Show-o/janus-pro-1B/Janus/brushstroke_janus/eval_results/emoart_janus_itfi_layer21_22_23_top100_lam1p0_resumable/t2i_images/01650.png after 3 attempts: Connection error.
2026-05-03 15:52:32 [WARNING] API call failed for /root/autodl-tmp/Show-o/janus-pro-1B/Janus/brushstroke_janus/eval_results/emoart_janus_itfi_layer21_22_23_top100_lam1p0_resumable/t2i_images/01651.png (attempt 1/3): Connection error.
2026-05-03 15:52:34 [WARNING] API call failed for /root/autodl-tmp/Show-o/janus-pro-1B/Janus/brushstroke_janus/eval_results/emoart_janus_itfi_layer21_22_23_top100_lam1p0_resumable/t2i_images/01651.png (attempt 2/3): Connection error.
2026-05-03 15:52:36 [ERROR] API call failed for /root/autodl-tmp/Show-o/janus-pro-1B/Janus/brushstroke_janus/eval_results/emoart_janus_itfi_layer21_22_23_top100_lam1p0_resumable/t2i_images/01651.png after 3 attempts: Connection error.
2026-05-03 15:52:39 [WARNING] API call failed for /root/autodl-tmp/Show-o/janus-pro-1B/Janus/brushstroke_janus/eval_results/emoart_janus_itfi_layer21_22_23_top100_lam1p0_resumable/t2i_images/01652.png (attempt 1/3): Connection error.
2026-05-03 15:52:41 [WARNING] API call failed for /root/autodl-tmp/Show-o/janus-pro-1B/Janus/brushstroke_janus/eval_results/emoart_janus_itfi_layer21_22_23_top100_lam1p0_resumable/t2i_images/01652.png (attempt 2/3): Connection error.
2026-05-03 15:52:44 [ERROR] API call failed for /root/autodl-tmp/Show-o/janus-pro-1B/Janus/brushstroke_janus/eval_results/emoart_janus_itfi_layer21_22_23_top100_lam1p0_resumable/t2i_images/01652.png after 3 attempts: Connection error.
2026-05-03 15:52:46 [WARNING] API call failed for /root/autodl-tmp/Show-o/janus-pro-1B/Janus/brushstroke_janus/eval_results/emoart_janus_itfi_layer21_22_23_top100_lam1p0_resumable/t2i_images/01653.png (attempt 1/3): Connection error.
2026-05-03 15:52:48 [WARNING] API call failed for /root/autodl-tmp/Show-o/janus-pro-1B/Janus/brushstroke_janus/eval_results/emoart_janus_itfi_layer21_22_23_top100_lam1p0_resumable/t2i_images/01653.png (attempt 2/3): Connection error.
2026-05-03 15:52:50 [ERROR] API call failed for /root/autodl-tmp/Show-o/janus-pro-1B/Janus/brushstroke_janus/eval_results/emoart_janus_itfi_layer21_22_23_top100_lam1p0_resumable/t2i_images/01653.png after 3 attempts: Connection error.
2026-05-03 15:52:53 [WARNING] API call failed for /root/autodl-tmp/Show-o/janus-pro-1B/Janus/brushstroke_janus/eval_results/emoart_janus_itfi_layer21_22_23_top100_lam1p0_resumable/t2i_images/01654.png (attempt 1/3): Connection error.
2026-05-03 15:52:55 [WARNING] API call failed for /root/autodl-tmp/Show-o/janus-pro-1B/Janus/brushstroke_janus/eval_results/emoart_janus_itfi_layer21_22_23_top100_lam1p0_resumable/t2i_images/01654.png (attempt 2/3): Connection error.
2026-05-03 15:52:57 [ERROR] API call failed for /root/autodl-tmp/Show-o/janus-pro-1B/Janus/brushstroke_janus/eval_results/emoart_janus_itfi_layer21_22_23_top100_lam1p0_resumable/t2i_images/01654.png after 3 attempts: Connection error.
2026-05-03 15:53:00 [WARNING] API call failed for /root/autodl-tmp/Show-o/janus-pro-1B/Janus/brushstroke_janus/eval_results/emoart_janus_itfi_layer21_22_23_top100_lam1p0_resumable/t2i_images/01655.png (attempt 1/3): Connection error.
2026-05-03 15:53:02 [WARNING] API call failed for /root/autodl-tmp/Show-o/janus-pro-1B/Janus/brushstroke_janus/eval_results/emoart_janus_itfi_layer21_22_23_top100_lam1p0_resumable/t2i_images/01655.png (attempt 2/3): Connection error.
2026-05-03 15:53:04 [ERROR] API call failed for /root/autodl-tmp/Show-o/janus-pro-1B/Janus/brushstroke_janus/eval_results/emoart_janus_itfi_layer21_22_23_top100_lam1p0_resumable/t2i_images/01655.png after 3 attempts: Connection error.
2026-05-03 15:53:07 [WARNING] API call failed for /root/autodl-tmp/Show-o/janus-pro-1B/Janus/brushstroke_janus/eval_results/emoart_janus_itfi_layer21_22_23_top100_lam1p0_resumable/t2i_images/01656.png (attempt 1/3): Connection error.
2026-05-03 15:53:09 [WARNING] API call failed for /root/autodl-tmp/Show-o/janus-pro-1B/Janus/brushstroke_janus/eval_results/emoart_janus_itfi_layer21_22_23_top100_lam1p0_resumable/t2i_images/01656.png (attempt 2/3): Connection error.
2026-05-03 15:53:11 [ERROR] API call failed for /root/autodl-tmp/Show-o/janus-pro-1B/Janus/brushstroke_janus/eval_results/emoart_janus_itfi_layer21_22_23_top100_lam1p0_resumable/t2i_images/01656.png after 3 attempts: Connection error.
2026-05-03 15:53:13 [WARNING] API call failed for /root/autodl-tmp/Show-o/janus-pro-1B/Janus/brushstroke_janus/eval_results/emoart_janus_itfi_layer21_22_23_top100_lam1p0_resumable/t2i_images/01657.png (attempt 1/3): Connection error.
2026-05-03 15:53:16 [WARNING] API call failed for /root/autodl-tmp/Show-o/janus-pro-1B/Janus/brushstroke_janus/eval_results/emoart_janus_itfi_layer21_22_23_top100_lam1p0_resumable/t2i_images/01657.png (attempt 2/3): Connection error.
2026-05-03 15:53:18 [ERROR] API call failed for /root/autodl-tmp/Show-o/janus-pro-1B/Janus/brushstroke_janus/eval_results/emoart_janus_itfi_layer21_22_23_top100_lam1p0_resumable/t2i_images/01657.png after 3 attempts: Connection error.
2026-05-03 15:53:21 [WARNING] API call failed for /root/autodl-tmp/Show-o/janus-pro-1B/Janus/brushstroke_janus/eval_results/emoart_janus_itfi_layer21_22_23_top100_lam1p0_resumable/t2i_images/01658.png (attempt 1/3): Connection error.
2026-05-03 15:53:23 [WARNING] API call failed for /root/autodl-tmp/Show-o/janus-pro-1B/Janus/brushstroke_janus/eval_results/emoart_janus_itfi_layer21_22_23_top100_lam1p0_resumable/t2i_images/01658.png (attempt 2/3): Connection error.
2026-05-03 15:53:25 [ERROR] API call failed for /root/autodl-tmp/Show-o/janus-pro-1B/Janus/brushstroke_janus/eval_results/emoart_janus_itfi_layer21_22_23_top100_lam1p0_resumable/t2i_images/01658.png after 3 attempts: Connection error.
2026-05-03 15:53:28 [WARNING] API call failed for /root/autodl-tmp/Show-o/janus-pro-1B/Janus/brushstroke_janus/eval_results/emoart_janus_itfi_layer21_22_23_top100_lam1p0_resumable/t2i_images/01659.png (attempt 1/3): Connection error.
2026-05-03 15:53:30 [WARNING] API call failed for /root/autodl-tmp/Show-o/janus-pro-1B/Janus/brushstroke_janus/eval_results/emoart_janus_itfi_layer21_22_23_top100_lam1p0_resumable/t2i_images/01659.png (attempt 2/3): Connection error.
2026-05-03 15:53:32 [ERROR] API call failed for /root/autodl-tmp/Show-o/janus-pro-1B/Janus/brushstroke_janus/eval_results/emoart_janus_itfi_layer21_22_23_top100_lam1p0_resumable/t2i_images/01659.png after 3 attempts: Connection error.
Processing image 641/674... 01626.png
Processing image 642/674... 01627.png
Processing image 643/674... 01628.png
Processing image 644/674... 01629.png
Processing image 645/674... 01630.png
Processing image 646/674... 01631.png
Processing image 647/674... 01632.png
Processing image 648/674... 01633.png
Processing image 649/674... 01634.png
Processing image 650/674... 01635.png
Processing image 651/674... 01636.png
Processing image 652/674... 01637.png
Processing image 653/674... 01638.png
Processing image 654/674... 01639.png
Processing image 655/674... 01640.png
Processing image 656/674... 01641.png
Processing image 657/674... 01642.png
Processing image 658/674... 01643.png
Processing image 659/674... 01644.png
Processing image 660/674... 01645.png
Processing image 661/674... 01646.png
Processing image 662/674... 01647.png
Processing image 663/674... 01648.png
Processing image 664/674... 01649.png
Processing image 665/674... 01650.png
Processing image 666/674... 01651.png
Processing image 667/674... 01652.png
Processing image 668/674... 01653.png
Processing image 669/674... 01654.png
Processing image 670/674... 01655.png
Processing image 671/674... 01656.png
Processing image 672/674... 01657.png
Processing image 673/674... 01658.png
Processing image 674/674... 01659.png
Newly processed image result(s): 0
Total saved image result(s): 986
Saved JSON results to: /root/autodl-tmp/Show-o/janus-pro-1B/Janus/Score/results/results_janus_itfi_layer21_22_23_top100_lam1p0_resumable.json
Saved CSV results to: /root/autodl-tmp/Show-o/janus-pro-1B/Janus/Score/results/results_janus_itfi_layer21_22_23_top100_lam1p0_resumable.csv
Error log path: /root/autodl-tmp/Show-o/janus-pro-1B/Janus/Score/logs/results_janus_itfi_layer21_22_23_top100_lam1p0_resumable.log
Converted 986 row(s).
Input CSV: Score/results/results_janus_itfi_layer21_22_23_top100_lam1p0_resumable.csv
Output CSV: Score/results/results_janus_itfi_layer21_22_23_top100_lam1p0_resumable_numeric.csv
